#ifndef SPLASH_H
#define SPLASH_H

#define SPLASH_WIDTH  320
#define SPLASH_HEIGHT 170

const uint16_t splash_image[SPLASH_WIDTH * SPLASH_HEIGHT] PROGMEM = {
 0x0000, 0x0000, 0x0000, 0x0000, 0x0000, 0x0000, 0x0000, 0x0000, 0x0000, 0x0000, 0x0000, 0x0000,
  0x0000, 0x0000, 0x0000, 0x0000, 0x0000, 0x0000, 0x0000, 0x0000, 0x0000, 0x0000, 0x0000, 0x0000,
  0x0000, 0x0000, 0x0000, 0x0000, 0x0000, 0x0000, 0x0000, 0x0000, 0x0000, 0x0000, 0x0000, 0x0000,
  0x0000, 0x0000, 0x0000, 0x0000, 0x0000, 0x0000, 0x0000, 0x0000, 0x0000, 0x0000, 0x0000, 0x0000,
  0x0000, 0x0000, 0x0000, 0x0000, 0x0000, 0x0000, 0x0000, 0x0000, 0x0000, 0x0000, 0x0000, 0x0000,
  0x0000, 0x0000, 0x0000, 0x0000, 0x0000, 0x0000, 0x0000, 0x0000, 0x0000, 0x0000, 0x0000, 0x0000,
  0x0000, 0x0000, 0x0000, 0x0000, 0x0000, 0x0000, 0x0000, 0x0000, 0x0000, 0x0000, 0x0000, 0x0000,
  0x0000, 0x0000, 0x0000, 0x0000, 0x0000, 0x0000, 0x0000, 0x0000, 0x0000, 0x0000, 0x0000, 0x0000,
  0x0000, 0x0000, 0x0000, 0x0000, 0x0000, 0x0000, 0x0000, 0x0000, 0x0000, 0x0000, 0x0000, 0x0000,
  0x0000, 0x0000, 0x0000, 0x0000, 0x0000, 0x0000, 0x0000, 0x0000, 0x0000, 0x0000, 0x0000, 0x0000,
  0x0000, 0x0000, 0x0000, 0x0000, 0x0000, 0x0000, 0x0000, 0x0000, 0x0000, 0x0000, 0x0000, 0x0000,
  0x0000, 0x0000, 0x0000, 0x0000, 0x0000, 0x0000, 0x0000, 0x0000, 0x0000, 0x0000, 0x0000, 0x0000,
  0x0000, 0x0000, 0x0000, 0x0000, 0x0000, 0x0000, 0x0000, 0x0000, 0x0000, 0x0000, 0x0000, 0x0000,
  0x0000, 0x0000, 0x0000, 0x0000, 0x0000, 0x0000, 0x0000, 0x0000, 0x0000, 0x0000, 0x0000, 0x0000,
  0x0000, 0x0000, 0x0000, 0x0000, 0x0000, 0x0000, 0x0000, 0x0000, 0x0000, 0x0000, 0x0000, 0x0000,
  0x0000, 0x0000, 0x0000, 0x0000, 0x0000, 0x0000, 0x0000, 0x0000, 0x0000, 0x0000, 0x0000, 0x0000,
  0x0000, 0x0000, 0x0000, 0x0000, 0x0000, 0x0000, 0x0000, 0x0000, 0x0000, 0x0000, 0x0000, 0x0000,
  0x0000, 0x0000, 0x0000, 0x0000, 0x0000, 0x0000, 0x0000, 0x0000, 0x0000, 0x0000, 0x0000, 0x0000,
  0x0000, 0x0000, 0x0000, 0x0000, 0x0000, 0x0000, 0x0000, 0x0000, 0x0000, 0x0000, 0x0000, 0x0000,
  0x0000, 0x0000, 0x0000, 0x0000, 0x0000, 0x0000, 0x0000, 0x0000, 0x0000, 0x0000, 0x0000, 0x0000,
  0x0000, 0x0000, 0x0000, 0x0000, 0x0000, 0x0000, 0x0000, 0x0000, 0x0000, 0x0000, 0x0000, 0x0000,
  0x0000, 0x0000, 0x0000, 0x0000, 0x0000, 0x0000, 0x0000, 0x0000, 0x0000, 0x0000, 0x0000, 0x0000,
  0x0000, 0x0000, 0x0000, 0x0000, 0x0000, 0x0000, 0x0000, 0x0000, 0x0000, 0x0000, 0x0000, 0x0000,
  0x0000, 0x0000, 0x0000, 0x0000, 0x0000, 0x0000, 0x0000, 0x0000, 0x0000, 0x0000, 0x0000, 0x0000,
  0x0000, 0x0000, 0x0000, 0x0000, 0x0000, 0x0000, 0x0000, 0x0000, 0x0000, 0x0000, 0x0000, 0x0000,
  0x0000, 0x0000, 0x0000, 0x0000, 0x0000, 0x0000, 0x0000, 0x0000, 0x0000, 0x0000, 0x0000, 0x0000,
  0x0000, 0x0000, 0x0000, 0x0000, 0x0000, 0x0000, 0x0000, 0x0000, 0x0000, 0x0000, 0x0000, 0x0000,
  0x0000, 0x0000, 0x0000, 0x0000, 0x0000, 0x0000, 0x0000, 0x0000, 0x0000, 0x0000, 0x0000, 0x0000,
  0x0000, 0x0000, 0x0000, 0x0000, 0x0000, 0x0000, 0x0000, 0x0000, 0x0000, 0x0000, 0x0000, 0x0000,
  0x0000, 0x0000, 0x0000, 0x0000, 0x0000, 0x0000, 0x0000, 0x0000, 0x0000, 0x0000, 0x0000, 0x0000,
  0x0000, 0x0000, 0x0000, 0x0000, 0x0000, 0x0000, 0x0000, 0x0000, 0x0000, 0x0000, 0x0000, 0x0000,
  0x0000, 0x0000, 0x0000, 0x0000, 0x0000, 0x0000, 0x0000, 0x0000, 0x0000, 0x0000, 0x0000, 0x0000,
  0x0000, 0x0000, 0x0000, 0x0000, 0x0000, 0x0000, 0x0000, 0x0000, 0x0000, 0x0000, 0x0000, 0x0000,
  0x0000, 0x0000, 0x0000, 0x0000, 0x0000, 0x0000, 0x0000, 0x0000, 0x0000, 0x0000, 0x0000, 0x0000,
  0x0000, 0x0000, 0x0000, 0x0000, 0x0000, 0x0000, 0x0000, 0x0000, 0x0000, 0x0000, 0x0000, 0x0000,
  0x0000, 0x0000, 0x0000, 0x0000, 0x0000, 0x0000, 0x0000, 0x0000, 0x0000, 0x0000, 0x0000, 0x0000,
  0x0000, 0x0000, 0x0000, 0x0000, 0x0000, 0x0000, 0x0000, 0x0000, 0x0000, 0x0000, 0x0000, 0x0000,
  0x0000, 0x0000, 0x0000, 0x0000, 0x0000, 0x0000, 0x0000, 0x0000, 0x0000, 0x0000, 0x0000, 0x0000,
  0x0000, 0x0000, 0x0000, 0x0000, 0x0000, 0x0000, 0x0000, 0x0000, 0x0000, 0x0000, 0x0000, 0x0000,
  0x0000, 0x0000, 0x0000, 0x0000, 0x0000, 0x0000, 0x0000, 0x0000, 0x0000, 0x0000, 0x0000, 0x0000,
  0x0000, 0x0000, 0x0000, 0x0000, 0x0000, 0x0000, 0x0000, 0x0000, 0x0000, 0x0000, 0x0000, 0x0000,
  0x0000, 0x0000, 0x0000, 0x0000, 0x0000, 0x0000, 0x0000, 0x0000, 0x0000, 0x0000, 0x0000, 0x0000,
  0x0000, 0x0000, 0x0000, 0x0000, 0x0000, 0x0000, 0x0000, 0x0000, 0x0000, 0x0000, 0x0000, 0x0000,
  0x0000, 0x0000, 0x0000, 0x0000, 0x0000, 0x0000, 0x0000, 0x0000, 0x0000, 0x0000, 0x0000, 0x0000,
  0x0000, 0x0000, 0x0000, 0x0000, 0x0000, 0x0000, 0x0000, 0x0000, 0x0000, 0x0000, 0x0000, 0x0000,
  0x0000, 0x0000, 0x0000, 0x0000, 0x0000, 0x0000, 0x0000, 0x0000, 0x0000, 0x0000, 0x0000, 0x0000,
  0x0000, 0x0000, 0x0000, 0x0000, 0x0000, 0x0000, 0x0000, 0x0000, 0x0000, 0x0000, 0x0000, 0x0000,
  0x0000, 0x0000, 0x0000, 0x0000, 0x0000, 0x0000, 0x0000, 0x0000, 0x0000, 0x0000, 0x0000, 0x0000,
  0x0000, 0x0000, 0x0000, 0x0000, 0x0000, 0x0000, 0x0000, 0x0000, 0x0000, 0x0000, 0x0000, 0x0000,
  0x0000, 0x0000, 0x0000, 0x0000, 0x0000, 0x0000, 0x0000, 0x0000, 0x0000, 0x0000, 0x0000, 0x0000,
  0x0000, 0x0000, 0x0000, 0x0000, 0x0000, 0x0000, 0x0000, 0x0000, 0x0000, 0x0000, 0x0000, 0x0000,
  0x0000, 0x0000, 0x0000, 0x0000, 0x0000, 0x0000, 0x0000, 0x0000, 0x0000, 0x0000, 0x0000, 0x0000,
  0x0000, 0x0000, 0x0000, 0x0000, 0x0000, 0x0000, 0x0000, 0x0000, 0x0000, 0x0000, 0x0000, 0x0000,
  0x0000, 0x0000, 0x0000, 0x0000, 0x0000, 0x0000, 0x0000, 0x0000, 0x0000, 0x0000, 0x0000, 0x0000,
  0x0000, 0x0000, 0x0000, 0x0000, 0x0000, 0x0000, 0x0000, 0x0000, 0x0000, 0x0000, 0x0000, 0x0000,
  0x0000, 0x0000, 0x0000, 0x0000, 0x0000, 0x0000, 0x0000, 0x0000, 0x0000, 0x0000, 0x0000, 0x0000,
  0x0000, 0x0000, 0x0000, 0x0000, 0x0000, 0x0000, 0x0000, 0x0000, 0x0000, 0x0000, 0x0000, 0x0000,
  0x0000, 0x0000, 0x0000, 0x0000, 0x0000, 0x0000, 0x0000, 0x0000, 0x0000, 0x0000, 0x0000, 0x0000,
  0x0000, 0x0000, 0x0000, 0x0000, 0x0000, 0x0000, 0x0000, 0x0000, 0x0000, 0x0000, 0x0000, 0x0000,
  0x0000, 0x0000, 0x0000, 0x0000, 0x0000, 0x0000, 0x0000, 0x0000, 0x0000, 0x0000, 0x0000, 0x0000,
  0x0000, 0x0000, 0x0000, 0x0000, 0x0000, 0x0000, 0x0000, 0x0000, 0x0000, 0x0000, 0x0000, 0x0000,
  0x0000, 0x0000, 0x0000, 0x0000, 0x0000, 0x0000, 0x0000, 0x0000, 0x0000, 0x0000, 0x0000, 0x0000,
  0x0000, 0x0000, 0x0000, 0x0000, 0x0000, 0x0000, 0x0000, 0x0000, 0x0000, 0x0000, 0x0000, 0x0000,
  0x0000, 0x0000, 0x0000, 0x0000, 0x0000, 0x0000, 0x0000, 0x0000, 0x0000, 0x0000, 0x0000, 0x0000,
  0x0000, 0x0000, 0x0000, 0x0000, 0x0000, 0x0000, 0x0000, 0x0000, 0x0000, 0x0000, 0x0000, 0x0000,
  0x0000, 0x0000, 0x0000, 0x0000, 0x0000, 0x0000, 0x0000, 0x0000, 0x0000, 0x0000, 0x0000, 0x0000,
  0x0000, 0x0000, 0x0000, 0x0000, 0x0000, 0x0000, 0x0000, 0x0000, 0x0000, 0x0000, 0x0000, 0x0000,
  0x0000, 0x0000, 0x0000, 0x0000, 0x0000, 0x0000, 0x0000, 0x0000, 0x0000, 0x0000, 0x0000, 0x0000,
  0x0000, 0x0000, 0x0000, 0x0000, 0x0000, 0x0000, 0x0000, 0x0000, 0x0000, 0x0000, 0x0000, 0x0000,
  0x0000, 0x0000, 0x0000, 0x0000, 0x0000, 0x0000, 0x0000, 0x0000, 0x0000, 0x0000, 0x0000, 0x0000,
  0x0000, 0x0000, 0x0000, 0x0000, 0x0000, 0x0000, 0x0000, 0x0000, 0x0000, 0x0000, 0x0000, 0x0000,
  0x0000, 0x0000, 0x0000, 0x0000, 0x0000, 0x0000, 0x0000, 0x0000, 0x0000, 0x0000, 0x0000, 0x0000,
  0x0000, 0x0000, 0x0000, 0x0000, 0x0000, 0x0000, 0x0000, 0x0000, 0x0000, 0x0000, 0x0000, 0x0000,
  0x0000, 0x0000, 0x0000, 0x0000, 0x0000, 0x0000, 0x0000, 0x0000, 0x0000, 0x0000, 0x0000, 0x0000,
  0x0000, 0x0000, 0x0000, 0x0000, 0x0000, 0x0000, 0x0000, 0x0000, 0x0000, 0x0000, 0x0000, 0x0000,
  0x0000, 0x0000, 0x0000, 0x0000, 0x0000, 0x0000, 0x0000, 0x0000, 0x0000, 0x0000, 0x0000, 0x0000,
  0x0000, 0x0000, 0x0000, 0x0000, 0x0000, 0x0000, 0x0000, 0x0000, 0x0000, 0x0000, 0x0000, 0x0000,
  0x0000, 0x0000, 0x0000, 0x0000, 0x0000, 0x0000, 0x0000, 0x0000, 0x0000, 0x0000, 0x0000, 0x0000,
  0x0000, 0x0000, 0x0000, 0x0000, 0x0000, 0x0000, 0x0000, 0x0000, 0x0000, 0x0000, 0x0000, 0x0000,
  0x0000, 0x0000, 0x0000, 0x0000, 0x0000, 0x0000, 0x0000, 0x0000, 0x0000, 0x0000, 0x0000, 0x0000,
  0x0000, 0x0000, 0x0000, 0x0000, 0x0000, 0x0000, 0x0000, 0x0000, 0x0000, 0x0000, 0x0000, 0x0000,
  0x0000, 0x0000, 0x0000, 0x0000, 0x0000, 0x0000, 0x0000, 0x0000, 0x0000, 0x0000, 0x0000, 0x0000,
  0x0000, 0x0000, 0x0000, 0x0000, 0x0000, 0x0000, 0x0000, 0x0000, 0x0000, 0x0000, 0x0000, 0x0000,
  0x0000, 0x0000, 0x0000, 0x0000, 0x0000, 0x0000, 0x0000, 0x0000, 0x0000, 0x0000, 0x0000, 0x0000,
  0x0000, 0x0000, 0x0000, 0x0000, 0x0000, 0x0000, 0x0000, 0x0000, 0x0000, 0x0000, 0x0000, 0x0000,
  0x0000, 0x0000, 0x0000, 0x0000, 0x0000, 0x0000, 0x0000, 0x0000, 0x0000, 0x0000, 0x0000, 0x0000,
  0x0000, 0x0000, 0x0000, 0x0000, 0x0000, 0x0000, 0x0000, 0x0000, 0x0000, 0x0000, 0x0000, 0x0000,
  0x0000, 0x0000, 0x0000, 0x0000, 0x0000, 0x0000, 0x0000, 0x0000, 0x0000, 0x0000, 0x0000, 0x0000,
  0x0000, 0x0000, 0x0000, 0x0000, 0x0000, 0x0000, 0x0000, 0x0000, 0x0000, 0x0000, 0x0000, 0x0000,
  0x0000, 0x0000, 0x0000, 0x0000, 0x0000, 0x0000, 0x0000, 0x0000, 0x0000, 0x0000, 0x0000, 0x0000,
  0x0000, 0x0000, 0x0000, 0x0000, 0x0000, 0x0000, 0x0000, 0x0000, 0x0000, 0x0000, 0x0000, 0x0000,
  0x0000, 0x0000, 0x0000, 0x0000, 0x0000, 0x0000, 0x0000, 0x0000, 0x0000, 0x0000, 0x0000, 0x0000,
  0x0000, 0x0000, 0x0000, 0x0000, 0x0000, 0x0000, 0x0000, 0x0000, 0x0000, 0x0000, 0x0000, 0x0000,
  0x0000, 0x0000, 0x0000, 0x0000, 0x0000, 0x0000, 0x0000, 0x0000, 0x0000, 0x0000, 0x0000, 0x0000,
  0x0000, 0x0000, 0x0000, 0x0000, 0x0000, 0x0000, 0x0000, 0x0000, 0x0000, 0x0000, 0x0000, 0x0000,
  0x0000, 0x0000, 0x0000, 0x0000, 0x0000, 0x0000, 0x0000, 0x0000, 0x0000, 0x0000, 0x0000, 0x0000,
  0x0000, 0x0000, 0x0000, 0x0000, 0x0000, 0x0000, 0x0000, 0x0000, 0x0000, 0x0000, 0x0000, 0x0000,
  0x0000, 0x0000, 0x0000, 0x0000, 0x0000, 0x0000, 0x0000, 0x0000, 0x0000, 0x0000, 0x0000, 0x0000,
  0x0000, 0x0000, 0x0000, 0x0000, 0x0000, 0x0000, 0x0000, 0x0000, 0x0000, 0x0000, 0x0000, 0x0000,
  0x0000, 0x0000, 0x0000, 0x0000, 0x0000, 0x0000, 0x0000, 0x0000, 0x0000, 0x0000, 0x0000, 0x0000,
  0x0000, 0x0000, 0x0000, 0x0000, 0x0000, 0x0000, 0x0000, 0x0000, 0x0000, 0x0000, 0x0000, 0x0000,
  0x0000, 0x0000, 0x0000, 0x0000, 0x0000, 0x0000, 0x0000, 0x0000, 0x0000, 0x0000, 0x0000, 0x0000,
  0x0000, 0x0000, 0x0000, 0x0000, 0x0000, 0x0000, 0x0000, 0x0000, 0x0000, 0x0000, 0x0000, 0x0000,
  0x0000, 0x0000, 0x0000, 0x0000, 0x0000, 0x0000, 0x0000, 0x0000, 0x0000, 0x0000, 0x0000, 0x0000,
  0x0000, 0x0000, 0x0000, 0x0000, 0x0000, 0x0000, 0x0000, 0x0000, 0x0000, 0x0000, 0x0000, 0x0000,
  0x0000, 0x0000, 0x0000, 0x0000, 0x0000, 0x0000, 0x0000, 0x0000, 0x0000, 0x0000, 0x0000, 0x0000,
  0x0000, 0x0000, 0x0000, 0x0000, 0x0000, 0x0000, 0x0000, 0x0000, 0x0000, 0x0000, 0x0000, 0x0000,
  0x0000, 0x0000, 0x0000, 0x0000, 0x0000, 0x0000, 0x0000, 0x0000, 0x0000, 0x0000, 0x0000, 0x0000,
  0x0000, 0x0000, 0x0000, 0x0000, 0x0000, 0x0000, 0x0000, 0x0000, 0x0000, 0x0000, 0x0000, 0x0000,
  0x0000, 0x0000, 0x0000, 0x0000, 0x0000, 0x0000, 0x0000, 0x0000, 0x0000, 0x0000, 0x0000, 0x0000,
  0x0000, 0x0000, 0x0000, 0x0000, 0x0000, 0x0000, 0x0000, 0x0000, 0x0000, 0x0000, 0x0000, 0x0000,
  0x0000, 0x0000, 0x0000, 0x0000, 0x0000, 0x0000, 0x0000, 0x0000, 0x0000, 0x0000, 0x0000, 0x0000,
  0x0000, 0x0000, 0x0000, 0x0000, 0x0000, 0x0000, 0x0000, 0x0000, 0x0000, 0x0000, 0x0000, 0x0000,
  0x0000, 0x0000, 0x0000, 0x0000, 0x0000, 0x0000, 0x0000, 0x0000, 0x0000, 0x0000, 0x0000, 0x0000,
  0x0000, 0x0000, 0x0000, 0x0000, 0x0000, 0x0000, 0x0000, 0x0000, 0x0000, 0x0000, 0x0000, 0x0000,
  0x0000, 0x0000, 0x0000, 0x0000, 0x0000, 0x0000, 0x0000, 0x0000, 0x0000, 0x0000, 0x0000, 0x0000,
  0x0000, 0x0000, 0x0000, 0x0000, 0x0000, 0x0000, 0x0000, 0x0000, 0x0000, 0x0000, 0x0000, 0x0000,
  0x0000, 0x0000, 0x0000, 0x0000, 0x0000, 0x0000, 0x0000, 0x0000, 0x0000, 0x0000, 0x0000, 0x0000,
  0x0000, 0x0000, 0x0000, 0x0000, 0x0000, 0x0000, 0x0000, 0x0000, 0x0000, 0x0000, 0x0000, 0x0000,
  0x0000, 0x0000, 0x0000, 0x0000, 0x0000, 0x0000, 0x0000, 0x0000, 0x0000, 0x0000, 0x0000, 0x0000,
  0x0000, 0x0000, 0x0000, 0x0000, 0x0000, 0x0000, 0x0000, 0x0000, 0x0000, 0x0000, 0x0000, 0x0000,
  0x0000, 0x0000, 0x0000, 0x0000, 0x0000, 0x0000, 0x0000, 0x0000, 0x0000, 0x0000, 0x0000, 0x0000,
  0x0000, 0x0000, 0x0000, 0x0000, 0x0000, 0x0000, 0x0000, 0x0000, 0x0000, 0x0000, 0x0000, 0x0000,
  0x0000, 0x0000, 0x0000, 0x0000, 0x0000, 0x0000, 0x0000, 0x0000, 0x0000, 0x0000, 0x0000, 0x0000,
  0x0000, 0x0000, 0x0000, 0x0000, 0x0000, 0x0000, 0x0000, 0x0000, 0x0000, 0x0000, 0x0000, 0x0000,
  0x0000, 0x0000, 0x0000, 0x0000, 0x0000, 0x0000, 0x0000, 0x0000, 0x0000, 0x0000, 0x0000, 0x0000,
  0x0000, 0x0000, 0x0000, 0x0000, 0x0000, 0x0000, 0x0000, 0x0000, 0x0000, 0x0000, 0x0000, 0x0000,
  0x0000, 0x0000, 0x0000, 0x0000, 0x0000, 0x0000, 0x0000, 0x0000, 0x0000, 0x0000, 0x0000, 0x0000,
  0x0000, 0x0000, 0x0000, 0x0000, 0x0000, 0x0000, 0x0000, 0x0000, 0x0000, 0x0000, 0x0000, 0x0000,
  0x0000, 0x0000, 0x0000, 0x0000, 0x0000, 0x0000, 0x0000, 0x0000, 0x0000, 0x0000, 0x0000, 0x0000,
  0x0000, 0x0000, 0x0000, 0x0000, 0x0000, 0x0000, 0x0000, 0x0000, 0x0000, 0x0000, 0x0000, 0x0000,
  0x0000, 0x0000, 0x0000, 0x0000, 0x0000, 0x0000, 0x0000, 0x0000, 0x0000, 0x0000, 0x0000, 0x0000,
  0x0000, 0x0000, 0x0000, 0x0000, 0x0000, 0x0000, 0x0000, 0x0000, 0x0000, 0x0000, 0x0000, 0x0000,
  0x0000, 0x0000, 0x0000, 0x0000, 0x0000, 0x0000, 0x0000, 0x0000, 0x0000, 0x0000, 0x0000, 0x0000,
  0x0000, 0x0000, 0x0000, 0x0000, 0x0000, 0x0000, 0x0000, 0x0000, 0x0000, 0x0000, 0x0000, 0x0000,
  0x0000, 0x0000, 0x0000, 0x0000, 0x0000, 0x0000, 0x0000, 0x0000, 0x0000, 0x0000, 0x0000, 0x0000,
  0x0000, 0x0000, 0x0000, 0x0000, 0x0000, 0x0000, 0x0000, 0x0000, 0x0000, 0x0000, 0x0000, 0x0000,
  0x0000, 0x0000, 0x0000, 0x0000, 0x0000, 0x0000, 0x0000, 0x0000, 0x0000, 0x0000, 0x0000, 0x0000,
  0x0000, 0x0000, 0x0000, 0x0000, 0x0000, 0x0000, 0x0000, 0x0000, 0x0000, 0x0000, 0x0000, 0x0000,
  0x0000, 0x0000, 0x0000, 0x0000, 0x0000, 0x0000, 0x0000, 0x0000, 0x0000, 0x0000, 0x0000, 0x0000,
  0x0000, 0x0000, 0x0000, 0x0000, 0x0000, 0x0000, 0x0000, 0x0000, 0x0000, 0x0000, 0x0000, 0x0000,
  0x0000, 0x0000, 0x0000, 0x0000, 0x0000, 0x0000, 0x0000, 0x0000, 0x0000, 0x0000, 0x0000, 0x0000,
  0x0000, 0x0000, 0x0000, 0x0000, 0x0000, 0x0000, 0x0000, 0x0000, 0x0000, 0x0000, 0x0000, 0x0000,
  0x0000, 0x0000, 0x0000, 0x0000, 0x0000, 0x0000, 0x0000, 0x0000, 0x0000, 0x0000, 0x0000, 0x0000,
  0x0000, 0x0000, 0x0000, 0x0000, 0x0000, 0x0000, 0x0000, 0x0000, 0x0000, 0x0000, 0x0000, 0x0000,
  0x0000, 0x0000, 0x0000, 0x0000, 0x0000, 0x0000, 0x0000, 0x0000, 0x0000, 0x0000, 0x0000, 0x0000,
  0x0000, 0x0000, 0x0000, 0x0000, 0x0000, 0x0000, 0x0000, 0x0000, 0x0000, 0x0000, 0x0000, 0x0000,
  0x0000, 0x0000, 0x0000, 0x0000, 0x0000, 0x0000, 0x0000, 0x0000, 0x0000, 0x0000, 0x0000, 0x0000,
  0x0000, 0x0000, 0x0000, 0x0000, 0x0000, 0x0000, 0x0000, 0x0000, 0x0000, 0x0000, 0x0000, 0x0000,
  0x0000, 0x0000, 0x0000, 0x0000, 0x0000, 0x0000, 0x0000, 0x0000, 0x0000, 0x0000, 0x0000, 0x0000,
  0x0000, 0x0000, 0x0000, 0x0000, 0x0000, 0x0000, 0x0000, 0x0000, 0x0000, 0x0000, 0x0000, 0x0000,
  0x0000, 0x0000, 0x0000, 0x0000, 0x0000, 0x0000, 0x0000, 0x0000, 0x0000, 0x0000, 0x0000, 0x0000,
  0x0000, 0x0000, 0x0000, 0x0000, 0x0000, 0x0000, 0x0000, 0x0000, 0x0000, 0x0000, 0x0000, 0x0000,
  0x0000, 0x0000, 0x0000, 0x0000, 0x0000, 0x0000, 0x0000, 0x0000, 0x0000, 0x0000, 0x0000, 0x0000,
  0x0000, 0x0000, 0x0000, 0x0000, 0x0000, 0x0000, 0x0000, 0x0000, 0x0000, 0x0000, 0x0000, 0x0000,
  0x0000, 0x0000, 0x0000, 0x0000, 0x0000, 0x0000, 0x0000, 0x0000, 0x0000, 0x0000, 0x0000, 0x0000,
  0x0000, 0x0000, 0x0000, 0x0000, 0x0000, 0x0000, 0x0000, 0x0000, 0x0000, 0x0000, 0x0000, 0x0000,
  0x0000, 0x0000, 0x0000, 0x0000, 0x0000, 0x0000, 0x0000, 0x0000, 0x0000, 0x0000, 0x0000, 0x0000,
  0x0000, 0x0000, 0x0000, 0x0000, 0x0000, 0x0000, 0x0000, 0x0000, 0x0000, 0x0000, 0x0000, 0x0000,
  0x0000, 0x0000, 0x0000, 0x0000, 0x0000, 0x0000, 0x0000, 0x0000, 0x0000, 0x0000, 0x0000, 0x0000,
  0x0000, 0x0000, 0x0000, 0x0000, 0x0000, 0x0000, 0x0000, 0x0000, 0x0000, 0x0000, 0x0000, 0x0000,
  0x0000, 0x0000, 0x0000, 0x0000, 0x0000, 0x0000, 0x0000, 0x0000, 0x0000, 0x0000, 0x0000, 0x0000,
  0x0000, 0x0000, 0x0000, 0x0000, 0x0000, 0x0000, 0x0000, 0x0000, 0x0000, 0x0000, 0x0000, 0x0000,
  0x0000, 0x0000, 0x0000, 0x0000, 0x0000, 0x0000, 0x0000, 0x0000, 0x0000, 0x0000, 0x0000, 0x0000,
  0x0000, 0x0000, 0x0000, 0x0000, 0x0000, 0x0000, 0x0000, 0x0000, 0x0000, 0x0000, 0x0000, 0x0000,
  0x0000, 0x0000, 0x0000, 0x0000, 0x0000, 0x0000, 0x0000, 0x0000, 0x0000, 0x0000, 0x0000, 0x0000,
  0x0000, 0x0000, 0x0000, 0x0000, 0x0000, 0x0000, 0x0000, 0x0800, 0x0800, 0x0000, 0x0000, 0x0000,
  0x0000, 0x0000, 0x0000, 0x0000, 0x0000, 0x0000, 0x0000, 0x0000, 0x0000, 0x0000, 0x0000, 0x0000,
  0x0000, 0x0000, 0x0000, 0x0000, 0x0000, 0x0000, 0x0000, 0x0000, 0x0000, 0x0000, 0x0000, 0x0000,
  0x0000, 0x0000, 0x0000, 0x0000, 0x0000, 0x0000, 0x0000, 0x0000, 0x0000, 0x0000, 0x0000, 0x0000,
  0x0000, 0x0000, 0x0000, 0x0000, 0x0000, 0x0000, 0x0000, 0x0000, 0x0000, 0x0000, 0x0000, 0x0000,
  0x0000, 0x0000, 0x0000, 0x0000, 0x0000, 0x0000, 0x0000, 0x0000, 0x0000, 0x0000, 0x0000, 0x0000,
  0x0000, 0x0000, 0x0000, 0x0000, 0x0000, 0x0000, 0x0000, 0x0000, 0x0000, 0x0000, 0x0000, 0x0000,
  0x0000, 0x0000, 0x0000, 0x0000, 0x0000, 0x0000, 0x0000, 0x0000, 0x0000, 0x0000, 0x0000, 0x0000,
  0x0000, 0x0000, 0x0000, 0x0000, 0x0000, 0x0000, 0x0000, 0x0000, 0x0000, 0x0000, 0x0000, 0x0000,
  0x0000, 0x0000, 0x0000, 0x0000, 0x0000, 0x0000, 0x0000, 0x0000, 0x0000, 0x0000, 0x0000, 0x0000,
  0x0000, 0x0000, 0x0000, 0x0000, 0x0000, 0x0000, 0x0000, 0x0000, 0x0000, 0x0000, 0x0000, 0x0000,
  0x0000, 0x0000, 0x0000, 0x0000, 0x0000, 0x0000, 0x0000, 0x0000, 0x0000, 0x0000, 0x0000, 0x0000,
  0x0000, 0x0000, 0x0000, 0x0000, 0x0000, 0x0000, 0x0000, 0x0000, 0x0000, 0x0000, 0x0000, 0x0000,
  0x0000, 0x0000, 0x0000, 0x0000, 0x0000, 0x0000, 0x0000, 0x0000, 0x0000, 0x0000, 0x0000, 0x0000,
  0x0000, 0x0000, 0x0000, 0x0000, 0x0000, 0x0000, 0x0000, 0x0000, 0x0000, 0x0000, 0x0000, 0x0000,
  0x0000, 0x0000, 0x0000, 0x0000, 0x0000, 0x0000, 0x0000, 0x0000, 0x0000, 0x0000, 0x0000, 0x0000,
  0x0000, 0x0000, 0x0000, 0x0000, 0x0000, 0x0000, 0x0000, 0x0000, 0x0000, 0x0000, 0x0000, 0x0000,
  0x0000, 0x0000, 0x0000, 0x0000, 0x0000, 0x0000, 0x0000, 0x0000, 0x0000, 0x0000, 0x0000, 0x0000,
  0x0000, 0x0000, 0x0000, 0x0000, 0x0000, 0x0000, 0x0000, 0x0000, 0x0000, 0x0000, 0x0000, 0x0000,
  0x0000, 0x0000, 0x0000, 0x0000, 0x0000, 0x0000, 0x0000, 0x0000, 0x0000, 0x0000, 0x0000, 0x0000,
  0x0000, 0x0000, 0x0000, 0x0000, 0x0000, 0x0000, 0x0000, 0x0000, 0x0000, 0x0000, 0x0000, 0x0000,
  0x0000, 0x0000, 0x0000, 0x0000, 0x0000, 0x0000, 0x0000, 0x0000, 0x0000, 0x0000, 0x0000, 0x0000,
  0x0000, 0x0000, 0x0000, 0x0000, 0x0000, 0x0000, 0x0000, 0x0000, 0x0000, 0x0000, 0x0000, 0x0000,
  0x0000, 0x0000, 0x0000, 0x0000, 0x0000, 0x0000, 0x0000, 0x0000, 0x0000, 0x0000, 0x0000, 0x0000,
  0x0000, 0x0000, 0x0000, 0x0000, 0x0000, 0x0000, 0x0000, 0x0000, 0x0000, 0x0000, 0x0000, 0x0000,
  0x0000, 0x0000, 0x0000, 0x0000, 0x0000, 0x0000, 0x0000, 0x0000, 0x0000, 0x0000, 0x0000, 0x0000,
  0x0000, 0x0000, 0x0000, 0x0000, 0x0000, 0x0000, 0x0800, 0x0000, 0x0000, 0x0000, 0x0000, 0x0000,
  0x0000, 0x0000, 0x0000, 0x0000, 0x0000, 0x0000, 0x0000, 0x0000, 0x0000, 0x0000, 0x0000, 0x0000,
  0x0000, 0x0000, 0x0000, 0x0000, 0x0000, 0x0000, 0x0000, 0x0000, 0x0000, 0x0000, 0x0000, 0x0000,
  0x0000, 0x0000, 0x0000, 0x0000, 0x0000, 0x0000, 0x0000, 0x0000, 0x0000, 0x0000, 0x0000, 0x0000,
  0x0000, 0x0000, 0x0000, 0x0000, 0x0000, 0x0000, 0x0000, 0x0000, 0x0000, 0x0000, 0x0000, 0x0000,
  0x0000, 0x0000, 0x0000, 0x0000, 0x0000, 0x0000, 0x0000, 0x0000, 0x0000, 0x0000, 0x0000, 0x0000,
  0x0000, 0x0000, 0x0000, 0x0000, 0x0000, 0x0000, 0x0000, 0x0000, 0x0000, 0x0000, 0x0000, 0x0000,
  0x0000, 0x0000, 0x0000, 0x0000, 0x0000, 0x0000, 0x0000, 0x0000, 0x0000, 0x0000, 0x0000, 0x0000,
  0x0000, 0x0000, 0x0000, 0x0000, 0x0000, 0x0000, 0x0000, 0x0000, 0x0000, 0x0000, 0x0000, 0x0000,
  0x0000, 0x0000, 0x0000, 0x0000, 0x0000, 0x0000, 0x0000, 0x0000, 0x0000, 0x0000, 0x0000, 0x0000,
  0x0000, 0x0000, 0x0000, 0x0000, 0x0000, 0x0000, 0x0000, 0x0000, 0x0000, 0x0000, 0x0000, 0x0000,
  0x0000, 0x0000, 0x0000, 0x0000, 0x0000, 0x0000, 0x0000, 0x0000, 0x0000, 0x0000, 0x0000, 0x0000,
  0x0000, 0x0000, 0x0000, 0x0000, 0x0000, 0x0000, 0x0000, 0x0000, 0x0000, 0x0000, 0x0000, 0x0000,
  0x0000, 0x0000, 0x0000, 0x0000, 0x0000, 0x0000, 0x0000, 0x0000, 0x0000, 0x0000, 0x0000, 0x0000,
  0x0000, 0x0000, 0x0000, 0x0000, 0x0000, 0x0000, 0x0000, 0x0000, 0x0000, 0x0000, 0x0000, 0x0000,
  0x0000, 0x0000, 0x0000, 0x0000, 0x0000, 0x0000, 0x0000, 0x0000, 0x0000, 0x0000, 0x0000, 0x0000,
  0x0000, 0x0000, 0x0000, 0x0000, 0x0000, 0x0000, 0x0000, 0x0000, 0x0000, 0x0000, 0x0000, 0x0000,
  0x0000, 0x0000, 0x0000, 0x0000, 0x0000, 0x0000, 0x0000, 0x0000, 0x0000, 0x0000, 0x0000, 0x0000,
  0x0000, 0x0000, 0x0000, 0x0000, 0x0000, 0x0000, 0x0000, 0x0000, 0x0000, 0x0000, 0x0000, 0x0000,
  0x0000, 0x0000, 0x0000, 0x0000, 0x0000, 0x0000, 0x0000, 0x0000, 0x0000, 0x0000, 0x0000, 0x0000,
  0x0000, 0x0000, 0x0000, 0x0000, 0x0000, 0x0000, 0x0000, 0x0000, 0x0000, 0x0000, 0x0000, 0x0000,
  0x0000, 0x0000, 0x0000, 0x0000, 0x0000, 0x0000, 0x0000, 0x0000, 0x0000, 0x0000, 0x0000, 0x0000,
  0x0000, 0x0000, 0x0000, 0x0000, 0x0000, 0x0000, 0x0000, 0x0000, 0x0000, 0x0000, 0x0000, 0x0000,
  0x0000, 0x0000, 0x0000, 0x0000, 0x0000, 0x0000, 0x0000, 0x0000, 0x0000, 0x0000, 0x0000, 0x0000,
  0x0000, 0x0000, 0x0000, 0x0000, 0x0000, 0x0000, 0x0000, 0x0000, 0x0000, 0x0000, 0x0000, 0x0000,
  0x0000, 0x0000, 0x0000, 0x0000, 0x0000, 0x0000, 0x0000, 0x0000, 0x0000, 0x0000, 0x0000, 0x0000,
  0x0000, 0x0000, 0x0000, 0x0000, 0x0000, 0x0000, 0x0000, 0x0000, 0x0000, 0x0000, 0x0000, 0x0000,
  0x0000, 0x0000, 0x0000, 0x0000, 0x0000, 0x0000, 0x0000, 0x0000, 0x0000, 0x0000, 0x0000, 0x0000,
  0x0000, 0x0000, 0x0000, 0x0000, 0x0000, 0x0000, 0x0000, 0x0000, 0x0000, 0x0000, 0x0000, 0x0000,
  0x0000, 0x0000, 0x0000, 0x0000, 0x0000, 0x0000, 0x0000, 0x0000, 0x0000, 0x0000, 0x0000, 0x0000,
  0x0000, 0x0000, 0x0000, 0x0000, 0x0000, 0x0000, 0x0000, 0x0000, 0x0000, 0x0000, 0x0000, 0x0000,
  0x0000, 0x0000, 0x0000, 0x0000, 0x0000, 0x0000, 0x0000, 0x0000, 0x0000, 0x0000, 0x0000, 0x0000,
  0x0000, 0x0000, 0x0000, 0x0000, 0x0000, 0x0000, 0x0000, 0x0000, 0x0000, 0x0000, 0x0000, 0x0000,
  0x0000, 0x0000, 0x0000, 0x0000, 0x0000, 0x0000, 0x0000, 0x0000, 0x0000, 0x0000, 0x0000, 0x0000,
  0x0000, 0x0000, 0x0000, 0x0000, 0x0000, 0x0000, 0x0000, 0x0000, 0x0000, 0x0000, 0x0000, 0x0000,
  0x0000, 0x0000, 0x0000, 0x0000, 0x0000, 0x0000, 0x0000, 0x0000, 0x0000, 0x0000, 0x0000, 0x0000,
  0x0000, 0x0000, 0x0000, 0x0000, 0x0000, 0x0000, 0x0000, 0x0000, 0x0000, 0x0000, 0x0000, 0x0000,
  0x0000, 0x0000, 0x0000, 0x0000, 0x0000, 0x0000, 0x0000, 0x0000, 0x0000, 0x0000, 0x0000, 0x0000,
  0x0000, 0x0000, 0x0000, 0x0000, 0x0000, 0x0000, 0x0000, 0x0000, 0x0000, 0x0000, 0x0000, 0x0000,
  0x0000, 0x0000, 0x0000, 0x0000, 0x0000, 0x0000, 0x0000, 0x0000, 0x0000, 0x0000, 0x0000, 0x0000,
  0x0000, 0x0000, 0x0000, 0x0000, 0x0000, 0x0000, 0x0000, 0x0000, 0x0000, 0x0000, 0x0000, 0x0000,
  0x0000, 0x0000, 0x0000, 0x0000, 0x0000, 0x0000, 0x0000, 0x0000, 0x0000, 0x0000, 0x0000, 0x0000,
  0x0000, 0x0000, 0x0000, 0x0000, 0x0000, 0x0000, 0x0000, 0x0000, 0x0000, 0x0000, 0x0000, 0x0000,
  0x0000, 0x0000, 0x0000, 0x0000, 0x0000, 0x0000, 0x0000, 0x0000, 0x0000, 0x0000, 0x0000, 0x0000,
  0x0000, 0x0000, 0x0000, 0x0000, 0x0000, 0x0000, 0x0000, 0x0000, 0x0000, 0x0000, 0x0000, 0x0000,
  0x0000, 0x0000, 0x0000, 0x0000, 0x0000, 0x0000, 0x0000, 0x0000, 0x0000, 0x0000, 0x0000, 0x0000,
  0x0000, 0x0000, 0x0000, 0x0000, 0x0000, 0x0000, 0x0000, 0x0000, 0x0000, 0x0000, 0x0000, 0x0000,
  0x0000, 0x0000, 0x0000, 0x0000, 0x0000, 0x0000, 0x0000, 0x0000, 0x0000, 0x0000, 0x0000, 0x0000,
  0x0000, 0x0000, 0x0000, 0x0000, 0x0000, 0x0000, 0x0000, 0x0000, 0x0000, 0x0000, 0x0000, 0x0000,
  0x0000, 0x2944, 0x2103, 0x0841, 0x39C7, 0x0020, 0x3185, 0x1061, 0x10A2, 0x3185, 0x0000, 0x3185,
  0x1061, 0x0000, 0x0000, 0x0000, 0x0000, 0x0000, 0x0000, 0x0000, 0x0000, 0x0000, 0x0000, 0x0000,
  0x0000, 0x0000, 0x0000, 0x0000, 0x0000, 0x0000, 0x0000, 0x0000, 0x0000, 0x0000, 0x0000, 0x0000,
  0x0000, 0x0000, 0x0000, 0x0000, 0x0000, 0x0000, 0x0000, 0x0000, 0x0000, 0x0000, 0x0000, 0x0000,
  0x0000, 0x0000, 0x0000, 0x0000, 0x0000, 0x0000, 0x0000, 0x0800, 0x0000, 0x0000, 0x0000, 0x0000,
  0x0000, 0x0000, 0x0000, 0x0800, 0x0000, 0x0000, 0x0000, 0x0000, 0x0800, 0x0800, 0x0800, 0x0000,
  0x0000, 0x0000, 0x0000, 0x0000, 0x0000, 0x0000, 0x0000, 0x0000, 0x0000, 0x0000, 0x0000, 0x0800,
  0x0000, 0x0000, 0x0000, 0x0000, 0x0000, 0x0000, 0x0000, 0x0000, 0x0000, 0x0000, 0x0000, 0x0000,
  0x0000, 0x0000, 0x0000, 0x0000, 0x0000, 0x0000, 0x0000, 0x0000, 0x0000, 0x0000, 0x0000, 0x0000,
  0x0000, 0x0000, 0x0000, 0x0000, 0x0000, 0x0000, 0x0000, 0x0000, 0x0000, 0x0000, 0x0000, 0x0000,
  0x0000, 0x0000, 0x0000, 0x0000, 0x0000, 0x0000, 0x0000, 0x0000, 0x0000, 0x0000, 0x0000, 0x0000,
  0x0000, 0x0000, 0x0000, 0x0000, 0x0000, 0x0000, 0x0000, 0x0000, 0x0000, 0x0000, 0x0000, 0x0000,
  0x0000, 0x0000, 0x0000, 0x0000, 0x0000, 0x0000, 0x0000, 0x0000, 0x0000, 0x0000, 0x0000, 0x0000,
  0x0000, 0x0000, 0x0000, 0x0000, 0x0000, 0x0000, 0x0000, 0x0000, 0x0000, 0x0000, 0x0000, 0x0000,
  0x0000, 0x0000, 0x0000, 0x0000, 0x0000, 0x0000, 0x0000, 0x0000, 0x0000, 0x0000, 0x0000, 0x0000,
  0x0000, 0x0000, 0x0000, 0x0000, 0x0000, 0x0000, 0x0000, 0x0000, 0x0000, 0x0000, 0x0000, 0x0000,
  0x0000, 0x0000, 0x0000, 0x0000, 0x0000, 0x0000, 0x0000, 0x0000, 0x0000, 0x0000, 0x0000, 0x0000,
  0x0000, 0x0000, 0x0000, 0x0000, 0x0000, 0x0000, 0x0000, 0x0000, 0x0000, 0x0000, 0x0000, 0x0000,
  0x0000, 0x0000, 0x0000, 0x0000, 0x0000, 0x0000, 0x0000, 0x0000, 0x0000, 0x0000, 0x0000, 0x0000,
  0x0000, 0x0000, 0x0000, 0x0000, 0x0000, 0x0000, 0x0000, 0x0000, 0x0000, 0x0000, 0x0000, 0x0000,
  0x0000, 0x0000, 0x0000, 0x0000, 0x0000, 0x0000, 0x0000, 0x0000, 0x0000, 0x0000, 0x0000, 0x0000,
  0x0000, 0x0000, 0x0000, 0x0000, 0x0000, 0x0000, 0x0000, 0x0000, 0x0000, 0x0000, 0x0000, 0x0000,
  0x0000, 0x0000, 0x0000, 0x0000, 0x0000, 0x0000, 0x0000, 0x0000, 0x0000, 0x0000, 0x0000, 0x0000,
  0x0000, 0x0000, 0x0000, 0x0000, 0x0000, 0x0000, 0x0000, 0x0000, 0x0000, 0x0000, 0x0000, 0x0000,
  0x0000, 0x0000, 0x0000, 0x0000, 0x0000, 0x0000, 0x0000, 0x0000, 0x0000, 0x0000, 0x0000, 0x0000,
  0x0000, 0x0000, 0x0000, 0x0000, 0x0000, 0x0000, 0x0000, 0x0000, 0x0000, 0x0000, 0x0000, 0x0000,
  0x0000, 0x0000, 0x0000, 0x0000, 0x0000, 0x0000, 0x0000, 0x0000, 0x0000, 0x528A, 0x39C7, 0x2944,
  0x528A, 0x3185, 0x528A, 0x39C7, 0x39C7, 0x528A, 0x2944, 0x62EB, 0x3185, 0x0000, 0x0000, 0x0000,
  0x0000, 0x0000, 0x0000, 0x0000, 0x0000, 0x0000, 0x0000, 0x0000, 0x0000, 0x0000, 0x0000, 0x0000,
  0x0000, 0x0000, 0x0000, 0x0000, 0x0000, 0x0000, 0x0000, 0x0000, 0x0000, 0x0000, 0x0000, 0x0000,
  0x0000, 0x0000, 0x0000, 0x0000, 0x0000, 0x0000, 0x0000, 0x0000, 0x0000, 0x0000, 0x0000, 0x0000,
  0x0000, 0x0000, 0x0000, 0x0000, 0x0000, 0x0000, 0x0000, 0x0000, 0x0000, 0x0000, 0x0800, 0x0800,
  0x0000, 0x0000, 0x0800, 0x0800, 0x0800, 0x0800, 0x0000, 0x0000, 0x0000, 0x0000, 0x0000, 0x0000,
  0x0820, 0x0000, 0x0000, 0x0000, 0x0000, 0x0000, 0x0800, 0x0000, 0x0000, 0x0000, 0x0000, 0x0000,
  0x0000, 0x0000, 0x0000, 0x0000, 0x0000, 0x0000, 0x0000, 0x0000, 0x0000, 0x0000, 0x0000, 0x0000,
  0x0000, 0x0000, 0x0000, 0x0000, 0x0000, 0x0000, 0x0000, 0x0000, 0x0000, 0x0000, 0x0000, 0x0000,
  0x0000, 0x0000, 0x0000, 0x0000, 0x0000, 0x0000, 0x0000, 0x0000, 0x0000, 0x0000, 0x0000, 0x0000,
  0x0000, 0x0000, 0x0000, 0x0000, 0x0000, 0x0000, 0x0000, 0x0000, 0x0000, 0x0000, 0x0000, 0x0000,
  0x0000, 0x0000, 0x0000, 0x0000, 0x0000, 0x0000, 0x0000, 0x0000, 0x0000, 0x0000, 0x0000, 0x0000,
  0x0000, 0x0000, 0x0000, 0x0000, 0x0000, 0x0000, 0x0000, 0x0000, 0x0000, 0x0000, 0x0000, 0x0000,
  0x0000, 0x0000, 0x0000, 0x0000, 0x0000, 0x0000, 0x0000, 0x0000, 0x0000, 0x0000, 0x0000, 0x0000,
  0x0000, 0x0000, 0x0000, 0x0000, 0x0000, 0x0000, 0x0000, 0x0000, 0x0000, 0x0000, 0x0000, 0x0000,
  0x0000, 0x0000, 0x0000, 0x0000, 0x0000, 0x0000, 0x0000, 0x0000, 0x0000, 0x0000, 0x0000, 0x0000,
  0x0000, 0x0000, 0x0000, 0x0000, 0x0000, 0x0000, 0x0000, 0x0000, 0x0000, 0x0000, 0x0000, 0x0000,
  0x0000, 0x0000, 0x0000, 0x0000, 0x0000, 0x0000, 0x0000, 0x0000, 0x0000, 0x0000, 0x0000, 0x0000,
  0x0000, 0x0000, 0x0000, 0x0000, 0x0000, 0x0000, 0x0000, 0x0000, 0x0000, 0x0000, 0x0000, 0x0000,
  0x0000, 0x0000, 0x0000, 0x0000, 0x0000, 0x0000, 0x0000, 0x0000, 0x0000, 0x0000, 0x0000, 0x0000,
  0x0000, 0x0000, 0x0000, 0x0000, 0x0000, 0x0000, 0x0000, 0x0000, 0x0000, 0x0000, 0x0000, 0x0000,
  0x0000, 0x0000, 0x0000, 0x0000, 0x0000, 0x0000, 0x0000, 0x0000, 0x0000, 0x0000, 0x0000, 0x0000,
  0x0000, 0x0000, 0x0000, 0x0000, 0x0000, 0x0000, 0x0000, 0x0000, 0x0000, 0x0000, 0x0000, 0x0000,
  0x0000, 0x0000, 0x0000, 0x0000, 0x0000, 0x0000, 0x0000, 0x0000, 0x0000, 0x0000, 0x0000, 0x0000,
  0x0000, 0x0000, 0x0000, 0x0000, 0x0000, 0x0000, 0x0000, 0x0000, 0x0000, 0x0000, 0x0000, 0x0000,
  0x0000, 0x0000, 0x0000, 0x0000, 0x0000, 0x0000, 0x0000, 0x0000, 0x0000, 0x0000, 0x0000, 0x0000,
  0x0000, 0x0000, 0x0000, 0x0000, 0x2944, 0x528A, 0x528A, 0x528A, 0x528A, 0x528A, 0x528A, 0x4A28,
  0x528A, 0x528A, 0x4A28, 0x4A28, 0x4A28, 0x0841, 0x0000, 0x0000, 0x0000, 0x0000, 0x0000, 0x0000,
  0x0000, 0x0000, 0x0000, 0x0000, 0x0000, 0x0000, 0x0000, 0x0000, 0x0000, 0x0000, 0x0000, 0x0000,
  0x0000, 0x0000, 0x0000, 0x0000, 0x0000, 0x0000, 0x0000, 0x0000, 0x0000, 0x0000, 0x0000, 0x0000,
  0x0000, 0x0000, 0x0000, 0x0000, 0x0000, 0x0000, 0x0000, 0x0000, 0x0000, 0x0000, 0x0000, 0x0000,
  0x0000, 0x0000, 0x0000, 0x0000, 0x0000, 0x0820, 0x0800, 0x0000, 0x0000, 0x0800, 0x0800, 0x0000,
  0x0000, 0x0000, 0x0000, 0x0800, 0x0000, 0x0000, 0x0800, 0x0820, 0x0800, 0x0000, 0x0000, 0x0800,
  0x0000, 0x0000, 0x0000, 0x0000, 0x0000, 0x0000, 0x0000, 0x0000, 0x0820, 0x0000, 0x0000, 0x0000,
  0x0000, 0x0000, 0x0000, 0x0000, 0x0000, 0x0000, 0x0000, 0x0000, 0x0000, 0x0000, 0x0800, 0x0000,
  0x0000, 0x0020, 0x0000, 0x0000, 0x0000, 0x0000, 0x0000, 0x0000, 0x0000, 0x0000, 0x0020, 0x0000,
  0x0000, 0x0000, 0x0000, 0x0000, 0x0000, 0x0000, 0x0000, 0x0000, 0x0000, 0x0000, 0x0000, 0x0000,
  0x0000, 0x0000, 0x0000, 0x0000, 0x0000, 0x0000, 0x0000, 0x0000, 0x0000, 0x0000, 0x0000, 0x0000,
  0x0000, 0x0000, 0x0000, 0x0000, 0x0000, 0x0000, 0x0000, 0x0000, 0x0000, 0x0000, 0x0000, 0x0000,
  0x0000, 0x0000, 0x0000, 0x0000, 0x0000, 0x0000, 0x0000, 0x0000, 0x0000, 0x0000, 0x0000, 0x0000,
  0x0000, 0x0000, 0x0000, 0x0000, 0x0000, 0x0000, 0x0000, 0x0000, 0x0000, 0x0000, 0x0000, 0x0000,
  0x0000, 0x0000, 0x0000, 0x0000, 0x0000, 0x0000, 0x0000, 0x0000, 0x0000, 0x0000, 0x0000, 0x0000,
  0x0000, 0x0000, 0x0000, 0x0000, 0x0000, 0x0000, 0x0000, 0x0000, 0x0000, 0x0000, 0x0000, 0x0000,
  0x0000, 0x0000, 0x0000, 0x0000, 0x0000, 0x0000, 0x0000, 0x0000, 0x0000, 0x0000, 0x0000, 0x0000,
  0x0000, 0x0000, 0x0000, 0x0000, 0x0000, 0x0000, 0x0000, 0x0000, 0x0000, 0x0000, 0x0000, 0x0000,
  0x0000, 0x0000, 0x0000, 0x0000, 0x0000, 0x0000, 0x0000, 0x0000, 0x0000, 0x0000, 0x0000, 0x0000,
  0x0000, 0x0000, 0x0000, 0x0000, 0x0000, 0x0000, 0x0000, 0x0000, 0x0000, 0x0000, 0x0000, 0x0000,
  0x0000, 0x0000, 0x0000, 0x0000, 0x0000, 0x0000, 0x0000, 0x0000, 0x0000, 0x0000, 0x0000, 0x0000,
  0x0000, 0x0000, 0x0000, 0x0000, 0x0000, 0x0000, 0x0000, 0x0000, 0x0000, 0x0000, 0x0000, 0x0000,
  0x0000, 0x0000, 0x0000, 0x0000, 0x0000, 0x0000, 0x0000, 0x0000, 0x0000, 0x0000, 0x0000, 0x0000,
  0x0000, 0x0000, 0x0000, 0x0000, 0x0000, 0x0000, 0x0000, 0x0000, 0x0000, 0x0000, 0x0000, 0x0000,
  0x0000, 0x0000, 0x0000, 0x0000, 0x0000, 0x0000, 0x0000, 0x0000, 0x0000, 0x0000, 0x0000, 0x0000,
  0x0000, 0x0000, 0x0000, 0x0000, 0x0000, 0x0000, 0x0000, 0x0000, 0x0000, 0x0000, 0x0000, 0x4A28,
  0x39C7, 0x39C7, 0x39C7, 0x39C7, 0x39C7, 0x39C7, 0x39C7, 0x3185, 0x39C7, 0x39C7, 0x3185, 0x3185,
  0x39C7, 0x528A, 0x2103, 0x0000, 0x0000, 0x0000, 0x0000, 0x0000, 0x0000, 0x1020, 0x1840, 0x0000,
  0x0000, 0x1840, 0x0000, 0x0000, 0x0000, 0x0000, 0x0000, 0x0000, 0x0820, 0x2060, 0x0800, 0x1020,
  0x1840, 0x0000, 0x1020, 0x2060, 0x0800, 0x1020, 0x1840, 0x0000, 0x0000, 0x0000, 0x1840, 0x0820,
  0x0000, 0x0000, 0x0000, 0x0800, 0x0000, 0x0000, 0x0000, 0x0000, 0x0000, 0x0800, 0x0000, 0x0000,
  0x0000, 0x0800, 0x0800, 0x0000, 0x0000, 0x0820, 0x0000, 0x0000, 0x0800, 0x0820, 0x0000, 0x0000,
  0x0000, 0x0800, 0x0820, 0x0000, 0x0000, 0x0000, 0x0000, 0x0820, 0x0000, 0x0000, 0x0000, 0x0000,
  0x0000, 0x0000, 0x0000, 0x0820, 0x0800, 0x0000, 0x0000, 0x0000, 0x0000, 0x0000, 0x0000, 0x0000,
  0x0000, 0x0000, 0x0000, 0x0000, 0x0000, 0x0000, 0x0000, 0x0000, 0x0000, 0x0000, 0x0000, 0x0000,
  0x0000, 0x0000, 0x0000, 0x0000, 0x0800, 0x0000, 0x0000, 0x0000, 0x0000, 0x0000, 0x0000, 0x0000,
  0x0000, 0x0000, 0x0000, 0x0000, 0x0000, 0x0000, 0x0000, 0x0000, 0x0000, 0x0000, 0x0000, 0x0000,
  0x0000, 0x0000, 0x0000, 0x0000, 0x0000, 0x0000, 0x0000, 0x0000, 0x0000, 0x0000, 0x0000, 0x0000,
  0x0000, 0x0000, 0x0000, 0x0000, 0x0000, 0x0000, 0x0000, 0x0000, 0x0000, 0x0000, 0x0000, 0x0000,
  0x0000, 0x0000, 0x0000, 0x0000, 0x0000, 0x0000, 0x0000, 0x0000, 0x0000, 0x0000, 0x0000, 0x0000,
  0x0000, 0x0000, 0x0000, 0x0000, 0x0000, 0x0000, 0x0000, 0x0000, 0x0000, 0x0000, 0x0000, 0x0000,
  0x0000, 0x0000, 0x0000, 0x0000, 0x0000, 0x0000, 0x0000, 0x0000, 0x0000, 0x0000, 0x0000, 0x0000,
  0x0000, 0x0020, 0x0000, 0x0000, 0x0000, 0x0000, 0x0000, 0x0000, 0x0000, 0x0000, 0x0000, 0x0000,
  0x0000, 0x0000, 0x0000, 0x0000, 0x0000, 0x0000, 0x0000, 0x0000, 0x0000, 0x0000, 0x0000, 0x0000,
  0x0000, 0x0000, 0x0000, 0x0000, 0x0000, 0x0000, 0x0000, 0x0000, 0x0000, 0x0000, 0x0000, 0x0000,
  0x0000, 0x0000, 0x0000, 0x0000, 0x0000, 0x0000, 0x0000, 0x0000, 0x0000, 0x0000, 0x0000, 0x0000,
  0x0000, 0x0000, 0x0000, 0x0000, 0x0000, 0x0000, 0x0000, 0x0000, 0x0000, 0x0000, 0x0000, 0x0000,
  0x0000, 0x0000, 0x0000, 0x0000, 0x0000, 0x0000, 0x0000, 0x0000, 0x0000, 0x0000, 0x0000, 0x0000,
  0x0000, 0x0000, 0x0000, 0x0000, 0x0000, 0x0000, 0x0000, 0x0000, 0x0000, 0x0000, 0x0000, 0x0000,
  0x0000, 0x0000, 0x0000, 0x0000, 0x0000, 0x0000, 0x0000, 0x0000, 0x0000, 0x0000, 0x0000, 0x0000,
  0x0000, 0x0000, 0x0000, 0x0000, 0x0000, 0x0000, 0x0000, 0x0000, 0x0000, 0x0000, 0x0000, 0x0000,
  0x0000, 0x0000, 0x0000, 0x0000, 0x0000, 0x0000, 0x0000, 0x0000, 0x0000, 0x0000, 0x0000, 0x0000,
  0x0000, 0x0000, 0x0000, 0x0000, 0x0000, 0x0020, 0x2103, 0x528A, 0x0000, 0x0000, 0x0000, 0x0000,
  0x0000, 0x0000, 0x0000, 0x0000, 0x0000, 0x0000, 0x0000, 0x0000, 0x0000, 0x18C3, 0x4A28, 0x1061,
  0x0020, 0x0000, 0x0000, 0x0000, 0x0000, 0x71C0, 0x71C0, 0x40E0, 0x5940, 0x71C0, 0x5940, 0x5940,
  0x40E0, 0x89E0, 0x30C0, 0x5940, 0x71C0, 0x71C0, 0x30C0, 0x71C0, 0x71C0, 0x5940, 0x71C0, 0x5940,
  0x2060, 0x89E0, 0x71C0, 0x5940, 0x0000, 0x30C0, 0x89E0, 0x71C0, 0x40E0, 0x5940, 0x5940, 0x30C0,
  0x0000, 0x0000, 0x0000, 0x0000, 0x0000, 0x0000, 0x0800, 0x0800, 0x0000, 0x0000, 0x0820, 0x0000,
  0x0000, 0x0820, 0x0000, 0x0800, 0x0820, 0x0000, 0x0000, 0x0800, 0x0820, 0x1020, 0x0000, 0x0000,
  0x0000, 0x0000, 0x0000, 0x1020, 0x0000, 0x0000, 0x0000, 0x0000, 0x0000, 0x0000, 0x0020, 0x0000,
  0x0000, 0x0000, 0x0000, 0x0000, 0x0000, 0x0000, 0x0000, 0x0000, 0x0000, 0x0800, 0x0000, 0x0000,
  0x0000, 0x0800, 0x0020, 0x0020, 0x0000, 0x0000, 0x0000, 0x0000, 0x0020, 0x0000, 0x0000, 0x0000,
  0x0020, 0x0000, 0x0000, 0x0000, 0x0000, 0x0000, 0x0000, 0x0000, 0x0000, 0x0000, 0x0000, 0x0000,
  0x0000, 0x0000, 0x0000, 0x0000, 0x0000, 0x0000, 0x0000, 0x0000, 0x0000, 0x0000, 0x0000, 0x0000,
  0x0000, 0x0000, 0x0000, 0x0000, 0x0000, 0x0000, 0x0000, 0x0000, 0x0000, 0x0000, 0x0000, 0x0000,
  0x0000, 0x0000, 0x0000, 0x0000, 0x0000, 0x0000, 0x0000, 0x0000, 0x0000, 0x0000, 0x0000, 0x0000,
  0x0000, 0x0000, 0x0000, 0x0000, 0x0000, 0x0000, 0x0000, 0x0000, 0x0000, 0x0000, 0x0000, 0x0000,
  0x0000, 0x0000, 0x0000, 0x0000, 0x0000, 0x0000, 0x0000, 0x0000, 0x0000, 0x0000, 0x0000, 0x0000,
  0x0000, 0x0000, 0x0000, 0x0000, 0x0000, 0x0000, 0x0000, 0x0000, 0x0000, 0x0000, 0x0000, 0x0000,
  0x0000, 0x0000, 0x0000, 0x0000, 0x0000, 0x0000, 0x0000, 0x0000, 0x0000, 0x0000, 0x0000, 0x0000,
  0x0000, 0x0000, 0x0000, 0x0000, 0x0000, 0x0000, 0x0000, 0x0000, 0x0000, 0x0000, 0x0000, 0x0000,
  0x0000, 0x0000, 0x0000, 0x0000, 0x0000, 0x0000, 0x0000, 0x0000, 0x0000, 0x0000, 0x0000, 0x0000,
  0x0000, 0x0000, 0x0000, 0x0000, 0x0000, 0x0000, 0x0000, 0x0000, 0x0000, 0x0000, 0x0000, 0x0000,
  0x0000, 0x0000, 0x0000, 0x0000, 0x0000, 0x0000, 0x0000, 0x0000, 0x0000, 0x0000, 0x0000, 0x0000,
  0x0000, 0x0000, 0x0000, 0x0000, 0x0000, 0x0000, 0x0000, 0x0000, 0x0000, 0x0000, 0x0000, 0x0000,
  0x0000, 0x0000, 0x0000, 0x0000, 0x0000, 0x0000, 0x0000, 0x0000, 0x0000, 0x0000, 0x0000, 0x0000,
  0x0000, 0x0000, 0x0000, 0x0000, 0x0000, 0x0000, 0x0000, 0x0000, 0x0000, 0x0000, 0x0000, 0x0000,
  0x0000, 0x0000, 0x0000, 0x0000, 0x0000, 0x0000, 0x0000, 0x0000, 0x0000, 0x0000, 0x0000, 0x0000,
  0x0000, 0x0000, 0x0000, 0x0000, 0x0000, 0x0000, 0x0000, 0x0000, 0x0000, 0x0000, 0x0000, 0x0000,
  0x0841, 0x62EB, 0x528A, 0x3185, 0x0000, 0x0820, 0x0000, 0x0000, 0x18C3, 0x0841, 0x18C3, 0xB596,
  0xA514, 0x2103, 0x0000, 0x1840, 0x0000, 0x10A2, 0x62EB, 0x6B4D, 0x4A28, 0x0000, 0x0000, 0x0000,
  0x0800, 0x71C0, 0x5940, 0x71C0, 0x71C0, 0x0000, 0x71C0, 0x71C0, 0x71C0, 0x89E0, 0x71C0, 0x40E0,
  0x89E0, 0x5940, 0x1840, 0x71C0, 0x71C0, 0x5940, 0x71C0, 0x5940, 0x2060, 0x71C0, 0x0000, 0x89E0,
  0x0000, 0x40E0, 0x89E0, 0x89E0, 0x1840, 0x71C0, 0x89E0, 0x0000, 0x0000, 0x0000, 0x0000, 0x0000,
  0x0000, 0x0000, 0x0000, 0x0800, 0x0000, 0x0000, 0x0820, 0x0000, 0x0820, 0x0820, 0x0000, 0x0800,
  0x0000, 0x0800, 0x0800, 0x1840, 0x1840, 0x0000, 0x0000, 0x0000, 0x0000, 0x0000, 0x0800, 0x0820,
  0x0000, 0x0000, 0x0000, 0x0000, 0x0820, 0x0020, 0x0000, 0x0000, 0x0000, 0x0000, 0x0000, 0x0000,
  0x0000, 0x0000, 0x0000, 0x0000, 0x0000, 0x0800, 0x0000, 0x0000, 0x0000, 0x0000, 0x0000, 0x0020,
  0x0020, 0x0000, 0x0000, 0x0000, 0x0000, 0x0000, 0x0000, 0x0000, 0x0000, 0x0000, 0x0000, 0x0000,
  0x0000, 0x0000, 0x0000, 0x0000, 0x0000, 0x0000, 0x0000, 0x0000, 0x0000, 0x0000, 0x0000, 0x0000,
  0x0000, 0x0000, 0x0000, 0x0000, 0x0000, 0x0000, 0x0000, 0x0000, 0x0000, 0x0000, 0x0000, 0x0000,
  0x0000, 0x0000, 0x0000, 0x0000, 0x0000, 0x0000, 0x0000, 0x0000, 0x0000, 0x0000, 0x0000, 0x0000,
  0x0000, 0x0000, 0x0000, 0x0000, 0x0000, 0x0000, 0x0000, 0x0000, 0x0000, 0x0000, 0x0000, 0x0000,
  0x0000, 0x0000, 0x0000, 0x0000, 0x0000, 0x0000, 0x0000, 0x0000, 0x0000, 0x0000, 0x0000, 0x0000,
  0x0000, 0x0000, 0x0000, 0x0000, 0x0000, 0x0000, 0x0000, 0x0000, 0x0000, 0x0000, 0x0000, 0x0000,
  0x0000, 0x0000, 0x0000, 0x0000, 0x0000, 0x0000, 0x0000, 0x0000, 0x0000, 0x0000, 0x0000, 0x0000,
  0x0000, 0x0020, 0x0020, 0x0000, 0x0000, 0x0000, 0x0000, 0x0000, 0x0000, 0x0000, 0x0000, 0x0000,
  0x0000, 0x0000, 0x0000, 0x0000, 0x0000, 0x0000, 0x0000, 0x0000, 0x0000, 0x0000, 0x0000, 0x0000,
  0x0000, 0x0000, 0x0000, 0x0000, 0x0000, 0x0000, 0x0000, 0x0000, 0x0000, 0x0000, 0x0000, 0x0000,
  0x0000, 0x0000, 0x0000, 0x0000, 0x0000, 0x0000, 0x0000, 0x0000, 0x0000, 0x0000, 0x0000, 0x0000,
  0x0000, 0x0000, 0x0000, 0x0000, 0x0000, 0x0000, 0x0000, 0x0000, 0x0000, 0x0000, 0x0000, 0x0000,
  0x0000, 0x0000, 0x0000, 0x0000, 0x0000, 0x0000, 0x0000, 0x0000, 0x0000, 0x0000, 0x0000, 0x0000,
  0x0000, 0x0000, 0x0000, 0x0000, 0x0000, 0x0000, 0x0000, 0x0000, 0x0000, 0x0000, 0x0000, 0x0000,
  0x0000, 0x0000, 0x0000, 0x0000, 0x0000, 0x0000, 0x0000, 0x0000, 0x0000, 0x0000, 0x0000, 0x0000,
  0x0000, 0x0000, 0x0000, 0x0000, 0x0000, 0x0000, 0x0000, 0x0000, 0x0000, 0x0000, 0x0000, 0x0000,
  0x0000, 0x0000, 0x0000, 0x0000, 0x0000, 0x0000, 0x0000, 0x0000, 0x0000, 0x2944, 0x39C7, 0x39C7,
  0x0000, 0x0000, 0x0820, 0x7BEF, 0xF79E, 0xF79E, 0xA514, 0x62EB, 0xB596, 0xF79E, 0x528A, 0x0000,
  0x0000, 0x2103, 0x62EB, 0x3185, 0x18C3, 0x0000, 0x0000, 0x0000, 0x0820, 0x89E0, 0x30C0, 0x0000,
  0x71C0, 0x40E0, 0x89E0, 0x1840, 0xA260, 0x40E0, 0xB2C0, 0x1840, 0x89E0, 0x5940, 0x3080, 0x71C0,
  0x71C0, 0x40E0, 0x71C0, 0x5940, 0x30C0, 0x89E0, 0x40E0, 0x71C0, 0x0000, 0x40E0, 0x71C0, 0x71C0,
  0x30C0, 0x40E0, 0x5940, 0x0000, 0x0000, 0x0000, 0x0000, 0x0000, 0x0000, 0x0000, 0x0000, 0x0800,
  0x0000, 0x0000, 0x1020, 0x0000, 0x1020, 0x0800, 0x0800, 0x0000, 0x0820, 0x0000, 0x0000, 0x1020,
  0x0800, 0x0000, 0x0000, 0x0000, 0x0000, 0x0000, 0x0820, 0x0000, 0x0000, 0x0000, 0x0000, 0x0800,
  0x0820, 0x0000, 0x0000, 0x0000, 0x0000, 0x0000, 0x0000, 0x0000, 0x0000, 0x0000, 0x0000, 0x0000,
  0x0800, 0x0800, 0x0000, 0x0000, 0x0000, 0x0000, 0x0000, 0x0020, 0x0000, 0x0020, 0x0000, 0x0020,
  0x0000, 0x0000, 0x0000, 0x0000, 0x0000, 0x0000, 0x0000, 0x0000, 0x0000, 0x0000, 0x0000, 0x0000,
  0x0000, 0x0000, 0x0000, 0x0000, 0x0000, 0x0000, 0x0000, 0x0000, 0x0000, 0x0000, 0x0000, 0x0000,
  0x0000, 0x0000, 0x0000, 0x0000, 0x0000, 0x0000, 0x0000, 0x0000, 0x0000, 0x0000, 0x0000, 0x0000,
  0x0000, 0x0000, 0x0000, 0x0000, 0x0000, 0x0000, 0x0000, 0x0000, 0x0000, 0x0000, 0x0000, 0x0000,
  0x0000, 0x0000, 0x0000, 0x0000, 0x0000, 0x0000, 0x0000, 0x0000, 0x0000, 0x0000, 0x0000, 0x0000,
  0x0000, 0x0000, 0x0000, 0x0000, 0x0000, 0x0000, 0x0000, 0x0000, 0x0000, 0x0000, 0x0000, 0x0000,
  0x0000, 0x0000, 0x0000, 0x0000, 0x0000, 0x0000, 0x0000, 0x0000, 0x0000, 0x0000, 0x0000, 0x0000,
  0x0000, 0x0000, 0x0000, 0x0000, 0x0000, 0x0000, 0x0000, 0x0000, 0x0000, 0x0000, 0x0000, 0x0000,
  0x0000, 0x0000, 0x0000, 0x0000, 0x0000, 0x0000, 0x0000, 0x0000, 0x0000, 0x0000, 0x0000, 0x0000,
  0x0000, 0x0000, 0x0000, 0x0000, 0x0000, 0x0000, 0x0000, 0x0000, 0x0000, 0x0000, 0x0000, 0x0000,
  0x0000, 0x0000, 0x0000, 0x0000, 0x0000, 0x0000, 0x0000, 0x0000, 0x0000, 0x0000, 0x0000, 0x0000,
  0x0000, 0x0000, 0x0000, 0x0000, 0x0000, 0x0000, 0x0000, 0x0000, 0x0000, 0x0000, 0x0000, 0x0000,
  0x0000, 0x0000, 0x0000, 0x0000, 0x0000, 0x0000, 0x0000, 0x0000, 0x0000, 0x0000, 0x0000, 0x0000,
  0x0000, 0x0000, 0x0000, 0x0000, 0x0000, 0x0000, 0x0000, 0x0000, 0x0000, 0x0000, 0x0000, 0x0000,
  0x0000, 0x0000, 0x0000, 0x0000, 0x0000, 0x0000, 0x0000, 0x0000, 0x0000, 0x0000, 0x0000, 0x0000,
  0x0000, 0x0000, 0x0000, 0x0000, 0x0000, 0x0000, 0x0000, 0x0000, 0x0000, 0x0000, 0x0000, 0x0000,
  0x0000, 0x0000, 0x0000, 0x0000, 0x0000, 0x0000, 0x0000, 0x0000, 0x0000, 0x0000, 0x0000, 0x0000,
  0x0000, 0x0000, 0x0000, 0x0000, 0x0020, 0x4A28, 0x528A, 0x4A28, 0x0000, 0x0000, 0x73AE, 0x2103,
  0x6B4D, 0xB596, 0xF79E, 0xF79E, 0x62EB, 0x8C51, 0xF79E, 0x3185, 0x0000, 0x10A2, 0x528A, 0x4A28,
  0x2944, 0x0000, 0x0000, 0x0000, 0x0020, 0x2060, 0x0000, 0x0000, 0x1840, 0x5940, 0x2060, 0x0000,
  0x30C0, 0x1020, 0x40E0, 0x0000, 0x30C0, 0x40E0, 0x2060, 0x1840, 0x0800, 0x2060, 0x30C0, 0x5940,
  0x2060, 0x40E0, 0x5940, 0x0820, 0x0000, 0x1020, 0x40E0, 0x30C0, 0x0000, 0x1840, 0x2060, 0x0000,
  0x0000, 0x0000, 0x0000, 0x0000, 0x0000, 0x0800, 0x0000, 0x0000, 0x0000, 0x0800, 0x1020, 0x0800,
  0x1020, 0x0000, 0x0800, 0x0800, 0x0820, 0x0000, 0x1020, 0x0820, 0x0000, 0x0000, 0x0000, 0x0000,
  0x0000, 0x0000, 0x1020, 0x0000, 0x0000, 0x0000, 0x0800, 0x0000, 0x0800, 0x0000, 0x0000, 0x0000,
  0x0800, 0x0000, 0x0000, 0x0000, 0x0000, 0x0000, 0x0000, 0x0800, 0x0800, 0x0000, 0x0020, 0x0800,
  0x0000, 0x0000, 0x0000, 0x0000, 0x0000, 0x0020, 0x0820, 0x0020, 0x0000, 0x0000, 0x0000, 0x0000,
  0x0000, 0x0000, 0x0000, 0x0000, 0x0000, 0x0000, 0x0000, 0x0000, 0x0000, 0x0000, 0x0000, 0x0000,
  0x0000, 0x0000, 0x0000, 0x0000, 0x0000, 0x0000, 0x0000, 0x0000, 0x0000, 0x0000, 0x0000, 0x0000,
  0x0000, 0x0000, 0x0000, 0x0000, 0x0000, 0x0000, 0x0000, 0x0000, 0x0000, 0x0000, 0x0000, 0x0000,
  0x0000, 0x0000, 0x0000, 0x0000, 0x0000, 0x0000, 0x0000, 0x0000, 0x0000, 0x0000, 0x0000, 0x0000,
  0x0000, 0x0000, 0x0000, 0x0000, 0x0000, 0x0000, 0x0000, 0x0000, 0x0000, 0x0000, 0x0000, 0x0000,
  0x0000, 0x0000, 0x0000, 0x0000, 0x0000, 0x0000, 0x0000, 0x0000, 0x0000, 0x0000, 0x0000, 0x0000,
  0x0000, 0x0000, 0x0020, 0x0000, 0x0000, 0x0000, 0x0020, 0x0000, 0x0000, 0x0020, 0x0000, 0x0000,
  0x0020, 0x0000, 0x0000, 0x0000, 0x0000, 0x0000, 0x0000, 0x0020, 0x0000, 0x0000, 0x0000, 0x0000,
  0x0020, 0x0000, 0x0000, 0x0000, 0x0000, 0x0000, 0x0000, 0x0000, 0x0000, 0x0000, 0x0000, 0x0000,
  0x0000, 0x0000, 0x0000, 0x0000, 0x0000, 0x0000, 0x0000, 0x0000, 0x0000, 0x0000, 0x0000, 0x0000,
  0x0000, 0x0000, 0x0000, 0x0000, 0x0000, 0x0000, 0x0000, 0x0000, 0x0000, 0x0000, 0x0000, 0x0000,
  0x0000, 0x0000, 0x0000, 0x0000, 0x0000, 0x0000, 0x0000, 0x0000, 0x0000, 0x0000, 0x0000, 0x0000,
  0x0000, 0x0000, 0x0000, 0x0000, 0x0000, 0x0000, 0x0000, 0x0000, 0x0000, 0x0000, 0x0000, 0x0000,
  0x0000, 0x0000, 0x0000, 0x0000, 0x0000, 0x0000, 0x0000, 0x0000, 0x0000, 0x0000, 0x0000, 0x0000,
  0x0000, 0x0000, 0x0000, 0x0000, 0x0000, 0x0000, 0x0000, 0x0000, 0x0000, 0x0000, 0x0000, 0x0000,
  0x0000, 0x0000, 0x0000, 0x0000, 0x0000, 0x0000, 0x0000, 0x0000, 0x0000, 0x0000, 0x0000, 0x0000,
  0x0000, 0x0000, 0x0000, 0x0000, 0x0000, 0x0000, 0x0000, 0x0000, 0x0800, 0x0000, 0x0000, 0x0000,
  0x0820, 0x4A28, 0x528A, 0x4A28, 0x0000, 0x2944, 0xF79E, 0xBDF7, 0xD69A, 0x8C51, 0x528A, 0xD69A,
  0xF79E, 0x62EB, 0xA514, 0xBDF7, 0x0000, 0x2103, 0x6B4D, 0x528A, 0x39C7, 0x0000, 0x0000, 0x0000,
  0x0000, 0x0000, 0x0000, 0x0000, 0x0000, 0x0000, 0x0000, 0x0000, 0x0000, 0x0000, 0x0000, 0x0000,
  0x0000, 0x0000, 0x0000, 0x0000, 0x0000, 0x0000, 0x0000, 0x0000, 0x0000, 0x0000, 0x0000, 0x0000,
  0x0000, 0x0000, 0x0000, 0x0000, 0x0000, 0x0000, 0x0000, 0x0000, 0x0000, 0x0000, 0x0000, 0x0000,
  0x0000, 0x0800, 0x0000, 0x0000, 0x0000, 0x0820, 0x0800, 0x0820, 0x0820, 0x0820, 0x0000, 0x1020,
  0x0000, 0x0800, 0x1840, 0x0000, 0x0000, 0x0000, 0x0000, 0x0000, 0x0000, 0x0820, 0x1840, 0x1020,
  0x0000, 0x1020, 0x1020, 0x0000, 0x0000, 0x0000, 0x0800, 0x0800, 0x0000, 0x0000, 0x0800, 0x0800,
  0x0000, 0x0000, 0x0000, 0x0000, 0x0800, 0x0020, 0x0800, 0x0800, 0x0000, 0x0000, 0x0000, 0x0000,
  0x0000, 0x0020, 0x0000, 0x0000, 0x0000, 0x0000, 0x0000, 0x0000, 0x0000, 0x0000, 0x0000, 0x0000,
  0x0000, 0x0000, 0x0000, 0x0000, 0x0000, 0x0000, 0x0000, 0x0000, 0x0000, 0x0000, 0x0000, 0x0000,
  0x0000, 0x0000, 0x0000, 0x0000, 0x0000, 0x0000, 0x0000, 0x0000, 0x0000, 0x0000, 0x0000, 0x0000,
  0x0000, 0x0000, 0x0000, 0x0000, 0x0000, 0x0000, 0x0000, 0x0000, 0x0000, 0x0000, 0x0000, 0x0000,
  0x0000, 0x0000, 0x0000, 0x0000, 0x0000, 0x0000, 0x0000, 0x0000, 0x0000, 0x0000, 0x0000, 0x0000,
  0x0000, 0x0000, 0x0000, 0x0000, 0x0000, 0x0000, 0x0000, 0x0000, 0x0000, 0x0000, 0x0000, 0x0000,
  0x0000, 0x0000, 0x0000, 0x0000, 0x0000, 0x0000, 0x0000, 0x0020, 0x0000, 0x0000, 0x0000, 0x0000,
  0x0000, 0x0000, 0x0000, 0x0000, 0x0000, 0x0000, 0x0000, 0x0000, 0x0020, 0x0020, 0x0000, 0x0000,
  0x0000, 0x0000, 0x0020, 0x0000, 0x0000, 0x0000, 0x0000, 0x0000, 0x0000, 0x0000, 0x0000, 0x0000,
  0x0000, 0x0000, 0x0000, 0x0000, 0x0000, 0x0000, 0x0000, 0x0000, 0x0000, 0x0000, 0x0000, 0x0000,
  0x0000, 0x0000, 0x0000, 0x0000, 0x0000, 0x0000, 0x0000, 0x0000, 0x0000, 0x0000, 0x0000, 0x0000,
  0x0000, 0x0000, 0x0000, 0x0000, 0x0000, 0x0000, 0x0000, 0x0000, 0x0000, 0x0000, 0x0000, 0x0000,
  0x0000, 0x0000, 0x0000, 0x0000, 0x0000, 0x0000, 0x0000, 0x0000, 0x0000, 0x0000, 0x0000, 0x0000,
  0x0000, 0x0000, 0x0000, 0x0000, 0x0000, 0x0000, 0x0000, 0x0000, 0x0000, 0x0000, 0x0000, 0x0000,
  0x0000, 0x0000, 0x0000, 0x0000, 0x0000, 0x0000, 0x0000, 0x0000, 0x0000, 0x0000, 0x0000, 0x0000,
  0x0000, 0x0000, 0x0000, 0x0000, 0x0000, 0x0000, 0x0000, 0x0000, 0x0000, 0x0000, 0x0000, 0x0000,
  0x0000, 0x0000, 0x0000, 0x0000, 0x0000, 0x0000, 0x0000, 0x0000, 0x0000, 0x0000, 0x0000, 0x0000,
  0x0000, 0x0000, 0x0000, 0x0000, 0x0800, 0x0000, 0x0000, 0x0000, 0x0000, 0x10A2, 0x39C7, 0x528A,
  0x0000, 0x6B4D, 0xF79E, 0x8C51, 0xB596, 0xF79E, 0xF79E, 0x4A28, 0xD69A, 0xF79E, 0x4A28, 0xD69A,
  0x10A2, 0x18C3, 0x528A, 0x2944, 0x0841, 0x0000, 0x0000, 0x0000, 0x0000, 0x0000, 0x0000, 0x0000,
  0x0000, 0x0000, 0x0000, 0x0000, 0x0000, 0x0000, 0x1061, 0x0020, 0x0000, 0x0000, 0x0000, 0x0000,
  0x0000, 0x0000, 0x0000, 0x0000, 0x0000, 0x0020, 0x0000, 0x0000, 0x1061, 0x0000, 0x0000, 0x0020,
  0x0000, 0x0000, 0x0020, 0x0020, 0x0000, 0x0000, 0x0000, 0x0000, 0x0000, 0x0000, 0x0820, 0x0000,
  0x0000, 0x1020, 0x0800, 0x1020, 0x0820, 0x0800, 0x0820, 0x1020, 0x0000, 0x1020, 0x0820, 0x0000,
  0x0000, 0x0000, 0x0000, 0x0000, 0x0000, 0x0820, 0x1840, 0x0820, 0x0000, 0x0000, 0x1020, 0x0000,
  0x0000, 0x0000, 0x1020, 0x0000, 0x0800, 0x0000, 0x0000, 0x0000, 0x0000, 0x0000, 0x0800, 0x0800,
  0x0820, 0x0000, 0x0000, 0x0000, 0x0000, 0x0800, 0x0000, 0x0000, 0x0020, 0x0820, 0x0000, 0x0000,
  0x0000, 0x0000, 0x0020, 0x0000, 0x0000, 0x0000, 0x0000, 0x0000, 0x0000, 0x0000, 0x0000, 0x0000,
  0x0000, 0x0000, 0x0000, 0x0000, 0x0000, 0x0000, 0x0000, 0x0000, 0x0000, 0x0000, 0x0000, 0x0000,
  0x0000, 0x0000, 0x0000, 0x0000, 0x0000, 0x0000, 0x0000, 0x0000, 0x0000, 0x0000, 0x0000, 0x0000,
  0x0000, 0x0000, 0x0000, 0x0000, 0x0000, 0x0000, 0x0000, 0x0000, 0x0000, 0x0000, 0x0000, 0x0000,
  0x0000, 0x0000, 0x0000, 0x0000, 0x0000, 0x0000, 0x0000, 0x0000, 0x0000, 0x0000, 0x0000, 0x0000,
  0x0000, 0x0000, 0x0000, 0x0000, 0x0000, 0x0000, 0x0000, 0x0000, 0x0000, 0x0800, 0x0000, 0x0000,
  0x0000, 0x0000, 0x0000, 0x0000, 0x0020, 0x0800, 0x0800, 0x0000, 0x0000, 0x0000, 0x0000, 0x0000,
  0x0000, 0x0000, 0x0000, 0x0000, 0x0000, 0x0000, 0x0000, 0x0000, 0x0000, 0x0000, 0x0000, 0x0000,
  0x0000, 0x0000, 0x0000, 0x0000, 0x0000, 0x0000, 0x0000, 0x0000, 0x0000, 0x0000, 0x0000, 0x0000,
  0x0000, 0x0000, 0x0000, 0x0000, 0x0000, 0x0000, 0x0000, 0x0000, 0x0000, 0x0000, 0x0000, 0x0000,
  0x0000, 0x0000, 0x0000, 0x0000, 0x0000, 0x0000, 0x0000, 0x0000, 0x0000, 0x0000, 0x0000, 0x0000,
  0x0000, 0x0000, 0x0000, 0x0000, 0x0000, 0x0000, 0x0000, 0x0000, 0x0000, 0x0000, 0x0000, 0x0000,
  0x0000, 0x0000, 0x0000, 0x0000, 0x0000, 0x0000, 0x0000, 0x0000, 0x0000, 0x0000, 0x0000, 0x0000,
  0x0000, 0x0000, 0x0000, 0x0000, 0x0000, 0x0000, 0x0000, 0x0000, 0x0000, 0x0000, 0x0000, 0x0000,
  0x0000, 0x0000, 0x0000, 0x0000, 0x0000, 0x0000, 0x0000, 0x0000, 0x0000, 0x0000, 0x0000, 0x0000,
  0x0000, 0x0000, 0x0000, 0x0000, 0x0000, 0x0000, 0x0000, 0x0000, 0x0000, 0x0000, 0x0000, 0x0000,
  0x0000, 0x0000, 0x0000, 0x0000, 0x0000, 0x0000, 0x0000, 0x0000, 0x0000, 0x0000, 0x0000, 0x0000,
  0x0000, 0x0800, 0x0000, 0x0000, 0x1061, 0x62EB, 0x528A, 0x39C7, 0x0000, 0x62EB, 0xB596, 0x94B2,
  0x73AE, 0x528A, 0xF79E, 0xD69A, 0x4A28, 0xF79E, 0xA514, 0x6B4D, 0x2944, 0x0841, 0x62EB, 0x6B4D,
  0x4A28, 0x0000, 0x0020, 0x0000, 0x0000, 0x94B2, 0xD69A, 0xD69A, 0xD69A, 0xD69A, 0x73AE, 0x0000,
  0x39C7, 0xBDF7, 0xF79E, 0xD69A, 0x73AE, 0x0000, 0x0841, 0xA514, 0xD69A, 0xD69A, 0xD69A, 0x8C51,
  0x10A2, 0x0000, 0x3185, 0xBDF7, 0xF79E, 0xBDF7, 0x39C7, 0x0000, 0x0020, 0x7BEF, 0xD69A, 0xD69A,
  0x6B4D, 0x0000, 0x0000, 0x0000, 0x0000, 0x0000, 0x0820, 0x0800, 0x0000, 0x0000, 0x1020, 0x0820,
  0x1840, 0x0000, 0x0800, 0x1020, 0x0800, 0x1020, 0x0000, 0x0000, 0x0000, 0x0000, 0x0000, 0x0000,
  0x0000, 0x0820, 0x0820, 0x0000, 0x0000, 0x0000, 0x1020, 0x0000, 0x0820, 0x1840, 0x0820, 0x0800,
  0x0800, 0x0000, 0x0000, 0x0820, 0x0820, 0x0820, 0x0820, 0x0800, 0x0000, 0x0000, 0x0820, 0x0000,
  0x0800, 0x0800, 0x0800, 0x0820, 0x0000, 0x0000, 0x0000, 0x0000, 0x0000, 0x0000, 0x0000, 0x0000,
  0x0000, 0x0000, 0x0000, 0x0000, 0x0000, 0x0000, 0x0000, 0x0000, 0x0000, 0x0000, 0x0000, 0x0000,
  0x0000, 0x0000, 0x0000, 0x0000, 0x0000, 0x0000, 0x0000, 0x0000, 0x0000, 0x0000, 0x0000, 0x0000,
  0x0000, 0x0000, 0x0000, 0x0000, 0x0000, 0x0000, 0x0000, 0x0000, 0x0000, 0x0000, 0x0000, 0x0000,
  0x0000, 0x0000, 0x0000, 0x0000, 0x0000, 0x0000, 0x0000, 0x0000, 0x0000, 0x0000, 0x0000, 0x0000,
  0x0000, 0x0000, 0x0000, 0x0000, 0x0000, 0x0000, 0x0000, 0x0000, 0x0000, 0x0000, 0x0000, 0x0000,
  0x0000, 0x0000, 0x0000, 0x0000, 0x0000, 0x0000, 0x0000, 0x0000, 0x0000, 0x0000, 0x0000, 0x0000,
  0x0000, 0x0000, 0x0000, 0x0800, 0x0000, 0x0000, 0x0000, 0x0000, 0x0000, 0x0000, 0x0000, 0x0000,
  0x0000, 0x0000, 0x0000, 0x0000, 0x0000, 0x0000, 0x0000, 0x0020, 0x0000, 0x0000, 0x0000, 0x0000,
  0x0000, 0x0000, 0x0000, 0x0000, 0x0000, 0x0000, 0x0000, 0x0000, 0x0000, 0x0000, 0x0000, 0x0000,
  0x0000, 0x0000, 0x0000, 0x0000, 0x0000, 0x0000, 0x0000, 0x0000, 0x0000, 0x0000, 0x0000, 0x0000,
  0x0000, 0x0000, 0x0000, 0x0000, 0x0000, 0x0000, 0x0000, 0x0000, 0x0000, 0x0000, 0x0000, 0x0000,
  0x0000, 0x0000, 0x0000, 0x0000, 0x0000, 0x0000, 0x0000, 0x0000, 0x0000, 0x0000, 0x0000, 0x0000,
  0x0000, 0x0000, 0x0000, 0x0000, 0x0000, 0x0000, 0x0000, 0x0000, 0x0000, 0x0000, 0x0000, 0x0000,
  0x0000, 0x0000, 0x0000, 0x0000, 0x0000, 0x0000, 0x0000, 0x0000, 0x0000, 0x0000, 0x0000, 0x0000,
  0x0000, 0x0000, 0x0000, 0x0000, 0x0000, 0x0000, 0x0000, 0x0000, 0x0000, 0x0000, 0x0000, 0x0000,
  0x0000, 0x0000, 0x0000, 0x0000, 0x0000, 0x0000, 0x0000, 0x0000, 0x0000, 0x0000, 0x0000, 0x0000,
  0x0000, 0x0000, 0x0000, 0x0000, 0x0000, 0x0000, 0x0000, 0x0000, 0x0000, 0x0000, 0x0000, 0x0000,
  0x0000, 0x18C3, 0x3185, 0x4A28, 0x0000, 0x4A28, 0x39C7, 0xBDF7, 0xF79E, 0xB596, 0x528A, 0xF79E,
  0x6B4D, 0xB596, 0xA514, 0x2103, 0x0000, 0x18C3, 0x528A, 0x2944, 0x1061, 0x0000, 0x0000, 0x0000,
  0x0000, 0xBDF7, 0xF79E, 0x73AE, 0x73AE, 0x7BEF, 0x4A28, 0x0820, 0xD69A, 0xBDF7, 0x4A28, 0x8C51,
  0xF79E, 0x528A, 0x0000, 0xD69A, 0xD69A, 0x73AE, 0x8C51, 0xF79E, 0xA514, 0x0000, 0xD69A, 0xD69A,
  0x4A28, 0xD69A, 0xD69A, 0x0000, 0x73AE, 0xF79E, 0x6B4D, 0x8C51, 0xF79E, 0x4A28, 0x0000, 0x0000,
  0x0000, 0x0000, 0x0000, 0x0820, 0x0000, 0x0000, 0x1020, 0x0000, 0x1840, 0x0820, 0x0800, 0x0820,
  0x1840, 0x1020, 0x0000, 0x0000, 0x1020, 0x0000, 0x0000, 0x0000, 0x0800, 0x10A2, 0x1061, 0x0000,
  0x0000, 0x1020, 0x0820, 0x0820, 0x1840, 0x1840, 0x0000, 0x0820, 0x0000, 0x0000, 0x0820, 0x0820,
  0x0820, 0x0800, 0x0000, 0x0000, 0x0000, 0x0820, 0x0000, 0x0000, 0x0000, 0x0000, 0x0000, 0x0800,
  0x0000, 0x0020, 0x0000, 0x0000, 0x0000, 0x0000, 0x0000, 0x0000, 0x0000, 0x0000, 0x0020, 0x0000,
  0x0000, 0x0020, 0x0000, 0x0000, 0x0000, 0x0000, 0x0000, 0x0000, 0x0000, 0x0000, 0x0000, 0x0000,
  0x0000, 0x0000, 0x0000, 0x0000, 0x0000, 0x0000, 0x0000, 0x0000, 0x30C0, 0x40E0, 0x0000, 0x0000,
  0x0000, 0x0000, 0x0000, 0x0000, 0x0000, 0x0000, 0x0000, 0x0000, 0x0000, 0x0000, 0x0000, 0x0000,
  0x0000, 0x0000, 0x0000, 0x0000, 0x59C1, 0x1061, 0x0000, 0x0000, 0x0000, 0x0000, 0x0000, 0x0000,
  0x0000, 0x0000, 0x0000, 0x0000, 0x0000, 0x0000, 0x0000, 0x0000, 0x0000, 0x0000, 0x0000, 0x0000,
  0x0000, 0x0000, 0x0000, 0x0000, 0x0000, 0x0000, 0x0000, 0x0000, 0x0000, 0x0000, 0x0000, 0x0000,
  0x0000, 0x0000, 0x0000, 0x0000, 0x0000, 0x0020, 0x0000, 0x0000, 0x0000, 0x0000, 0x0000, 0x0000,
  0x0000, 0x0000, 0x0000, 0x0000, 0x0000, 0x0000, 0x0020, 0x0000, 0x0020, 0x0000, 0x0000, 0x0000,
  0x0000, 0x0000, 0x0000, 0x0000, 0x0000, 0x0000, 0x0000, 0x0000, 0x0000, 0x0000, 0x0000, 0x0000,
  0x0000, 0x0000, 0x0000, 0x0000, 0x0000, 0x0000, 0x0000, 0x0000, 0x0000, 0x0000, 0x0000, 0x0000,
  0x0000, 0x0000, 0x0000, 0x0000, 0x0000, 0x0000, 0x0000, 0x0000, 0x0000, 0x0000, 0x0000, 0x0000,
  0x0000, 0x0000, 0x0000, 0x0000, 0x0000, 0x0000, 0x0000, 0x0000, 0x0000, 0x0000, 0x0000, 0x0000,
  0x0000, 0x0000, 0x0000, 0x0000, 0x0000, 0x0000, 0x0000, 0x0000, 0x0000, 0x0000, 0x0000, 0x0000,
  0x0000, 0x0000, 0x0000, 0x0000, 0x0000, 0x0000, 0x0000, 0x0000, 0x0000, 0x0000, 0x0000, 0x0000,
  0x0000, 0x0000, 0x0000, 0x0000, 0x0000, 0x0000, 0x0000, 0x0000, 0x0000, 0x0000, 0x0000, 0x0000,
  0x0000, 0x0000, 0x0000, 0x0000, 0x0000, 0x0000, 0x0000, 0x0000, 0x0000, 0x0000, 0x0000, 0x0000,
  0x0000, 0x0000, 0x0000, 0x0000, 0x0000, 0x0000, 0x0000, 0x0000, 0x0820, 0x4A28, 0x528A, 0x4A28,
  0x0000, 0x2944, 0x6B4D, 0x0000, 0x0820, 0xF79E, 0x73AE, 0xD69A, 0xA514, 0xA514, 0x4A28, 0x0000,
  0x0000, 0x2103, 0x62EB, 0x39C7, 0x3185, 0x0000, 0x0000, 0x0000, 0x0000, 0xBDF7, 0xBDF7, 0x0000,
  0x0000, 0x0000, 0x0000, 0x2103, 0xF79E, 0x94B2, 0x0000, 0x0000, 0x4A28, 0x2944, 0x0000, 0xD69A,
  0x94B2, 0x0000, 0x0000, 0x94B2, 0xD69A, 0x10A2, 0x4A28, 0x18C3, 0x0000, 0x8C51, 0xD69A, 0x0000,
  0x6B4D, 0x7BEF, 0x0000, 0x0820, 0xF79E, 0x73AE, 0x0000, 0x0020, 0x0000, 0x0000, 0x0000, 0x0820,
  0x0820, 0x0000, 0x0820, 0x0820, 0x0820, 0x1840, 0x0820, 0x0820, 0x0820, 0x1840, 0x0820, 0x0000,
  0x18C3, 0x2944, 0x0000, 0x0000, 0x1020, 0x18C3, 0x1840, 0x0000, 0x0000, 0x1020, 0x0800, 0x0000,
  0x1020, 0x0820, 0x0000, 0x0820, 0x0800, 0x0000, 0x1020, 0x0800, 0x0000, 0x0000, 0x0820, 0x1020,
  0x0820, 0x0000, 0x0000, 0x0820, 0x0000, 0x0000, 0x0000, 0x0820, 0x0000, 0x0000, 0x0000, 0x0000,
  0x0000, 0x0000, 0x0000, 0x0000, 0x0000, 0x0000, 0x0000, 0x0000, 0x0000, 0x0000, 0x0000, 0x0000,
  0x0000, 0x0000, 0x0000, 0x0000, 0x0000, 0x0000, 0x0000, 0x0000, 0x0000, 0x0000, 0x0000, 0x0000,
  0x0000, 0x0000, 0x0000, 0x18C3, 0xFC20, 0x71C0, 0x0000, 0x0800, 0x0000, 0x0000, 0x0000, 0x0000,
  0x0000, 0x0000, 0x0000, 0x0000, 0x0000, 0x0000, 0x0000, 0x0000, 0x0000, 0x0000, 0x0000, 0x0000,
  0xB2C0, 0xDB41, 0x0000, 0x0000, 0x0000, 0x0000, 0x0000, 0x0000, 0x0000, 0x0000, 0x0000, 0x0000,
  0x0000, 0x0000, 0x0000, 0x0000, 0x0000, 0x0000, 0x0000, 0x0000, 0x0000, 0x0000, 0x0000, 0x0800,
  0x0000, 0x0000, 0x0020, 0x0000, 0x0000, 0x0000, 0x0000, 0x0000, 0x0000, 0x0000, 0x0000, 0x0020,
  0x0000, 0x0000, 0x0000, 0x0000, 0x0000, 0x0000, 0x0000, 0x0000, 0x0000, 0x0000, 0x0000, 0x0000,
  0x0000, 0x0020, 0x0000, 0x0000, 0x0000, 0x0000, 0x0000, 0x0000, 0x0000, 0x0000, 0x0000, 0x0000,
  0x0000, 0x0000, 0x0000, 0x0000, 0x0000, 0x0000, 0x0000, 0x0000, 0x0000, 0x0000, 0x0000, 0x0000,
  0x0000, 0x0000, 0x0000, 0x0000, 0x0000, 0x0000, 0x0000, 0x0000, 0x0000, 0x0000, 0x0000, 0x0000,
  0x0000, 0x0000, 0x0000, 0x0000, 0x0000, 0x0000, 0x0000, 0x0000, 0x0000, 0x0000, 0x0000, 0x0000,
  0x0000, 0x0000, 0x0000, 0x0000, 0x0000, 0x0000, 0x0000, 0x0000, 0x0000, 0x0000, 0x0000, 0x0000,
  0x0000, 0x0000, 0x0000, 0x0000, 0x0000, 0x0000, 0x0000, 0x0000, 0x0000, 0x0000, 0x0000, 0x0000,
  0x0000, 0x0000, 0x0000, 0x0000, 0x0000, 0x0000, 0x0000, 0x0000, 0x0000, 0x0000, 0x0000, 0x0000,
  0x0000, 0x0000, 0x0000, 0x0000, 0x0000, 0x0000, 0x0000, 0x0000, 0x0000, 0x0000, 0x0000, 0x0000,
  0x0000, 0x0000, 0x0000, 0x0000, 0x0000, 0x0000, 0x0000, 0x0000, 0x0000, 0x0000, 0x0800, 0x0000,
  0x0000, 0x0000, 0x0000, 0x0000, 0x0820, 0x4A28, 0x528A, 0x528A, 0x0000, 0x0000, 0x6B4D, 0x7BEF,
  0x62EB, 0xF79E, 0x7BEF, 0xBDF7, 0xB596, 0x8C51, 0x94B2, 0x10A2, 0x0000, 0x10A2, 0x528A, 0x4A28,
  0x3185, 0x0000, 0x0000, 0x0020, 0x0000, 0xB596, 0xF79E, 0xD69A, 0xD69A, 0xF79E, 0x3185, 0x0000,
  0x7BEF, 0xF79E, 0xF79E, 0xBDF7, 0x62EB, 0x0000, 0x0020, 0xBDF7, 0xB596, 0x4A28, 0x6B4D, 0xD69A,
  0xB596, 0x0000, 0x0000, 0x2944, 0xD69A, 0xF79E, 0x528A, 0x0000, 0x0000, 0x0000, 0x0000, 0x94B2,
  0xF79E, 0x2944, 0x0000, 0x0000, 0x0800, 0x0000, 0x0000, 0x0820, 0x1020, 0x0820, 0x0000, 0x1840,
  0x0000, 0x1020, 0x1020, 0x0820, 0x1020, 0x1020, 0x1840, 0x1020, 0x0020, 0x10A2, 0x10A2, 0x0000,
  0x0000, 0x0000, 0x1061, 0x1061, 0x0000, 0x1020, 0x1840, 0x0000, 0x0000, 0x0000, 0x0000, 0x0800,
  0x0000, 0x1020, 0x1020, 0x0000, 0x0000, 0x0820, 0x1840, 0x1020, 0x0000, 0x0820, 0x0800, 0x0800,
  0x0000, 0x0000, 0x0000, 0x0000, 0x0000, 0x0820, 0x0000, 0x0000, 0x0000, 0x0020, 0x0000, 0x0000,
  0x0000, 0x0000, 0x0000, 0x0000, 0x0000, 0x0000, 0x0000, 0x0000, 0x0000, 0x0000, 0x0000, 0x0000,
  0x0000, 0x0000, 0x0000, 0x0000, 0x0000, 0x0000, 0x0000, 0x0000, 0x0000, 0x0000, 0x0820, 0xDB41,
  0x89E0, 0x0000, 0x0000, 0x0000, 0x0000, 0x0000, 0x0000, 0x0000, 0x0000, 0x0000, 0x0000, 0x0000,
  0x0000, 0x0000, 0x0000, 0x0000, 0x0000, 0x0000, 0x0000, 0x0000, 0x0000, 0xDB41, 0xB2C0, 0x0000,
  0x0000, 0x0000, 0x0000, 0x0000, 0x0000, 0x0000, 0x0000, 0x0000, 0x0000, 0x0000, 0x0000, 0x0000,
  0x0000, 0x0000, 0x0000, 0x0000, 0x0000, 0x0000, 0x0000, 0x0000, 0x0000, 0x0000, 0x0800, 0x0820,
  0x0000, 0x0000, 0x0000, 0x0000, 0x0000, 0x0000, 0x0000, 0x0020, 0x0000, 0x0000, 0x0000, 0x0000,
  0x0020, 0x0000, 0x0020, 0x0000, 0x0000, 0x0000, 0x0000, 0x0020, 0x0000, 0x0000, 0x0020, 0x0020,
  0x0000, 0x0000, 0x0000, 0x0000, 0x0000, 0x0000, 0x0000, 0x0000, 0x0000, 0x0000, 0x0000, 0x0000,
  0x0000, 0x0000, 0x0000, 0x0000, 0x0000, 0x0000, 0x0000, 0x0000, 0x0000, 0x0000, 0x0000, 0x0000,
  0x0000, 0x0000, 0x0000, 0x0000, 0x0000, 0x0000, 0x0000, 0x0000, 0x0000, 0x0000, 0x0000, 0x0000,
  0x0000, 0x0000, 0x0000, 0x0000, 0x0000, 0x0000, 0x0000, 0x0000, 0x0000, 0x0000, 0x0000, 0x0000,
  0x0000, 0x0000, 0x0000, 0x0000, 0x0000, 0x0000, 0x0000, 0x0000, 0x0000, 0x0000, 0x0000, 0x0000,
  0x0000, 0x0000, 0x0000, 0x0000, 0x0000, 0x0000, 0x0000, 0x0000, 0x0000, 0x0000, 0x0000, 0x0000,
  0x0000, 0x0000, 0x0000, 0x0000, 0x0000, 0x0000, 0x0000, 0x0000, 0x0000, 0x0000, 0x0000, 0x0000,
  0x0000, 0x0000, 0x0000, 0x0020, 0x0000, 0x0000, 0x0000, 0x0000, 0x0000, 0x0000, 0x0000, 0x0000,
  0x0000, 0x0000, 0x0000, 0x0000, 0x0800, 0x0000, 0x0000, 0x0000, 0x0000, 0x0000, 0x0000, 0x0000,
  0x0000, 0x2103, 0x4A28, 0x528A, 0x0000, 0x0000, 0x0000, 0x7BEF, 0xA514, 0x94B2, 0x2944, 0xB596,
  0x7BEF, 0x73AE, 0x73AE, 0x0020, 0x0000, 0x2103, 0x528A, 0x2944, 0x1061, 0x0000, 0x0000, 0x0000,
  0x0000, 0xB596, 0xD69A, 0x6B4D, 0x6B4D, 0x6B4D, 0x10A2, 0x0000, 0x0000, 0x2944, 0x6B4D, 0xA514,
  0xF79E, 0x6B4D, 0x0000, 0xBDF7, 0xD69A, 0xD69A, 0xD69A, 0xA514, 0x2103, 0x0000, 0x0000, 0x10A2,
  0x528A, 0x94B2, 0xB596, 0x10A2, 0x0000, 0x0841, 0xA514, 0xF79E, 0x528A, 0x0000, 0x0020, 0x0800,
  0x0820, 0x0000, 0x0000, 0x0000, 0x0820, 0x0820, 0x0800, 0x1020, 0x0000, 0x0800, 0x1840, 0x1020,
  0x0820, 0x1840, 0x1020, 0x0000, 0x0000, 0x10A2, 0x1061, 0x1020, 0x0000, 0x1061, 0x2060, 0x10A2,
  0x0800, 0x0820, 0x1020, 0x0000, 0x0000, 0x0000, 0x0000, 0x0000, 0x0820, 0x1020, 0x0820, 0x0000,
  0x0800, 0x1020, 0x0820, 0x0000, 0x0800, 0x0820, 0x0000, 0x0000, 0x0800, 0x1020, 0x0000, 0x0000,
  0x0000, 0x0000, 0x0000, 0x0000, 0x0020, 0x0000, 0x0000, 0x0000, 0x0000, 0x0000, 0x0000, 0x0000,
  0x0000, 0x0020, 0x0000, 0x0000, 0x0000, 0x0000, 0x0000, 0x0000, 0x0000, 0x0000, 0x0000, 0x0000,
  0x0000, 0x0000, 0x0000, 0x0000, 0x0000, 0x0000, 0xAB21, 0xB2C0, 0x0000, 0x0000, 0x10A2, 0xA260,
  0x1020, 0x0000, 0x0000, 0x0000, 0x0000, 0x0000, 0x0000, 0x0000, 0x0000, 0x0000, 0x0000, 0x0000,
  0x0000, 0x30C0, 0x89E0, 0x0000, 0x0000, 0x0820, 0xFB80, 0x59C1, 0x0000, 0x0000, 0x0000, 0x0000,
  0x0000, 0x0000, 0x0000, 0x0000, 0x0000, 0x0000, 0x0000, 0x0000, 0x0000, 0x0000, 0x0000, 0x0000,
  0x0000, 0x0000, 0x0000, 0x0000, 0x0000, 0x0000, 0x0000, 0x0000, 0x0000, 0x0020, 0x0000, 0x0000,
  0x0000, 0x0020, 0x0020, 0x0000, 0x0000, 0x0000, 0x0020, 0x0020, 0x0000, 0x0000, 0x0000, 0x0020,
  0x0020, 0x0020, 0x0020, 0x0000, 0x0000, 0x0000, 0x0020, 0x0000, 0x0000, 0x0000, 0x0820, 0x0000,
  0x0000, 0x0020, 0x0000, 0x0000, 0x0000, 0x0000, 0x0000, 0x0000, 0x0000, 0x0000, 0x0000, 0x0000,
  0x0000, 0x0000, 0x0000, 0x0000, 0x0000, 0x0000, 0x0000, 0x0000, 0x0000, 0x0000, 0x0000, 0x0000,
  0x0000, 0x0000, 0x0000, 0x0000, 0x0000, 0x0000, 0x0000, 0x0000, 0x0000, 0x0000, 0x0000, 0x0000,
  0x0000, 0x0000, 0x0000, 0x0000, 0x0000, 0x0000, 0x0000, 0x0000, 0x0000, 0x0000, 0x0000, 0x0000,
  0x0000, 0x0000, 0x0000, 0x0000, 0x0000, 0x0000, 0x0000, 0x0000, 0x0000, 0x0000, 0x0000, 0x0000,
  0x0000, 0x0000, 0x0000, 0x0000, 0x0000, 0x0000, 0x0000, 0x0000, 0x0000, 0x0000, 0x0000, 0x0000,
  0x0000, 0x0000, 0x0000, 0x0000, 0x0000, 0x0000, 0x0000, 0x0000, 0x0000, 0x0000, 0x0000, 0x0000,
  0x0000, 0x0000, 0x0000, 0x0000, 0x0000, 0x0000, 0x0000, 0x0000, 0x0000, 0x0020, 0x0020, 0x0000,
  0x0800, 0x0000, 0x0000, 0x0000, 0x0000, 0x0000, 0x0000, 0x0000, 0x1061, 0x6B4D, 0x62EB, 0x2944,
  0x0000, 0x0020, 0x0000, 0x0000, 0x4A28, 0x8C51, 0xA514, 0x94B2, 0x8C51, 0x4A28, 0x0000, 0x0000,
  0x0000, 0x10A2, 0x62EB, 0x6B4D, 0x4A28, 0x0000, 0x0000, 0x0000, 0x0000, 0xB596, 0xB596, 0x0000,
  0x0000, 0x0000, 0x0000, 0x3185, 0xBDF7, 0x39C7, 0x0000, 0x0000, 0xBDF7, 0xA514, 0x0000, 0xD69A,
  0xA514, 0x0000, 0x0841, 0x0000, 0x0000, 0x18C3, 0xB596, 0x4A28, 0x0000, 0x4A28, 0xF79E, 0x39C7,
  0x0020, 0xB596, 0xBDF7, 0x2103, 0x0000, 0x0000, 0x0800, 0x0000, 0x0800, 0x0800, 0x0000, 0x0000,
  0x0000, 0x1840, 0x0820, 0x1020, 0x0000, 0x0000, 0x1840, 0x1840, 0x0820, 0x0800, 0x0820, 0x0000,
  0x0000, 0x0000, 0x1840, 0x18C3, 0x0820, 0x0020, 0x1840, 0x2944, 0x2103, 0x0000, 0x0800, 0x0000,
  0x0000, 0x0000, 0x0000, 0x1020, 0x1020, 0x0820, 0x0000, 0x0000, 0x1840, 0x0820, 0x0000, 0x0000,
  0x0820, 0x0820, 0x0000, 0x0000, 0x0000, 0x0820, 0x0000, 0x0000, 0x0000, 0x0000, 0x0800, 0x0000,
  0x0000, 0x0000, 0x0800, 0x0000, 0x0000, 0x0000, 0x0000, 0x0000, 0x0000, 0x0020, 0x0000, 0x0000,
  0x0000, 0x0000, 0x0000, 0x0000, 0x0000, 0x0000, 0x0000, 0x0000, 0x0000, 0x0000, 0x0000, 0x0000,
  0x0000, 0x40E0, 0xFB80, 0x1840, 0x0000, 0x0820, 0xDB41, 0xB2C0, 0x0000, 0x0000, 0x0000, 0x0000,
  0x0000, 0x0000, 0x0000, 0x0000, 0x0000, 0x0000, 0x0000, 0x0000, 0x0000, 0x2060, 0xFB80, 0x89E0,
  0x0000, 0x0000, 0x5940, 0xFBA0, 0x0841, 0x0000, 0x0000, 0x0000, 0x0000, 0x0000, 0x0000, 0x0000,
  0x0000, 0x0000, 0x0000, 0x0000, 0x0000, 0x0000, 0x0000, 0x0000, 0x0000, 0x0000, 0x0000, 0x0000,
  0x0000, 0x0000, 0x0000, 0x0000, 0x0000, 0x0020, 0x0000, 0x0000, 0x0820, 0x0800, 0x0800, 0x0000,
  0x0000, 0x0020, 0x0000, 0x0000, 0x0000, 0x0000, 0x0000, 0x0000, 0x0000, 0x0000, 0x0000, 0x0000,
  0x0000, 0x0000, 0x0000, 0x0000, 0x0000, 0x0000, 0x0020, 0x0000, 0x0000, 0x0020, 0x0020, 0x0000,
  0x0020, 0x0000, 0x0000, 0x0000, 0x0000, 0x0000, 0x0000, 0x0000, 0x0000, 0x0000, 0x0000, 0x0000,
  0x0000, 0x0000, 0x0000, 0x0000, 0x0000, 0x0000, 0x0000, 0x0000, 0x0000, 0x0000, 0x0000, 0x0000,
  0x0000, 0x0000, 0x0000, 0x0000, 0x0000, 0x0000, 0x0000, 0x0000, 0x0000, 0x0000, 0x0000, 0x0000,
  0x0000, 0x0000, 0x0000, 0x0000, 0x0000, 0x0000, 0x0000, 0x0000, 0x0000, 0x0000, 0x0000, 0x0000,
  0x0000, 0x0000, 0x0000, 0x0000, 0x0000, 0x0000, 0x0000, 0x0000, 0x0000, 0x0000, 0x0000, 0x0000,
  0x0000, 0x0000, 0x0000, 0x0000, 0x0000, 0x0000, 0x0000, 0x0000, 0x0000, 0x0000, 0x0000, 0x0000,
  0x0000, 0x0000, 0x0000, 0x0000, 0x0000, 0x0000, 0x0000, 0x0000, 0x0000, 0x0000, 0x0000, 0x0000,
  0x0000, 0x0000, 0x0000, 0x0000, 0x0000, 0x1061, 0x0020, 0x0000, 0x0000, 0x0800, 0x0000, 0x0000,
  0x0000, 0x0800, 0x0000, 0x0000, 0x0000, 0x1061, 0x2944, 0x4A28, 0x0000, 0x0000, 0x0000, 0x0000,
  0x0000, 0x0000, 0x0020, 0x0820, 0x0000, 0x0000, 0x0000, 0x0000, 0x0000, 0x18C3, 0x528A, 0x18C3,
  0x0841, 0x0000, 0x0000, 0x0000, 0x0000, 0xBDF7, 0xD69A, 0xBDF7, 0xBDF7, 0xD69A, 0x8C51, 0x0020,
  0xBDF7, 0xD69A, 0x94B2, 0xB596, 0xD69A, 0x528A, 0x0000, 0xD69A, 0xA514, 0x0000, 0x0000, 0x0000,
  0x0000, 0x0820, 0xBDF7, 0xD69A, 0x94B2, 0xD69A, 0xBDF7, 0x0000, 0x8C51, 0xF79E, 0xBDF7, 0xB596,
  0xD69A, 0x6B4D, 0x0000, 0x0020, 0x0800, 0x0800, 0x0800, 0x0820, 0x0000, 0x0000, 0x1840, 0x1020,
  0x0000, 0x0000, 0x0820, 0x1020, 0x1020, 0x0000, 0x0820, 0x0820, 0x0000, 0x0000, 0x2103, 0x2944,
  0x1840, 0x0000, 0x0000, 0x10A2, 0x18C3, 0x0841, 0x0000, 0x0000, 0x0000, 0x0000, 0x0000, 0x0000,
  0x1840, 0x0820, 0x0000, 0x1840, 0x1840, 0x0000, 0x0000, 0x0000, 0x0000, 0x0800, 0x0820, 0x0820,
  0x0000, 0x0020, 0x0000, 0x0800, 0x0800, 0x0800, 0x0000, 0x0000, 0x0800, 0x0800, 0x0800, 0x0000,
  0x0000, 0x0000, 0x0000, 0x0000, 0x0000, 0x0000, 0x0000, 0x0000, 0x0000, 0x0000, 0x0000, 0x0000,
  0x0000, 0x0000, 0x0000, 0x0000, 0x0000, 0x0000, 0x0000, 0x0000, 0x0000, 0xDB41, 0x89E0, 0x0000,
  0x0000, 0xA260, 0xDB41, 0x0000, 0x0000, 0x0000, 0x0000, 0x0000, 0x0000, 0x0000, 0x0000, 0x0000,
  0x0000, 0x0000, 0x0000, 0x0000, 0x0000, 0x0000, 0x30C0, 0xFBA0, 0x5940, 0x0000, 0x0000, 0xDB41,
  0x89E0, 0x0000, 0x0000, 0x0000, 0x0000, 0x0000, 0x0000, 0x0000, 0x0000, 0x0000, 0x0000, 0x0000,
  0x0000, 0x0000, 0x0000, 0x0000, 0x0000, 0x0000, 0x0000, 0x0000, 0x0000, 0x0000, 0x0000, 0x0000,
  0x0000, 0x0000, 0x0020, 0x0020, 0x0000, 0x0000, 0x0000, 0x0800, 0x0000, 0x0020, 0x0000, 0x0000,
  0x0020, 0x0000, 0x0000, 0x0000, 0x0000, 0x0020, 0x0020, 0x0020, 0x0020, 0x0020, 0x0020, 0x0020,
  0x0020, 0x0020, 0x0020, 0x0020, 0x0020, 0x0020, 0x0000, 0x0020, 0x0000, 0x0000, 0x0000, 0x0000,
  0x0000, 0x0000, 0x0000, 0x0000, 0x0000, 0x0000, 0x0000, 0x0000, 0x0000, 0x0000, 0x0000, 0x0000,
  0x0000, 0x0000, 0x0000, 0x0000, 0x0000, 0x0000, 0x0000, 0x0000, 0x0000, 0x0000, 0x0000, 0x0000,
  0x0000, 0x0000, 0x0000, 0x0000, 0x0000, 0x0000, 0x0000, 0x0000, 0x0000, 0x0000, 0x0000, 0x0000,
  0x0000, 0x0800, 0x0800, 0x0800, 0x0800, 0x0800, 0x0000, 0x0800, 0x0800, 0x0000, 0x0000, 0x0000,
  0x0000, 0x0000, 0x0000, 0x0000, 0x0000, 0x0000, 0x0000, 0x0000, 0x0000, 0x0000, 0x0000, 0x0000,
  0x0000, 0x0000, 0x0000, 0x0000, 0x0000, 0x0000, 0x0000, 0x0000, 0x0000, 0x0000, 0x0000, 0x0000,
  0x0000, 0x0020, 0x0020, 0x0020, 0x0020, 0x0020, 0x0020, 0x0020, 0x0020, 0x0020, 0x0020, 0x0020,
  0x0020, 0x0000, 0x0000, 0x0000, 0x0000, 0x0800, 0x0820, 0x0800, 0x0000, 0x0000, 0x0000, 0x0000,
  0x0000, 0x0000, 0x0000, 0x4A28, 0x39C7, 0x3185, 0x2944, 0x3185, 0x3185, 0x2944, 0x39C7, 0x3185,
  0x3185, 0x39C7, 0x2944, 0x3185, 0x3185, 0x528A, 0x18C3, 0x0000, 0x0000, 0x0000, 0x0000, 0x0000,
  0x0000, 0x528A, 0x6B4D, 0x73AE, 0x73AE, 0x73AE, 0x528A, 0x0000, 0x1061, 0x6B4D, 0x8C51, 0x7BEF,
  0x39C7, 0x0000, 0x0000, 0x6B4D, 0x528A, 0x0000, 0x0020, 0x0000, 0x0000, 0x0000, 0x1061, 0x6B4D,
  0x94B2, 0x73AE, 0x18C3, 0x0000, 0x528A, 0x73AE, 0x73AE, 0x73AE, 0x7BEF, 0x4A28, 0x0000, 0x0000,
  0x0000, 0x0000, 0x1020, 0x0820, 0x0000, 0x0820, 0x1840, 0x1020, 0x0820, 0x0000, 0x0800, 0x1020,
  0x0820, 0x0820, 0x1020, 0x1840, 0x0000, 0x0000, 0x0820, 0x18C3, 0x2103, 0x1061, 0x0000, 0x0841,
  0x1061, 0x18C3, 0x0820, 0x0000, 0x0000, 0x0000, 0x0000, 0x0800, 0x1840, 0x0800, 0x0820, 0x1020,
  0x0000, 0x0800, 0x1020, 0x0820, 0x0000, 0x0000, 0x0820, 0x0820, 0x0800, 0x0000, 0x0800, 0x0800,
  0x0000, 0x0000, 0x0800, 0x0820, 0x0000, 0x0000, 0x0000, 0x0000, 0x0000, 0x0000, 0x0000, 0x0000,
  0x0000, 0x0000, 0x0000, 0x0000, 0x0000, 0x0000, 0x0000, 0x0000, 0x0000, 0x0000, 0x0000, 0x0000,
  0x0000, 0x0000, 0x0000, 0x0000, 0x30C0, 0xFB80, 0x2060, 0x0000, 0x30C0, 0xFB80, 0x2060, 0x0000,
  0x0000, 0xA260, 0x5940, 0x0000, 0x0000, 0x0000, 0x0000, 0x0000, 0x0000, 0x0000, 0x0000, 0x89E0,
  0x59C1, 0x0000, 0x0000, 0x7140, 0xDB41, 0x0820, 0x0000, 0x71C0, 0xDB41, 0x0000, 0x0000, 0x0000,
  0x0000, 0x0000, 0x0000, 0x0000, 0x0000, 0x0000, 0x0000, 0x0000, 0x0000, 0x0000, 0x0000, 0x0000,
  0x0000, 0x0000, 0x0000, 0x0000, 0x0000, 0x0000, 0x0000, 0x0000, 0x0000, 0x0000, 0x0000, 0x0000,
  0x0000, 0x0000, 0x0000, 0x0000, 0x0000, 0x0800, 0x0000, 0x0000, 0x0020, 0x0000, 0x0020, 0x0000,
  0x0020, 0x0000, 0x0000, 0x0000, 0x0000, 0x0000, 0x0000, 0x0000, 0x0020, 0x0000, 0x0000, 0x0000,
  0x0000, 0x0000, 0x0000, 0x0000, 0x0000, 0x0000, 0x0000, 0x0000, 0x0000, 0x0000, 0x0000, 0x0000,
  0x0000, 0x0000, 0x0000, 0x0000, 0x0000, 0x0000, 0x0000, 0x0000, 0x0000, 0x0000, 0x0000, 0x0000,
  0x0000, 0x0000, 0x0000, 0x0000, 0x0000, 0x0000, 0x0000, 0x0000, 0x0000, 0x0000, 0x0000, 0x0000,
  0x0000, 0x0000, 0x0000, 0x0000, 0x0000, 0x0000, 0x0800, 0x0800, 0x0800, 0x0820, 0x0820, 0x0800,
  0x0800, 0x0800, 0x0800, 0x0800, 0x0800, 0x0800, 0x0000, 0x0000, 0x0000, 0x0000, 0x0000, 0x0000,
  0x0000, 0x0000, 0x0000, 0x0000, 0x0000, 0x0000, 0x0000, 0x0000, 0x0000, 0x0000, 0x0000, 0x0020,
  0x0020, 0x0020, 0x0820, 0x0820, 0x0820, 0x0820, 0x0020, 0x0020, 0x0020, 0x0020, 0x0020, 0x0000,
  0x0000, 0x0000, 0x0000, 0x0000, 0x0000, 0x0000, 0x0000, 0x0000, 0x0000, 0x0000, 0x0000, 0x0000,
  0x0820, 0x0820, 0x0800, 0x1020, 0x0820, 0x0800, 0x0820, 0x0000, 0x0000, 0x0000, 0x0000, 0x0020,
  0x2944, 0x528A, 0x4A28, 0x4A28, 0x528A, 0x4A28, 0x62EB, 0x528A, 0x4A28, 0x528A, 0x39C7, 0x528A,
  0x4A28, 0x1061, 0x0000, 0x0000, 0x0800, 0x0000, 0x0000, 0x0000, 0x0000, 0x0000, 0x0000, 0x0000,
  0x0000, 0x0000, 0x0000, 0x0000, 0x0000, 0x0000, 0x0000, 0x0000, 0x0000, 0x0000, 0x0000, 0x0000,
  0x0000, 0x0020, 0x0000, 0x0000, 0x0000, 0x0000, 0x0000, 0x0000, 0x0000, 0x0000, 0x0000, 0x0000,
  0x0000, 0x0000, 0x0000, 0x0000, 0x0000, 0x0000, 0x0000, 0x0000, 0x0800, 0x0000, 0x0820, 0x0820,
  0x0800, 0x0820, 0x1020, 0x1840, 0x0820, 0x0000, 0x0800, 0x0820, 0x1020, 0x1020, 0x1020, 0x1840,
  0x0800, 0x0000, 0x0000, 0x1061, 0x2944, 0x0020, 0x0800, 0x0820, 0x1061, 0x1061, 0x0020, 0x0000,
  0x0000, 0x0000, 0x0000, 0x0000, 0x0820, 0x0000, 0x0800, 0x1020, 0x0000, 0x0000, 0x1020, 0x0800,
  0x0000, 0x0000, 0x0000, 0x0800, 0x0000, 0x0000, 0x0000, 0x1020, 0x0800, 0x0000, 0x0000, 0x0000,
  0x0000, 0x0000, 0x0000, 0x0000, 0x0000, 0x0800, 0x0000, 0x0000, 0x0000, 0x0000, 0x0000, 0x0000,
  0x0000, 0x0000, 0x0000, 0x0000, 0x0000, 0x0000, 0x0000, 0x0000, 0x0000, 0x0000, 0x0000, 0x0000,
  0xA260, 0xB2C0, 0x0000, 0x0000, 0xB2C0, 0xA260, 0x0000, 0x0000, 0x71C0, 0xDB41, 0x1840, 0x0000,
  0x0000, 0x0000, 0x0000, 0x0000, 0x0000, 0x0000, 0x0000, 0x5940, 0xFB80, 0x30C0, 0x0000, 0x0000,
  0xDB41, 0x71C0, 0x0000, 0x1840, 0xDB41, 0x40E0, 0x0000, 0x0000, 0x0000, 0x0000, 0x0000, 0x0000,
  0x0000, 0x0000, 0x0000, 0x0000, 0x0000, 0x0000, 0x0000, 0x0000, 0x0000, 0x0000, 0x0000, 0x0000,
  0x0000, 0x0020, 0x0000, 0x0000, 0x0000, 0x0000, 0x0000, 0x0000, 0x0020, 0x0000, 0x0000, 0x0000,
  0x0000, 0x0020, 0x0020, 0x0020, 0x0020, 0x0020, 0x0020, 0x0000, 0x0000, 0x0000, 0x0000, 0x0000,
  0x0000, 0x0000, 0x0020, 0x0000, 0x0020, 0x0020, 0x0020, 0x0000, 0x0000, 0x0000, 0x0000, 0x0000,
  0x0000, 0x0000, 0x0000, 0x0000, 0x0000, 0x0000, 0x0000, 0x0000, 0x0000, 0x0000, 0x0000, 0x0000,
  0x0000, 0x0000, 0x0000, 0x0000, 0x0000, 0x0000, 0x0000, 0x0000, 0x0000, 0x0000, 0x0000, 0x0000,
  0x0000, 0x0000, 0x0000, 0x0000, 0x0800, 0x0000, 0x0800, 0x0800, 0x0800, 0x0800, 0x0800, 0x0800,
  0x0820, 0x0800, 0x0820, 0x0800, 0x0800, 0x0800, 0x0820, 0x0820, 0x0820, 0x0820, 0x0820, 0x0800,
  0x0800, 0x0800, 0x0800, 0x0000, 0x0000, 0x0000, 0x0000, 0x0020, 0x0020, 0x0020, 0x0020, 0x0820,
  0x0820, 0x0820, 0x0820, 0x0820, 0x0820, 0x0020, 0x0020, 0x0020, 0x0020, 0x0000, 0x0000, 0x0000,
  0x0000, 0x0000, 0x0000, 0x0000, 0x0000, 0x0000, 0x0000, 0x0000, 0x0000, 0x0000, 0x0000, 0x0000,
  0x0000, 0x0000, 0x0000, 0x0000, 0x0000, 0x0000, 0x0000, 0x0000, 0x0000, 0x0000, 0x0820, 0x0820,
  0x0800, 0x0000, 0x0000, 0x0800, 0x0800, 0x0000, 0x0000, 0x0000, 0x0000, 0x528A, 0x4A28, 0x3185,
  0x62EB, 0x2944, 0x62EB, 0x39C7, 0x39C7, 0x62EB, 0x2103, 0x62EB, 0x3185, 0x0000, 0x0020, 0x0000,
  0x0800, 0x0800, 0x0000, 0x0000, 0x0000, 0x0000, 0x0000, 0x0000, 0x0020, 0x0020, 0x0020, 0x0000,
  0x0000, 0x0000, 0x0000, 0x0000, 0x0000, 0x0000, 0x0000, 0x0820, 0x0841, 0x0000, 0x0000, 0x0000,
  0x0000, 0x0000, 0x0000, 0x0020, 0x0000, 0x0020, 0x0000, 0x0000, 0x0000, 0x0020, 0x0020, 0x0020,
  0x0020, 0x0000, 0x0000, 0x0800, 0x0800, 0x0000, 0x0000, 0x1020, 0x1840, 0x0800, 0x0000, 0x0000,
  0x0000, 0x0000, 0x0000, 0x0800, 0x1840, 0x1020, 0x1020, 0x0820, 0x1020, 0x0000, 0x0000, 0x0000,
  0x0000, 0x0800, 0x0800, 0x0000, 0x0800, 0x0800, 0x10A2, 0x30C0, 0x0820, 0x0800, 0x0000, 0x0000,
  0x0000, 0x0000, 0x1020, 0x1020, 0x0800, 0x0000, 0x0000, 0x0000, 0x0820, 0x0820, 0x0000, 0x0000,
  0x0820, 0x0820, 0x0800, 0x0800, 0x0000, 0x0800, 0x0000, 0x0000, 0x0800, 0x0820, 0x0000, 0x0000,
  0x0800, 0x0000, 0x0000, 0x0000, 0x0000, 0x0000, 0x0800, 0x0000, 0x0000, 0x0000, 0x0000, 0x0000,
  0x0000, 0x0000, 0x0000, 0x0000, 0x0000, 0x0000, 0x0000, 0x0000, 0xDB41, 0x71C0, 0x0000, 0x10A2,
  0xDB41, 0x40E0, 0x0000, 0x10A2, 0xFB80, 0x3080, 0x0000, 0x0800, 0x0000, 0x10A2, 0x59C1, 0x5940,
  0x0020, 0x0000, 0x0000, 0x0000, 0x89E0, 0xB2C0, 0x0000, 0x0000, 0x89E0, 0xB2C0, 0x0000, 0x0000,
  0xB2C0, 0x71C0, 0x0000, 0x0000, 0x0000, 0x0000, 0x0000, 0x0000, 0x0000, 0x0000, 0x0000, 0x0000,
  0x0000, 0x0000, 0x0000, 0x0000, 0x0000, 0x0000, 0x0000, 0x0000, 0x0000, 0x0000, 0x0000, 0x0000,
  0x0000, 0x0000, 0x0000, 0x0000, 0x0000, 0x0000, 0x0000, 0x0020, 0x0000, 0x0020, 0x0000, 0x0000,
  0x0020, 0x0000, 0x0000, 0x0020, 0x0000, 0x0000, 0x0000, 0x0000, 0x0000, 0x0000, 0x0000, 0x0000,
  0x0000, 0x0000, 0x0000, 0x0020, 0x0020, 0x0000, 0x0000, 0x0000, 0x0000, 0x0000, 0x0000, 0x0000,
  0x0000, 0x0000, 0x0000, 0x0000, 0x0000, 0x0000, 0x0000, 0x0000, 0x0000, 0x0000, 0x0000, 0x0000,
  0x0000, 0x0000, 0x0000, 0x0000, 0x0000, 0x0000, 0x0000, 0x0000, 0x0000, 0x0000, 0x0000, 0x0000,
  0x0000, 0x0000, 0x0000, 0x0000, 0x0000, 0x0000, 0x0800, 0x0800, 0x0820, 0x0820, 0x0820, 0x1020,
  0x1020, 0x1020, 0x1020, 0x1020, 0x0820, 0x0820, 0x0820, 0x0020, 0x0020, 0x0020, 0x0020, 0x0020,
  0x0020, 0x0020, 0x0020, 0x0020, 0x0020, 0x0020, 0x0000, 0x0000, 0x0000, 0x0000, 0x0000, 0x0000,
  0x0000, 0x0000, 0x0000, 0x0000, 0x0000, 0x0000, 0x0000, 0x0000, 0x0000, 0x0000, 0x0000, 0x0000,
  0x0000, 0x0000, 0x0000, 0x0000, 0x0000, 0x0000, 0x0000, 0x0000, 0x0000, 0x0000, 0x0000, 0x0000,
  0x0000, 0x0000, 0x0000, 0x0000, 0x0800, 0x0800, 0x0000, 0x0000, 0x0820, 0x0820, 0x0800, 0x0000,
  0x0000, 0x0800, 0x0000, 0x0000, 0x0000, 0x3185, 0x2944, 0x0841, 0x39C7, 0x0000, 0x3185, 0x10A2,
  0x18C3, 0x39C7, 0x0020, 0x39C7, 0x10A2, 0x0000, 0x0000, 0x0000, 0x0000, 0x0800, 0x0800, 0x0000,
  0x0000, 0x0000, 0x0000, 0x0000, 0x0000, 0x0000, 0x0000, 0x0000, 0x0000, 0x0000, 0x0000, 0x0000,
  0x0000, 0x0000, 0x0020, 0x0020, 0x0020, 0x0000, 0x0000, 0x0000, 0x0000, 0x0000, 0x0020, 0x0000,
  0x0000, 0x0000, 0x0000, 0x0000, 0x0000, 0x0000, 0x0000, 0x0800, 0x0000, 0x0000, 0x0820, 0x0800,
  0x0820, 0x0000, 0x0000, 0x0820, 0x1840, 0x0820, 0x0000, 0x0000, 0x0000, 0x0820, 0x0800, 0x0000,
  0x0820, 0x1020, 0x1020, 0x0800, 0x1840, 0x0820, 0x0000, 0x0000, 0x0820, 0x1020, 0x0000, 0x0000,
  0x1061, 0x39C7, 0x2944, 0x2103, 0x0820, 0x0000, 0x0000, 0x0000, 0x0000, 0x0000, 0x1020, 0x1840,
  0x0000, 0x0000, 0x0000, 0x0000, 0x0820, 0x0820, 0x0800, 0x0000, 0x0800, 0x1020, 0x0800, 0x0000,
  0x0000, 0x0000, 0x0000, 0x0000, 0x0000, 0x0000, 0x0000, 0x0000, 0x0000, 0x0000, 0x0000, 0x0000,
  0x0000, 0x0000, 0x0000, 0x0000, 0x0000, 0x0000, 0x0000, 0x0000, 0x0000, 0x0000, 0x0000, 0x0000,
  0x0000, 0x0000, 0x0000, 0x0841, 0xDB41, 0x40E0, 0x0000, 0x5940, 0xDB41, 0x0820, 0x0000, 0x89E0,
  0xB2C0, 0x0000, 0x0800, 0x0000, 0x2944, 0xFC20, 0xFC20, 0xFC20, 0xAB21, 0x0020, 0x0000, 0x0000,
  0x1840, 0xFB80, 0x30C0, 0x0000, 0x40E0, 0xDB41, 0x1020, 0x0000, 0x89E0, 0xA260, 0x0000, 0x0000,
  0x0000, 0x0000, 0x0000, 0x0000, 0x0000, 0x0000, 0x0000, 0x0000, 0x0000, 0x0000, 0x0000, 0x0000,
  0x0000, 0x0000, 0x0000, 0x0000, 0x0000, 0x0000, 0x0000, 0x0000, 0x0000, 0x0000, 0x0020, 0x0000,
  0x0000, 0x0020, 0x0020, 0x0000, 0x0000, 0x0020, 0x0000, 0x0020, 0x0020, 0x0000, 0x0000, 0x0000,
  0x0000, 0x0000, 0x0020, 0x0000, 0x0000, 0x0000, 0x0000, 0x0000, 0x0000, 0x0000, 0x0000, 0x0000,
  0x0000, 0x0000, 0x0000, 0x0000, 0x0000, 0x0000, 0x0000, 0x0000, 0x0000, 0x0000, 0x0000, 0x0000,
  0x0000, 0x0000, 0x0000, 0x0000, 0x0000, 0x0000, 0x0000, 0x0000, 0x0000, 0x0000, 0x0000, 0x0000,
  0x0000, 0x0000, 0x0000, 0x0000, 0x0000, 0x0000, 0x0000, 0x0000, 0x0800, 0x0800, 0x0800, 0x0800,
  0x0820, 0x0820, 0x0820, 0x1020, 0x1020, 0x1020, 0x0820, 0x0820, 0x0820, 0x0020, 0x0020, 0x0020,
  0x0000, 0x0000, 0x0000, 0x0000, 0x0000, 0x0000, 0x0000, 0x0000, 0x0000, 0x0000, 0x0000, 0x0000,
  0x0000, 0x0000, 0x0000, 0x0000, 0x0000, 0x0000, 0x0000, 0x0000, 0x0000, 0x0000, 0x0000, 0x0000,
  0x0000, 0x0000, 0x0000, 0x0000, 0x0000, 0x0000, 0x0000, 0x0000, 0x0000, 0x0000, 0x0000, 0x0000,
  0x0000, 0x0000, 0x0000, 0x0000, 0x0000, 0x0000, 0x0000, 0x0000, 0x0000, 0x0000, 0x0000, 0x0000,
  0x0820, 0x0820, 0x0000, 0x0000, 0x0000, 0x0000, 0x1020, 0x0800, 0x0000, 0x0800, 0x0000, 0x0000,
  0x0000, 0x0000, 0x0000, 0x0000, 0x0000, 0x0000, 0x0000, 0x0000, 0x0000, 0x0000, 0x0000, 0x0000,
  0x0000, 0x0820, 0x0820, 0x0000, 0x0000, 0x0000, 0x0820, 0x0020, 0x0000, 0x0841, 0x0841, 0x0000,
  0x0000, 0x0000, 0x0000, 0x0000, 0x0000, 0x0000, 0x0000, 0x0000, 0x0000, 0x0000, 0x0000, 0x0000,
  0x0820, 0x0020, 0x1061, 0x0841, 0x0020, 0x0820, 0x0820, 0x0000, 0x0000, 0x0000, 0x0000, 0x0000,
  0x0000, 0x0800, 0x0800, 0x0800, 0x0000, 0x0000, 0x0000, 0x0000, 0x0000, 0x1061, 0x10A2, 0x0000,
  0x1020, 0x0000, 0x0000, 0x0000, 0x0000, 0x1020, 0x0000, 0x0000, 0x0000, 0x1020, 0x0820, 0x1840,
  0x0000, 0x1840, 0x0000, 0x0000, 0x0000, 0x0000, 0x0020, 0x0020, 0x2103, 0x1061, 0x1840, 0x0000,
  0x0000, 0x0800, 0x1020, 0x0000, 0x0000, 0x0000, 0x0000, 0x0800, 0x1020, 0x1020, 0x0800, 0x0000,
  0x0000, 0x0000, 0x0000, 0x0000, 0x0800, 0x0800, 0x0800, 0x0000, 0x0000, 0x0000, 0x0800, 0x0800,
  0x0000, 0x0000, 0x0800, 0x0000, 0x0000, 0x0000, 0x0000, 0x0000, 0x0000, 0x0000, 0x0000, 0x0000,
  0x0000, 0x0000, 0x0000, 0x0000, 0x0000, 0x0000, 0x0000, 0x0000, 0x0000, 0x0000, 0x0000, 0x2060,
  0xFB80, 0x3080, 0x0000, 0x71C0, 0xDAC0, 0x0000, 0x0000, 0xB2C0, 0x71C0, 0x0000, 0x0000, 0x0020,
  0xDB41, 0xFBA0, 0xFB80, 0xFB20, 0xFBA0, 0x71C0, 0x0000, 0x0800, 0x0000, 0xDAC0, 0x5940, 0x0000,
  0x2060, 0xDB41, 0x30C0, 0x0000, 0x71C0, 0xB2C0, 0x0000, 0x0000, 0x0000, 0x0000, 0x0000, 0x0000,
  0x0000, 0x0000, 0x0000, 0x0000, 0x0000, 0x0000, 0x0000, 0x0000, 0x0000, 0x0000, 0x0000, 0x0000,
  0x0000, 0x0000, 0x0000, 0x0000, 0x0000, 0x0000, 0x0000, 0x0000, 0x0020, 0x0000, 0x0020, 0x0000,
  0x0000, 0x0000, 0x0000, 0x0000, 0x0000, 0x0000, 0x0000, 0x0000, 0x0000, 0x0000, 0x0000, 0x0000,
  0x0000, 0x0000, 0x0000, 0x0000, 0x0020, 0x0000, 0x0000, 0x0000, 0x0000, 0x0000, 0x0000, 0x0000,
  0x0000, 0x0000, 0x0000, 0x0000, 0x0000, 0x0000, 0x0000, 0x0000, 0x0000, 0x0000, 0x0000, 0x0000,
  0x0000, 0x0000, 0x0000, 0x0000, 0x0000, 0x0000, 0x0000, 0x0000, 0x0800, 0x0020, 0x0020, 0x0820,
  0x0820, 0x0820, 0x0820, 0x0820, 0x0820, 0x0820, 0x0820, 0x0820, 0x0820, 0x0020, 0x0020, 0x0000,
  0x0000, 0x0000, 0x0000, 0x0000, 0x0000, 0x0000, 0x0000, 0x0000, 0x0000, 0x0000, 0x0000, 0x0000,
  0x0000, 0x0000, 0x0000, 0x0000, 0x0000, 0x0000, 0x0000, 0x0000, 0x0000, 0x0000, 0x0000, 0x0000,
  0x0000, 0x0000, 0x0000, 0x0000, 0x0000, 0x0000, 0x0000, 0x0000, 0x0000, 0x0000, 0x0000, 0x0000,
  0x0000, 0x0000, 0x0000, 0x0000, 0x0000, 0x0000, 0x0000, 0x0000, 0x0000, 0x0000, 0x0000, 0x0000,
  0x0000, 0x0000, 0x0000, 0x0000, 0x0000, 0x0000, 0x0000, 0x0000, 0x0820, 0x1020, 0x1020, 0x0800,
  0x0000, 0x0000, 0x0800, 0x0820, 0x0000, 0x0000, 0x0800, 0x0000, 0x0000, 0x0000, 0x0000, 0x0000,
  0x0020, 0x0000, 0x0000, 0x0841, 0x10A2, 0x0841, 0x0020, 0x0000, 0x0000, 0x0820, 0x0820, 0x0800,
  0x0000, 0x0000, 0x0020, 0x0841, 0x0000, 0x0800, 0x0020, 0x0000, 0x0000, 0x0020, 0x1061, 0x0820,
  0x0000, 0x0000, 0x0000, 0x0000, 0x0000, 0x0000, 0x0000, 0x0820, 0x0820, 0x0000, 0x0841, 0x1061,
  0x0841, 0x0020, 0x0000, 0x0000, 0x0000, 0x0000, 0x0000, 0x0800, 0x0800, 0x0000, 0x0000, 0x0000,
  0x0000, 0x0000, 0x0800, 0x0000, 0x0000, 0x2944, 0x2944, 0x10A2, 0x0800, 0x0000, 0x0000, 0x0800,
  0x0000, 0x0000, 0x0000, 0x0800, 0x0800, 0x0800, 0x1020, 0x1061, 0x0000, 0x1840, 0x1020, 0x0000,
  0x0000, 0x0000, 0x0820, 0x0020, 0x0000, 0x0800, 0x0820, 0x1840, 0x0000, 0x1020, 0x1020, 0x0000,
  0x0000, 0x0000, 0x0000, 0x0000, 0x0820, 0x1840, 0x0820, 0x0000, 0x0000, 0x0820, 0x1020, 0x0820,
  0x0800, 0x0800, 0x0800, 0x0800, 0x0000, 0x0800, 0x0000, 0x0800, 0x0800, 0x0000, 0x0000, 0x0000,
  0x0000, 0x0000, 0x0000, 0x0000, 0x0000, 0x0000, 0x0800, 0x0000, 0x0000, 0x0000, 0x0000, 0x0000,
  0x0000, 0x0000, 0x0000, 0x0000, 0x0000, 0x0000, 0x0000, 0x30C0, 0xFB20, 0x1840, 0x0000, 0x89E0,
  0xB2C0, 0x0000, 0x0000, 0xB2C0, 0x5940, 0x0000, 0x0000, 0x10A2, 0xDB41, 0xFB80, 0xFB80, 0xFB80,
  0xFBA0, 0xA260, 0x0000, 0x0800, 0x0000, 0xB2C0, 0x71C0, 0x0000, 0x1840, 0xFB20, 0x30C0, 0x0000,
  0x5940, 0xB2C0, 0x0000, 0x0000, 0x0000, 0x0000, 0x0000, 0x0000, 0x0000, 0x0000, 0x0000, 0x0000,
  0x0000, 0x0000, 0x0000, 0x0000, 0x0000, 0x0000, 0x0000, 0x0000, 0x0000, 0x0000, 0x0000, 0x0000,
  0x0000, 0x0000, 0x0000, 0x0000, 0x0000, 0x0000, 0x0000, 0x0000, 0x0000, 0x0000, 0x0000, 0x0000,
  0x0000, 0x0000, 0x0000, 0x0000, 0x0000, 0x0000, 0x0000, 0x0000, 0x0000, 0x0000, 0x0000, 0x0000,
  0x0020, 0x0000, 0x0000, 0x0000, 0x0000, 0x0000, 0x0000, 0x0000, 0x0000, 0x0000, 0x0000, 0x0000,
  0x0000, 0x0000, 0x0000, 0x0000, 0x0000, 0x0020, 0x0820, 0x0841, 0x0841, 0x1061, 0x1061, 0x1061,
  0x1061, 0x1061, 0x0841, 0x0841, 0x0841, 0x0841, 0x0820, 0x0020, 0x0020, 0x0000, 0x0000, 0x0000,
  0x0000, 0x0000, 0x0000, 0x0000, 0x0000, 0x0000, 0x0000, 0x0000, 0x0000, 0x0000, 0x0000, 0x0000,
  0x0000, 0x0000, 0x0000, 0x0000, 0x0000, 0x0000, 0x0000, 0x0000, 0x0000, 0x0000, 0x0000, 0x0000,
  0x0000, 0x0000, 0x0000, 0x0000, 0x0000, 0x0000, 0x0000, 0x0000, 0x0000, 0x0000, 0x0000, 0x0000,
  0x0000, 0x0000, 0x0000, 0x0000, 0x0000, 0x0000, 0x0000, 0x0000, 0x0000, 0x0000, 0x0000, 0x0000,
  0x0000, 0x0000, 0x0000, 0x0020, 0x0020, 0x0020, 0x0020, 0x0020, 0x0020, 0x0020, 0x0020, 0x0020,
  0x0020, 0x0020, 0x0020, 0x0020, 0x0000, 0x0000, 0x0000, 0x1840, 0x0000, 0x0000, 0x0000, 0x1020,
  0x0820, 0x0000, 0x1020, 0x1020, 0x0000, 0x0000, 0x0000, 0x0000, 0x0000, 0x0800, 0x0000, 0x0820,
  0x0000, 0x1061, 0x0820, 0x0841, 0x0020, 0x0000, 0x0800, 0x0800, 0x0800, 0x0000, 0x0000, 0x1061,
  0x1061, 0x0000, 0x0820, 0x1061, 0x0841, 0x0000, 0x0820, 0x0020, 0x0000, 0x0000, 0x0000, 0x0000,
  0x0800, 0x0000, 0x0000, 0x0000, 0x0000, 0x0000, 0x0020, 0x0020, 0x0000, 0x0000, 0x0020, 0x0800,
  0x0800, 0x0000, 0x0800, 0x0000, 0x0000, 0x0000, 0x0000, 0x0000, 0x0820, 0x0800, 0x0820, 0x0820,
  0x0800, 0x0020, 0x2944, 0x0841, 0x0000, 0x0000, 0x0000, 0x0820, 0x0000, 0x1061, 0x0841, 0x0800,
  0x0000, 0x0020, 0x0820, 0x0800, 0x1840, 0x0000, 0x1840, 0x0800, 0x0000, 0x0800, 0x0820, 0x0800,
  0x0000, 0x2103, 0x10A2, 0x18C3, 0x0020, 0x0000, 0x0820, 0x0000, 0x0000, 0x0000, 0x0000, 0x0000,
  0x0000, 0x0800, 0x1020, 0x1020, 0x1020, 0x0820, 0x0800, 0x0000, 0x0000, 0x0000, 0x0000, 0x0820,
  0x0000, 0x0800, 0x0000, 0x0000, 0x0000, 0x0000, 0x0000, 0x0000, 0x0000, 0x0000, 0x0000, 0x0000,
  0x0000, 0x0000, 0x0000, 0x0000, 0x0000, 0x0000, 0x0000, 0x0000, 0x0000, 0x0000, 0x0000, 0x0000,
  0x0000, 0x0000, 0x0000, 0x2060, 0xF2C0, 0x2060, 0x0000, 0x71C0, 0xB2C0, 0x0000, 0x0000, 0xB2C0,
  0x71C0, 0x0000, 0x0000, 0x0000, 0xDB41, 0xFBA0, 0xFB80, 0xFB80, 0xFC20, 0x71C0, 0x0000, 0x0800,
  0x0000, 0xDAC0, 0x5940, 0x0000, 0x2060, 0xFB20, 0x3080, 0x0000, 0x71C0, 0xB2C0, 0x0000, 0x0000,
  0x0000, 0x0000, 0x0000, 0x0000, 0x0800, 0x0000, 0x0000, 0x0000, 0x0000, 0x0000, 0x0000, 0x0000,
  0x0000, 0x0000, 0x0000, 0x0000, 0x0000, 0x0000, 0x0000, 0x0000, 0x0000, 0x0000, 0x0000, 0x0000,
  0x0020, 0x0020, 0x0000, 0x0000, 0x0000, 0x0000, 0x0000, 0x0020, 0x0000, 0x0000, 0x0000, 0x0000,
  0x0000, 0x0000, 0x0000, 0x0000, 0x0000, 0x0000, 0x0000, 0x0841, 0x0000, 0x0000, 0x0000, 0x0000,
  0x0000, 0x0000, 0x0000, 0x0020, 0x0020, 0x0820, 0x0841, 0x0841, 0x0841, 0x0841, 0x0841, 0x1061,
  0x1061, 0x1061, 0x1061, 0x1061, 0x0841, 0x0820, 0x0820, 0x0020, 0x0000, 0x0000, 0x0000, 0x0000,
  0x0000, 0x0000, 0x0000, 0x0000, 0x0000, 0x0000, 0x0000, 0x0000, 0x0000, 0x0000, 0x0000, 0x0000,
  0x0000, 0x0000, 0x0000, 0x0000, 0x0000, 0x0000, 0x0000, 0x0000, 0x0000, 0x0000, 0x0000, 0x0000,
  0x0000, 0x0000, 0x0000, 0x0000, 0x0000, 0x0000, 0x0000, 0x0000, 0x0000, 0x0000, 0x0000, 0x0000,
  0x0000, 0x0000, 0x0000, 0x0000, 0x0000, 0x0000, 0x0000, 0x0000, 0x0000, 0x0020, 0x0020, 0x0020,
  0x0020, 0x0020, 0x0020, 0x0020, 0x0020, 0x0020, 0x0020, 0x0020, 0x0020, 0x0020, 0x0020, 0x0020,
  0x0020, 0x0020, 0x0020, 0x0020, 0x0020, 0x0000, 0x0000, 0x0000, 0x0000, 0x0000, 0x0000, 0x0000,
  0x1020, 0x1020, 0x0000, 0x0800, 0x1020, 0x0000, 0x0000, 0x0000, 0x1840, 0x0000, 0x0000, 0x0820,
  0x0800, 0x0820, 0x0820, 0x0000, 0x0000, 0x0000, 0x0000, 0x0000, 0x18C3, 0x10A2, 0x0000, 0x0841,
  0x0000, 0x0000, 0x0000, 0x0000, 0x0800, 0x0000, 0x0000, 0x0841, 0x10A2, 0x0000, 0x0000, 0x0841,
  0x10A2, 0x0000, 0x0000, 0x0800, 0x0000, 0x0020, 0x0000, 0x0000, 0x0000, 0x0000, 0x0000, 0x0820,
  0x0820, 0x0800, 0x0000, 0x1840, 0x1061, 0x1061, 0x0841, 0x0000, 0x0000, 0x0000, 0x1840, 0x0820,
  0x0000, 0x0800, 0x0000, 0x0800, 0x0820, 0x0820, 0x0800, 0x0000, 0x0000, 0x0000, 0x0000, 0x0000,
  0x0000, 0x0000, 0x0800, 0x0841, 0x18C3, 0x3185, 0x2103, 0x0800, 0x0820, 0x0000, 0x0800, 0x0800,
  0x1061, 0x0820, 0x1020, 0x1840, 0x0000, 0x0800, 0x0000, 0x0800, 0x0000, 0x1061, 0x1061, 0x0000,
  0x1061, 0x0000, 0x1020, 0x0820, 0x0800, 0x0000, 0x0000, 0x0000, 0x0000, 0x0000, 0x0000, 0x0800,
  0x0000, 0x0000, 0x0000, 0x0000, 0x0000, 0x0000, 0x0000, 0x0800, 0x0800, 0x0800, 0x0000, 0x0800,
  0x0000, 0x0000, 0x0000, 0x0000, 0x0000, 0x0000, 0x0000, 0x0000, 0x0000, 0x0000, 0x0000, 0x0000,
  0x0000, 0x0000, 0x0000, 0x0800, 0x0820, 0x0000, 0x0000, 0x0000, 0x0000, 0x0000, 0x0000, 0x0820,
  0xF2C0, 0x40E0, 0x0000, 0x5940, 0xDAC0, 0x0020, 0x0000, 0x8960, 0xBA20, 0x0000, 0x0800, 0x0000,
  0x40E0, 0xDB41, 0xFB80, 0xFBA0, 0xB2C0, 0x0020, 0x0000, 0x0000, 0x10A2, 0xF2C0, 0x2060, 0x0000,
  0x40E0, 0xDB41, 0x1020, 0x0000, 0x89E0, 0xA260, 0x0000, 0x0000, 0x0000, 0x0000, 0x0000, 0x0000,
  0x0000, 0x0800, 0x0800, 0x0000, 0x0000, 0x0000, 0x0000, 0x0000, 0x0000, 0x0000, 0x0000, 0x0000,
  0x0000, 0x0000, 0x0000, 0x0000, 0x0000, 0x0000, 0x0000, 0x0000, 0x0000, 0x0000, 0x0000, 0x0000,
  0x0000, 0x0000, 0x0000, 0x0000, 0x0000, 0x0000, 0x0000, 0x0000, 0x0000, 0x0000, 0x0000, 0x0820,
  0x0820, 0x0841, 0x10A2, 0x10A2, 0x1061, 0x1061, 0x1061, 0x1061, 0x1061, 0x1061, 0x1061, 0x0820,
  0x0841, 0x0820, 0x0820, 0x0020, 0x0000, 0x0000, 0x0000, 0x0000, 0x0000, 0x0000, 0x0000, 0x0000,
  0x0000, 0x0000, 0x0000, 0x0000, 0x0000, 0x0000, 0x0000, 0x0000, 0x0000, 0x0000, 0x0000, 0x0000,
  0x0000, 0x0000, 0x0000, 0x0000, 0x0000, 0x0000, 0x0000, 0x0000, 0x0000, 0x0000, 0x0000, 0x0000,
  0x0000, 0x0000, 0x0000, 0x0000, 0x0000, 0x0000, 0x0000, 0x0000, 0x0000, 0x0000, 0x0000, 0x0000,
  0x0000, 0x0000, 0x0000, 0x0000, 0x0000, 0x0000, 0x0000, 0x0000, 0x0020, 0x0020, 0x0020, 0x0020,
  0x0020, 0x0020, 0x0020, 0x0020, 0x0020, 0x0020, 0x0020, 0x0020, 0x0020, 0x0000, 0x0000, 0x0000,
  0x0000, 0x0000, 0x0000, 0x0000, 0x0000, 0x0000, 0x0000, 0x0000, 0x0000, 0x0000, 0x0000, 0x0000,
  0x0000, 0x0000, 0x0000, 0x0000, 0x0000, 0x0000, 0x0000, 0x0000, 0x0800, 0x0800, 0x1020, 0x0000,
  0x1840, 0x0800, 0x0000, 0x0000, 0x0820, 0x1840, 0x0820, 0x0000, 0x0000, 0x0000, 0x0800, 0x1020,
  0x0820, 0x0820, 0x0000, 0x0000, 0x0820, 0x0020, 0x1061, 0x0000, 0x2103, 0x0000, 0x0000, 0x0000,
  0x0000, 0x0800, 0x0000, 0x0000, 0x18C3, 0x10A2, 0x0820, 0x0800, 0x0841, 0x10A2, 0x0000, 0x1061,
  0x1061, 0x0820, 0x1061, 0x10A2, 0x0020, 0x0000, 0x0020, 0x0820, 0x2944, 0x10A2, 0x0000, 0x10A2,
  0x0020, 0x0000, 0x0000, 0x0020, 0x0800, 0x1020, 0x1020, 0x0820, 0x0820, 0x0820, 0x0800, 0x0000,
  0x0000, 0x0000, 0x0800, 0x0000, 0x0000, 0x0820, 0x0820, 0x0000, 0x0000, 0x0000, 0x0000, 0x10A2,
  0x0841, 0x0020, 0x1061, 0x0000, 0x0800, 0x0000, 0x0000, 0x1020, 0x0000, 0x1020, 0x0800, 0x10A2,
  0x1840, 0x0000, 0x2103, 0x0841, 0x1020, 0x0000, 0x10A2, 0x10A2, 0x0820, 0x0820, 0x1020, 0x0000,
  0x0000, 0x0800, 0x0000, 0x0000, 0x0000, 0x0000, 0x0000, 0x0000, 0x0000, 0x0000, 0x0000, 0x0800,
  0x0820, 0x0000, 0x0000, 0x0000, 0x0000, 0x0800, 0x0800, 0x0800, 0x0800, 0x0800, 0x0000, 0x0000,
  0x0000, 0x0000, 0x0000, 0x0000, 0x0000, 0x0000, 0x0000, 0x0000, 0x0800, 0x0000, 0x1840, 0x1840,
  0x0000, 0x0000, 0x0000, 0x0000, 0x0000, 0x0000, 0x0000, 0x0000, 0xB2C0, 0x71C0, 0x0000, 0x1840,
  0xF2C0, 0x30C0, 0x0000, 0x1840, 0xF2C0, 0x30C0, 0x0000, 0x0800, 0x0000, 0x71C0, 0xFBA0, 0xFB80,
  0x1061, 0x0000, 0x0000, 0x0000, 0xA260, 0xA1C0, 0x0000, 0x0000, 0x89E0, 0xB2C0, 0x0000, 0x0000,
  0xB2C0, 0x71C0, 0x0000, 0x0000, 0x0000, 0x0000, 0x0000, 0x0000, 0x0000, 0x0000, 0x1020, 0x1020,
  0x0000, 0x0000, 0x0000, 0x0000, 0x0000, 0x0000, 0x0000, 0x0000, 0x0000, 0x0000, 0x0000, 0x0000,
  0x0000, 0x0000, 0x0000, 0x0000, 0x0000, 0x0000, 0x0000, 0x0000, 0x0000, 0x0000, 0x0000, 0x0000,
  0x0000, 0x0000, 0x10A2, 0x2944, 0x18C3, 0x18C3, 0x10A2, 0x10A2, 0x10A2, 0x10A2, 0x1061, 0x0841,
  0x0820, 0x0020, 0x0000, 0x0000, 0x0000, 0x0020, 0x0820, 0x0000, 0x0000, 0x0000, 0x0000, 0x0000,
  0x0000, 0x0000, 0x0000, 0x0000, 0x0000, 0x0000, 0x0000, 0x0000, 0x0000, 0x0000, 0x0000, 0x0000,
  0x0000, 0x0000, 0x0000, 0x0000, 0x0000, 0x0000, 0x0000, 0x0000, 0x0000, 0x0000, 0x0000, 0x0000,
  0x0000, 0x0000, 0x0000, 0x0000, 0x0000, 0x0000, 0x0000, 0x0000, 0x0000, 0x0000, 0x0000, 0x0000,
  0x0000, 0x0000, 0x0000, 0x0000, 0x0000, 0x0000, 0x0000, 0x0000, 0x0000, 0x0000, 0x0000, 0x0000,
  0x0000, 0x0000, 0x0000, 0x0000, 0x0000, 0x0000, 0x0000, 0x0000, 0x0000, 0x0000, 0x0000, 0x0000,
  0x0000, 0x0000, 0x0000, 0x0000, 0x0000, 0x0000, 0x0000, 0x0000, 0x0000, 0x0000, 0x0000, 0x0000,
  0x0000, 0x0000, 0x0000, 0x0000, 0x0000, 0x0000, 0x0000, 0x0000, 0x0000, 0x0000, 0x0000, 0x0000,
  0x0000, 0x0000, 0x0000, 0x0000, 0x0000, 0x0000, 0x0820, 0x0820, 0x0800, 0x1020, 0x0000, 0x0000,
  0x0000, 0x1020, 0x1840, 0x1020, 0x0820, 0x0800, 0x0000, 0x0000, 0x0000, 0x0820, 0x1020, 0x0820,
  0x0000, 0x18C3, 0x2944, 0x0000, 0x1061, 0x0841, 0x0820, 0x0800, 0x0000, 0x0000, 0x0000, 0x0841,
  0x1061, 0x1061, 0x0841, 0x0820, 0x0841, 0x3185, 0x0000, 0x0841, 0x3185, 0x18C3, 0x18C3, 0x10A2,
  0x1061, 0x1061, 0x1061, 0x0020, 0x0841, 0x0000, 0x0000, 0x0000, 0x0000, 0x0820, 0x18C3, 0x10A2,
  0x0820, 0x0000, 0x0000, 0x0000, 0x0800, 0x0800, 0x0000, 0x0000, 0x0000, 0x0000, 0x0000, 0x0000,
  0x0820, 0x0000, 0x0000, 0x0000, 0x0000, 0x0000, 0x0000, 0x10A2, 0x0841, 0x0000, 0x18C3, 0x2944,
  0x10A2, 0x0000, 0x0000, 0x0820, 0x0800, 0x2103, 0x18C3, 0x3185, 0x1061, 0x0000, 0x1020, 0x0000,
  0x0800, 0x0000, 0x0800, 0x0800, 0x0800, 0x0800, 0x0000, 0x0000, 0x0820, 0x1840, 0x1020, 0x1020,
  0x0800, 0x0000, 0x0000, 0x0800, 0x0800, 0x0820, 0x0820, 0x0820, 0x0800, 0x0800, 0x0800, 0x0000,
  0x0000, 0x0000, 0x0000, 0x0800, 0x0000, 0x0000, 0x0000, 0x0000, 0x0000, 0x0000, 0x0000, 0x0000,
  0x0000, 0x0000, 0x0800, 0x0820, 0x0000, 0x2060, 0x40E0, 0x0000, 0x0000, 0x0000, 0x0000, 0x0000,
  0x0000, 0x0000, 0x0000, 0x0000, 0x8960, 0xBA20, 0x0000, 0x0000, 0xBA20, 0x89E0, 0x0000, 0x0000,
  0x7140, 0xF2C0, 0x1840, 0x0000, 0x0000, 0xB2C0, 0xFB80, 0xFBA0, 0x5940, 0x0000, 0x0000, 0x59C1,
  0xF2C0, 0x1840, 0x0000, 0x0820, 0xDB41, 0x50E0, 0x0000, 0x1840, 0xF2C0, 0x3080, 0x0000, 0x0000,
  0x0000, 0x0000, 0x0000, 0x0000, 0x0000, 0x0000, 0x0000, 0x2060, 0x1840, 0x0000, 0x0800, 0x0000,
  0x0000, 0x0000, 0x0000, 0x0000, 0x0000, 0x0000, 0x0000, 0x0000, 0x0000, 0x0000, 0x0020, 0x0000,
  0x0000, 0x0000, 0x0000, 0x0000, 0x0000, 0x0000, 0x0000, 0x0000, 0x0000, 0x18C3, 0x3185, 0x1061,
  0x0020, 0x0000, 0x0000, 0x0000, 0x0000, 0x0000, 0x0000, 0x0000, 0x0000, 0x0000, 0x0000, 0x0000,
  0x0000, 0x1061, 0x0000, 0x0000, 0x0000, 0x0000, 0x0000, 0x0000, 0x0000, 0x0000, 0x0000, 0x0000,
  0x0000, 0x0000, 0x0000, 0x0000, 0x0000, 0x0000, 0x0000, 0x0000, 0x0000, 0x0000, 0x0000, 0x0000,
  0x0000, 0x0000, 0x0000, 0x0000, 0x0000, 0x0000, 0x0000, 0x0000, 0x0000, 0x0000, 0x0000, 0x0000,
  0x0000, 0x0000, 0x0000, 0x0000, 0x0000, 0x0000, 0x0000, 0x0000, 0x0000, 0x0000, 0x0000, 0x0000,
  0x0000, 0x0000, 0x0000, 0x0000, 0x0000, 0x0000, 0x0000, 0x0000, 0x0000, 0x0000, 0x0000, 0x0000,
  0x0000, 0x0000, 0x0000, 0x0000, 0x0000, 0x0000, 0x0000, 0x0000, 0x0000, 0x0000, 0x0000, 0x0000,
  0x0000, 0x0000, 0x0000, 0x0000, 0x0000, 0x0000, 0x0000, 0x0000, 0x0000, 0x0000, 0x0000, 0x0000,
  0x0000, 0x0000, 0x0000, 0x0000, 0x0000, 0x0000, 0x0000, 0x0000, 0x0000, 0x0000, 0x0000, 0x0000,
  0x0000, 0x0000, 0x0800, 0x1020, 0x0000, 0x1020, 0x1020, 0x0000, 0x0000, 0x0000, 0x0000, 0x0000,
  0x0820, 0x1020, 0x1020, 0x0820, 0x0000, 0x0000, 0x0820, 0x1840, 0x0000, 0x0000, 0x0020, 0x2944,
  0x1061, 0x2103, 0x0000, 0x1020, 0x0000, 0x0000, 0x0000, 0x0020, 0x10A2, 0x10A2, 0x0820, 0x0800,
  0x0000, 0x0820, 0x30C0, 0x1061, 0x1061, 0x2944, 0x0020, 0x0820, 0x18C3, 0x0020, 0x0800, 0x0000,
  0x0000, 0x0000, 0x0000, 0x1061, 0x10A2, 0x2103, 0x1840, 0x1020, 0x0820, 0x0000, 0x0020, 0x0000,
  0x0000, 0x0800, 0x0000, 0x0800, 0x2103, 0x10A2, 0x0000, 0x0000, 0x0000, 0x1061, 0x2103, 0x0000,
  0x0000, 0x0000, 0x0000, 0x0020, 0x0020, 0x0020, 0x0020, 0x10A2, 0x18C3, 0x0820, 0x0800, 0x0000,
  0x0800, 0x0841, 0x1061, 0x10A2, 0x10A2, 0x0000, 0x0820, 0x0020, 0x0000, 0x0000, 0x0000, 0x1840,
  0x2060, 0x1061, 0x0000, 0x0820, 0x1020, 0x0000, 0x1020, 0x0820, 0x0820, 0x0820, 0x1020, 0x0820,
  0x0820, 0x0800, 0x0000, 0x0000, 0x0000, 0x0000, 0x0800, 0x1020, 0x0800, 0x0000, 0x0000, 0x0800,
  0x0000, 0x0000, 0x0000, 0x0000, 0x0000, 0x0000, 0x0000, 0x0000, 0x0800, 0x0800, 0x1020, 0x0000,
  0x30C0, 0x59C1, 0x0000, 0x0000, 0x0000, 0x0000, 0x0000, 0x0000, 0x0000, 0x0000, 0x0000, 0x0000,
  0x3080, 0xF2C0, 0x2060, 0x0000, 0x3080, 0xF2C0, 0x2060, 0x0000, 0x0000, 0x8960, 0x30C0, 0x0000,
  0x0820, 0xDB41, 0xA260, 0xDB41, 0x89E0, 0x0000, 0x0000, 0x7140, 0x40A0, 0x0000, 0x0000, 0x71C0,
  0xD220, 0x0000, 0x0000, 0x71C0, 0xDAC0, 0x0000, 0x0000, 0x0000, 0x0000, 0x0000, 0x0000, 0x0000,
  0x0000, 0x0000, 0x0000, 0x0000, 0x40E0, 0x2060, 0x0000, 0x0800, 0x0000, 0x0000, 0x0000, 0x0000,
  0x0000, 0x0000, 0x0000, 0x0000, 0x0000, 0x0000, 0x0800, 0x0000, 0x0000, 0x0000, 0x0000, 0x0000,
  0x0000, 0x0000, 0x0000, 0x0000, 0x0841, 0x18C3, 0x0000, 0x0000, 0x0000, 0x0000, 0x0000, 0x0000,
  0x0000, 0x0000, 0x0000, 0x0000, 0x0000, 0x0000, 0x0000, 0x0000, 0x0020, 0x0020, 0x0000, 0x0000,
  0x0000, 0x0000, 0x0000, 0x0000, 0x0000, 0x0000, 0x0000, 0x0000, 0x0000, 0x0000, 0x0000, 0x0000,
  0x0000, 0x0000, 0x0000, 0x0000, 0x0000, 0x0000, 0x0000, 0x0000, 0x0000, 0x0000, 0x0000, 0x0000,
  0x0000, 0x0000, 0x0000, 0x0000, 0x0000, 0x0000, 0x0000, 0x0000, 0x0000, 0x0000, 0x0000, 0x0000,
  0x0000, 0x0000, 0x0000, 0x0000, 0x0000, 0x0000, 0x0000, 0x0000, 0x0000, 0x0000, 0x0000, 0x0000,
  0x0000, 0x0000, 0x0000, 0x0000, 0x0000, 0x0000, 0x0000, 0x0000, 0x0000, 0x0000, 0x0000, 0x0000,
  0x0000, 0x0000, 0x0000, 0x0000, 0x0000, 0x0000, 0x0000, 0x0000, 0x0000, 0x0000, 0x0000, 0x0000,
  0x0000, 0x0000, 0x0000, 0x0000, 0x0000, 0x0000, 0x0000, 0x0000, 0x0000, 0x0000, 0x0000, 0x0000,
  0x0000, 0x0000, 0x0000, 0x0000, 0x0000, 0x0000, 0x0000, 0x0000, 0x0000, 0x0000, 0x0000, 0x1020,
  0x1020, 0x0000, 0x1840, 0x1840, 0x0820, 0x0000, 0x0800, 0x0820, 0x0820, 0x0800, 0x0000, 0x1020,
  0x1840, 0x0000, 0x0820, 0x1020, 0x0000, 0x0000, 0x0841, 0x2944, 0x10A2, 0x1061, 0x0820, 0x0800,
  0x18C3, 0x0841, 0x0000, 0x0000, 0x0000, 0x0020, 0x0800, 0x1840, 0x0000, 0x2944, 0x4A28, 0x18C3,
  0x0000, 0x0820, 0x0000, 0x0000, 0x0000, 0x0000, 0x0000, 0x0000, 0x0000, 0x18C3, 0x2103, 0x1061,
  0x0841, 0x0000, 0x0800, 0x1020, 0x0000, 0x0820, 0x0800, 0x0000, 0x0000, 0x1061, 0x0841, 0x18C3,
  0x0841, 0x0000, 0x0000, 0x0820, 0x0000, 0x0020, 0x0841, 0x0020, 0x0000, 0x0000, 0x0000, 0x0000,
  0x0000, 0x0000, 0x0000, 0x10A2, 0x2103, 0x0820, 0x0820, 0x1020, 0x0000, 0x0000, 0x0841, 0x0841,
  0x0820, 0x0000, 0x18C3, 0x18C3, 0x0000, 0x0000, 0x0000, 0x0841, 0x10A2, 0x0820, 0x0000, 0x0000,
  0x0000, 0x0000, 0x0000, 0x0000, 0x0000, 0x0800, 0x0800, 0x0000, 0x0820, 0x0820, 0x0000, 0x0000,
  0x0000, 0x0000, 0x0000, 0x0820, 0x0820, 0x0000, 0x0000, 0x0000, 0x0000, 0x0000, 0x0000, 0x0000,
  0x0000, 0x0000, 0x0000, 0x0800, 0x0800, 0x1020, 0x0800, 0x3080, 0x71C0, 0x0800, 0x0000, 0x0000,
  0x0000, 0x0000, 0x0000, 0x0000, 0x0000, 0x0000, 0x0000, 0x0000, 0x0000, 0xBA20, 0x89E0, 0x0000,
  0x0000, 0x8960, 0xD220, 0x0000, 0x0000, 0x0000, 0x0000, 0x0000, 0x30C0, 0xFBA0, 0x5940, 0xA260,
  0xB2C0, 0x0000, 0x0000, 0x0000, 0x0000, 0x0000, 0x30C0, 0xF2C0, 0x40A0, 0x0000, 0x0020, 0xDAC0,
  0x7140, 0x0000, 0x0000, 0x0000, 0x0000, 0x0000, 0x0000, 0x0000, 0x0000, 0x0000, 0x0000, 0x0000,
  0x0000, 0x5940, 0x1840, 0x0000, 0x0800, 0x0000, 0x0000, 0x0000, 0x0000, 0x0000, 0x0000, 0x0000,
  0x0000, 0x0000, 0x0000, 0x0000, 0x0000, 0x0000, 0x0000, 0x0000, 0x0000, 0x0000, 0x0000, 0x0000,
  0x1061, 0x0000, 0x0000, 0x0000, 0x0000, 0x0000, 0x0000, 0x0000, 0x0000, 0x0000, 0x0000, 0x0000,
  0x0000, 0x0000, 0x0000, 0x0000, 0x0020, 0x0000, 0x0000, 0x0000, 0x0000, 0x0000, 0x0000, 0x0000,
  0x0000, 0x0000, 0x0000, 0x0000, 0x0000, 0x0000, 0x0000, 0x0000, 0x0000, 0x0000, 0x0000, 0x0000,
  0x0000, 0x0000, 0x0000, 0x0000, 0x0000, 0x0000, 0x0000, 0x0000, 0x0000, 0x0000, 0x0000, 0x0000,
  0x0000, 0x0000, 0x0000, 0x0000, 0x0000, 0x0000, 0x0000, 0x0000, 0x0000, 0x0000, 0x0000, 0x0000,
  0x0000, 0x0000, 0x0000, 0x0000, 0x0000, 0x0000, 0x0000, 0x0000, 0x0000, 0x0000, 0x0000, 0x0000,
  0x0000, 0x0000, 0x0000, 0x0000, 0x0000, 0x0000, 0x0000, 0x0000, 0x0000, 0x0000, 0x0000, 0x0000,
  0x0000, 0x0000, 0x0000, 0x0000, 0x0000, 0x0000, 0x0000, 0x0000, 0x0000, 0x0000, 0x0000, 0x0000,
  0x0000, 0x0000, 0x0000, 0x0000, 0x0000, 0x0000, 0x0000, 0x0000, 0x0000, 0x0000, 0x0000, 0x0000,
  0x0000, 0x0841, 0x18C3, 0x1061, 0x0000, 0x0000, 0x0000, 0x0820, 0x1020, 0x0800, 0x0000, 0x1840,
  0x1840, 0x1840, 0x1840, 0x1020, 0x0820, 0x1020, 0x1840, 0x0820, 0x0000, 0x0820, 0x0000, 0x1840,
  0x0820, 0x0800, 0x0000, 0x0820, 0x18C3, 0x18C3, 0x1061, 0x0020, 0x18C3, 0x0020, 0x0000, 0x0000,
  0x10A2, 0x18C3, 0x3185, 0x3080, 0x1840, 0x0820, 0x0020, 0x0000, 0x0000, 0x0000, 0x0000, 0x0000,
  0x0000, 0x0000, 0x0000, 0x0820, 0x1020, 0x0820, 0x0020, 0x0000, 0x0000, 0x0800, 0x0000, 0x0800,
  0x0800, 0x1840, 0x0800, 0x0800, 0x0820, 0x10A2, 0x10A2, 0x4A28, 0x10A2, 0x18C3, 0x39C7, 0x4A28,
  0x0000, 0x0000, 0x0000, 0x0800, 0x0000, 0x0000, 0x1020, 0x0800, 0x0000, 0x0000, 0x0820, 0x0841,
  0x10A2, 0x2944, 0x10A2, 0x1020, 0x0000, 0x0000, 0x0000, 0x0841, 0x1061, 0x0020, 0x0000, 0x2103,
  0x0820, 0x0000, 0x0800, 0x0000, 0x0000, 0x0000, 0x0000, 0x0020, 0x0000, 0x0000, 0x0000, 0x1020,
  0x0000, 0x0000, 0x0000, 0x0000, 0x0000, 0x0000, 0x1020, 0x0820, 0x0820, 0x0000, 0x0000, 0x0800,
  0x0000, 0x0000, 0x0000, 0x0000, 0x0000, 0x0000, 0x0000, 0x0000, 0x0000, 0x0000, 0x0000, 0x0800,
  0x0820, 0x0820, 0x1840, 0xA260, 0x1840, 0x0000, 0x0800, 0x0000, 0x0000, 0x0000, 0x0000, 0x0000,
  0x0000, 0x0000, 0x0000, 0x0000, 0x0000, 0x3080, 0xF2C0, 0x2060, 0x0000, 0x0000, 0xA1C0, 0xBA20,
  0x0000, 0x0000, 0x0800, 0x0000, 0x71C0, 0xFB80, 0x0000, 0x7140, 0xFB80, 0x1061, 0x0000, 0x0000,
  0x0000, 0x30C0, 0xF2C0, 0x6100, 0x0000, 0x0000, 0x71C0, 0xDAC0, 0x0000, 0x0000, 0x0000, 0x0000,
  0x0000, 0x0000, 0x0000, 0x0000, 0x0000, 0x0000, 0x0000, 0x0000, 0x0000, 0x1840, 0x89E0, 0x0820,
  0x0800, 0x0000, 0x0000, 0x0000, 0x0000, 0x0000, 0x0000, 0x0000, 0x0000, 0x0000, 0x0000, 0x0000,
  0x0000, 0x0000, 0x0000, 0x0000, 0x0000, 0x0000, 0x0000, 0x0000, 0x1061, 0x0000, 0x0000, 0x0000,
  0x0000, 0x0000, 0x0000, 0x0000, 0x0000, 0x0000, 0x0000, 0x0000, 0x0000, 0x0000, 0x0000, 0x0000,
  0x0020, 0x0000, 0x0000, 0x0000, 0x0000, 0x0000, 0x0000, 0x0000, 0x0000, 0x0000, 0x0000, 0x0000,
  0x0000, 0x0000, 0x0000, 0x0000, 0x0000, 0x0000, 0x0000, 0x0000, 0x0000, 0x0000, 0x0000, 0x0000,
  0x0000, 0x0000, 0x0000, 0x0000, 0x0000, 0x0000, 0x0000, 0x0000, 0x0000, 0x0000, 0x0000, 0x0000,
  0x0000, 0x0000, 0x0000, 0x0000, 0x0000, 0x0000, 0x0000, 0x0000, 0x0000, 0x0000, 0x0000, 0x0000,
  0x0000, 0x0000, 0x0000, 0x0000, 0x0000, 0x0000, 0x0000, 0x0000, 0x0000, 0x0000, 0x0000, 0x0000,
  0x0000, 0x0000, 0x0000, 0x0000, 0x0000, 0x0000, 0x0000, 0x0820, 0x0000, 0x0000, 0x0000, 0x10A2,
  0x10A2, 0x18C3, 0x18C3, 0x0000, 0x0020, 0x0020, 0x0020, 0x0000, 0x0000, 0x0000, 0x0000, 0x0000,
  0x0000, 0x0000, 0x0000, 0x0000, 0x0000, 0x0000, 0x0000, 0x0000, 0x0020, 0x1061, 0x10A2, 0x10A2,
  0x0000, 0x0000, 0x0800, 0x0800, 0x0820, 0x0820, 0x0000, 0x0800, 0x0820, 0x0800, 0x0000, 0x0000,
  0x0000, 0x0000, 0x1020, 0x1840, 0x0820, 0x1020, 0x0800, 0x0000, 0x0800, 0x0820, 0x0000, 0x0020,
  0x1061, 0x0841, 0x0000, 0x0000, 0x18C3, 0x10A2, 0x0800, 0x0820, 0x2944, 0x1061, 0x18C3, 0x0000,
  0x0000, 0x0000, 0x0000, 0x0820, 0x0000, 0x0841, 0x0000, 0x0000, 0x0000, 0x0000, 0x0000, 0x0820,
  0x1840, 0x0800, 0x0800, 0x1020, 0x0800, 0x0800, 0x0000, 0x0820, 0x0841, 0x0820, 0x10A2, 0x0000,
  0x0841, 0x1061, 0x0841, 0x0020, 0x2103, 0x3185, 0x18C3, 0x1061, 0x0000, 0x0000, 0x0800, 0x18C3,
  0x3185, 0x0841, 0x0000, 0x0000, 0x0000, 0x0020, 0x0020, 0x0000, 0x0820, 0x39C7, 0x2103, 0x0000,
  0x0000, 0x0000, 0x0000, 0x0841, 0x0841, 0x1061, 0x0000, 0x0000, 0x0820, 0x0820, 0x0800, 0x0000,
  0x0000, 0x10A2, 0x39C7, 0x2944, 0x0000, 0x0000, 0x0800, 0x1840, 0x0820, 0x0000, 0x0000, 0x0000,
  0x0800, 0x0800, 0x0820, 0x1020, 0x0000, 0x0000, 0x0000, 0x0800, 0x0800, 0x0800, 0x0000, 0x0000,
  0x0000, 0x0000, 0x0000, 0x0000, 0x0000, 0x0000, 0x0800, 0x0820, 0x1840, 0x0820, 0xA260, 0x40E0,
  0x0000, 0x0800, 0x0000, 0x0000, 0x0000, 0x0000, 0x0000, 0x0000, 0x0000, 0x0000, 0x0000, 0x0000,
  0x0000, 0x0000, 0x8960, 0xDAC0, 0x0000, 0x0000, 0x1020, 0x6100, 0x0020, 0x0000, 0x0000, 0x0000,
  0xB2C0, 0xB2C0, 0x5940, 0x89E0, 0xFB80, 0x5940, 0x0000, 0x0000, 0x0000, 0x2060, 0x50E0, 0x0000,
  0x0000, 0x30C0, 0xFB20, 0x40A0, 0x0000, 0x0000, 0x0000, 0x0000, 0x0000, 0x0000, 0x0000, 0x0000,
  0x0000, 0x0000, 0x0000, 0x0000, 0x0800, 0x0000, 0x40E0, 0x89E0, 0x0000, 0x0820, 0x0800, 0x0000,
  0x0000, 0x0000, 0x0000, 0x0000, 0x0000, 0x0000, 0x0000, 0x0000, 0x0000, 0x0000, 0x0000, 0x0000,
  0x0000, 0x0000, 0x0000, 0x0000, 0x0841, 0x0000, 0x0000, 0x0000, 0x0000, 0x0000, 0x0000, 0x0000,
  0x0000, 0x0000, 0x0000, 0x0000, 0x0000, 0x0000, 0x0000, 0x0000, 0x0000, 0x0000, 0x0000, 0x0000,
  0x0000, 0x0000, 0x0000, 0x0000, 0x0000, 0x0000, 0x0000, 0x0000, 0x0000, 0x0000, 0x0000, 0x0000,
  0x0000, 0x0000, 0x0000, 0x0000, 0x0000, 0x0000, 0x0000, 0x0000, 0x0000, 0x0000, 0x0000, 0x0000,
  0x0000, 0x0000, 0x0000, 0x0000, 0x0000, 0x0000, 0x0000, 0x0000, 0x0000, 0x0000, 0x0000, 0x0000,
  0x0000, 0x0000, 0x0000, 0x0000, 0x0000, 0x0000, 0x0020, 0x0841, 0x0020, 0x0000, 0x10A2, 0x18C3,
  0x2103, 0x2944, 0x3185, 0x0841, 0x0000, 0x0000, 0x2103, 0x4A28, 0x4A28, 0x528A, 0x2944, 0x0000,
  0x39C7, 0x62EB, 0x62EB, 0x836C, 0x62EB, 0x0020, 0x39C7, 0x836C, 0x836C, 0x836C, 0x836C, 0x2103,
  0x0000, 0x0020, 0x0020, 0x0000, 0x0000, 0x0000, 0x0020, 0x0000, 0x0820, 0x0000, 0x0000, 0x0000,
  0x0020, 0x0000, 0x0000, 0x10A2, 0x10A2, 0x10A2, 0x0841, 0x1061, 0x0000, 0x0000, 0x0000, 0x0000,
  0x1020, 0x1840, 0x1020, 0x0820, 0x0800, 0x0800, 0x1020, 0x0820, 0x1020, 0x1840, 0x0800, 0x0000,
  0x1020, 0x1020, 0x1020, 0x0000, 0x0800, 0x0000, 0x0000, 0x0000, 0x0800, 0x0841, 0x18C3, 0x0820,
  0x0841, 0x18C3, 0x1840, 0x0000, 0x0000, 0x0820, 0x0000, 0x1020, 0x1020, 0x0820, 0x0800, 0x10A2,
  0x3185, 0x18C3, 0x0820, 0x0800, 0x0800, 0x0000, 0x0000, 0x0800, 0x0800, 0x0800, 0x0800, 0x0800,
  0x0820, 0x1020, 0x18C3, 0x0020, 0x18C3, 0x0820, 0x1061, 0x2944, 0x30C0, 0x1061, 0x1061, 0x0841,
  0x1061, 0x2060, 0x0000, 0x1061, 0x3185, 0x0820, 0x0820, 0x10A2, 0x2103, 0x0841, 0x0000, 0x0000,
  0x0000, 0x0000, 0x0000, 0x0000, 0x0020, 0x0020, 0x1061, 0x1061, 0x0800, 0x0000, 0x0000, 0x0000,
  0x2103, 0x2103, 0x2103, 0x1840, 0x2060, 0x0800, 0x0000, 0x0000, 0x0000, 0x1061, 0x1061, 0x1020,
  0x0000, 0x0000, 0x0000, 0x0800, 0x0000, 0x0000, 0x0800, 0x0820, 0x0820, 0x0800, 0x0000, 0x0000,
  0x0820, 0x0820, 0x0820, 0x0000, 0x0000, 0x0000, 0x0000, 0x0000, 0x0000, 0x0000, 0x0000, 0x0000,
  0x0000, 0x0800, 0x0800, 0x1020, 0x0000, 0x7262, 0x89E0, 0x0000, 0x0820, 0x0000, 0x0000, 0x0000,
  0x0000, 0x0000, 0x0800, 0x0800, 0x0000, 0x0000, 0x0000, 0x0000, 0x0000, 0x0000, 0x0000, 0xBA20,
  0xBA20, 0x0000, 0x0000, 0x0000, 0x0000, 0x0000, 0x0000, 0x0820, 0xDAC0, 0xFB20, 0xFB20, 0xF2C0,
  0xFB20, 0x71C0, 0x0000, 0x0000, 0x0000, 0x0000, 0x0000, 0x0000, 0x10A2, 0xF2C0, 0x7140, 0x0000,
  0x0000, 0x0000, 0x0000, 0x0000, 0x0800, 0x0800, 0x0800, 0x0000, 0x0000, 0x0000, 0x0000, 0x0000,
  0x0000, 0x0820, 0x0000, 0x89E0, 0x5940, 0x0000, 0x0820, 0x0800, 0x0000, 0x0000, 0x0000, 0x0000,
  0x0000, 0x0000, 0x0000, 0x0800, 0x0000, 0x0000, 0x0000, 0x0000, 0x0000, 0x0000, 0x0000, 0x0000,
  0x0020, 0x0000, 0x0000, 0x0000, 0x0000, 0x0000, 0x0000, 0x0000, 0x0000, 0x0000, 0x0000, 0x0000,
  0x0000, 0x0000, 0x0020, 0x0020, 0x0020, 0x0020, 0x0000, 0x0000, 0x0000, 0x0000, 0x0000, 0x0000,
  0x0000, 0x0000, 0x0000, 0x0000, 0x0000, 0x0000, 0x0000, 0x0000, 0x0000, 0x0000, 0x0000, 0x0000,
  0x0000, 0x0000, 0x0000, 0x0000, 0x0000, 0x0000, 0x0000, 0x0820, 0x0841, 0x0000, 0x0000, 0x0000,
  0x0000, 0x1061, 0x3185, 0x18C3, 0x0000, 0x0000, 0x0000, 0x2103, 0x528A, 0x39C7, 0x0000, 0x0000,
  0x3185, 0x836C, 0x836C, 0x836C, 0x528A, 0x1061, 0x836C, 0x9BED, 0x836C, 0x836C, 0x6B4D, 0x0841,
  0x0000, 0x2944, 0x836C, 0x62EB, 0x62EB, 0x836C, 0x528A, 0x2103, 0x9BED, 0x4A28, 0x3185, 0x528A,
  0x836C, 0x18C3, 0x836C, 0x3185, 0x10A2, 0x2944, 0x836C, 0x18C3, 0x0000, 0x0020, 0x0000, 0x0000,
  0x0841, 0x10A2, 0x1061, 0x10A2, 0x10A2, 0x0841, 0x0000, 0x0000, 0x0000, 0x0020, 0x0820, 0x1061,
  0x10A2, 0x0820, 0x0000, 0x0000, 0x0000, 0x0000, 0x0000, 0x0000, 0x1020, 0x1020, 0x0820, 0x0000,
  0x0800, 0x1020, 0x1840, 0x1840, 0x1020, 0x1020, 0x1020, 0x0000, 0x0000, 0x0000, 0x0820, 0x0800,
  0x0800, 0x1020, 0x0000, 0x0000, 0x2103, 0x2103, 0x1061, 0x0820, 0x0000, 0x0000, 0x0841, 0x0020,
  0x1840, 0x3080, 0x0800, 0x0841, 0x10A2, 0x1840, 0x2060, 0x0841, 0x1061, 0x1020, 0x1840, 0x0000,
  0x0800, 0x0800, 0x0800, 0x0000, 0x0000, 0x0000, 0x1061, 0x0841, 0x10A2, 0x1061, 0x18C3, 0x0841,
  0x0841, 0x40E0, 0x30C0, 0x30C0, 0x30C0, 0x0841, 0x0841, 0x0841, 0x1061, 0x2060, 0x3185, 0x39C7,
  0x39C7, 0x0800, 0x0800, 0x0000, 0x10A2, 0x1840, 0x0000, 0x0000, 0x0000, 0x0000, 0x0000, 0x0000,
  0x0800, 0x0000, 0x0841, 0x0841, 0x0820, 0x0800, 0x0000, 0x0000, 0x18C3, 0x18C3, 0x10A2, 0x0820,
  0x10A2, 0x0820, 0x0000, 0x0800, 0x0000, 0x0000, 0x0820, 0x1020, 0x0000, 0x0000, 0x0000, 0x0000,
  0x0000, 0x1840, 0x1020, 0x0800, 0x0000, 0x0000, 0x0800, 0x0000, 0x1020, 0x0820, 0x0820, 0x0000,
  0x0000, 0x0000, 0x0000, 0x0000, 0x0000, 0x0000, 0x0000, 0x0000, 0x0000, 0x0820, 0x1020, 0x0820,
  0x40E0, 0xDB41, 0x1840, 0x0820, 0x0800, 0x0000, 0x0000, 0x0000, 0x0000, 0x0800, 0x0800, 0x0800,
  0x0800, 0x0800, 0x0000, 0x0000, 0x0000, 0x0000, 0x0000, 0x0820, 0xE260, 0x7140, 0x0000, 0x0800,
  0x0000, 0x0000, 0x0000, 0x30C0, 0xFB20, 0xDAC0, 0x40A0, 0x5940, 0xFB20, 0xB2C0, 0x0000, 0x0000,
  0x0000, 0x0000, 0x0000, 0x0000, 0xB2C0, 0x89E0, 0x0000, 0x0000, 0x0000, 0x0000, 0x0000, 0x0800,
  0x0820, 0x0820, 0x0800, 0x0800, 0x0800, 0x0000, 0x0000, 0x0000, 0x0000, 0x0000, 0x0800, 0x1840,
  0xB2C0, 0x2060, 0x0800, 0x0820, 0x0000, 0x0000, 0x0000, 0x0000, 0x0000, 0x0000, 0x0000, 0x0000,
  0x0000, 0x0000, 0x0000, 0x0000, 0x0000, 0x0000, 0x0000, 0x0000, 0x0020, 0x0020, 0x0820, 0x0020,
  0x0020, 0x0020, 0x0820, 0x0020, 0x0020, 0x0020, 0x0020, 0x0020, 0x0020, 0x0000, 0x0020, 0x0841,
  0x0841, 0x0000, 0x0000, 0x0000, 0x0000, 0x0000, 0x0000, 0x0000, 0x0000, 0x1020, 0x0820, 0x1840,
  0x0820, 0x0000, 0x1840, 0x0800, 0x0000, 0x0000, 0x0000, 0x0000, 0x0000, 0x0000, 0x0000, 0x0000,
  0x0000, 0x0000, 0x3185, 0x836C, 0x528A, 0x0000, 0x0000, 0x0000, 0x0841, 0x6B4D, 0x9BED, 0x3185,
  0x0000, 0x0000, 0x0000, 0x39C7, 0x9BED, 0x4A28, 0x0000, 0x1061, 0x836C, 0x39C7, 0x18C3, 0x4A28,
  0x62EB, 0x2944, 0x9BED, 0x18C3, 0x1061, 0x1061, 0x0000, 0x0000, 0x0000, 0x528A, 0x62EB, 0x0000,
  0x0000, 0x62EB, 0x39C7, 0x39C7, 0x62EB, 0x0000, 0x0000, 0x4A28, 0x62EB, 0x2944, 0x836C, 0x0820,
  0x0000, 0x2944, 0x62EB, 0x0020, 0x0800, 0x0000, 0x0020, 0x0000, 0x0841, 0x0820, 0x0841, 0x0841,
  0x1061, 0x0020, 0x0000, 0x0020, 0x0000, 0x0841, 0x0020, 0x0000, 0x0000, 0x0000, 0x0000, 0x0000,
  0x0800, 0x1840, 0x0800, 0x0000, 0x0000, 0x1840, 0x1840, 0x0820, 0x0800, 0x0000, 0x1020, 0x0800,
  0x0000, 0x0000, 0x1020, 0x1020, 0x0000, 0x0000, 0x0800, 0x0800, 0x0000, 0x0820, 0x0820, 0x0000,
  0x0020, 0x0820, 0x2944, 0x10A2, 0x1840, 0x1840, 0x18C3, 0x39C7, 0x0000, 0x1061, 0x2103, 0x1061,
  0x39C7, 0x10A2, 0x0000, 0x0000, 0x1840, 0x1840, 0x0820, 0x0820, 0x0800, 0x0800, 0x0000, 0x0820,
  0x1061, 0x0841, 0x0841, 0x18C3, 0x1061, 0x30C0, 0x30C0, 0x40E0, 0x1061, 0x30C0, 0x10A2, 0x0841,
  0x0020, 0x0820, 0x0820, 0x0820, 0x0841, 0x0820, 0x30C0, 0x0000, 0x0000, 0x10A2, 0x0820, 0x0000,
  0x0800, 0x0820, 0x0020, 0x0000, 0x0820, 0x0800, 0x0000, 0x0000, 0x0020, 0x0000, 0x1061, 0x2944,
  0x0841, 0x0000, 0x0841, 0x10A2, 0x0000, 0x0820, 0x0000, 0x0000, 0x0800, 0x0800, 0x0820, 0x0800,
  0x0800, 0x0000, 0x0000, 0x1020, 0x0800, 0x0000, 0x0000, 0x1020, 0x1020, 0x0820, 0x0820, 0x0000,
  0x0000, 0x0800, 0x0820, 0x0820, 0x0000, 0x0800, 0x0000, 0x0800, 0x0800, 0x0800, 0x0800, 0x0800,
  0x0000, 0x0000, 0x0000, 0x0800, 0x0800, 0x0820, 0x1840, 0x0820, 0xAB21, 0x7140, 0x0000, 0x0820,
  0x0000, 0x0000, 0x0000, 0x0000, 0x0800, 0x0820, 0x1840, 0x30C0, 0x0820, 0x0820, 0x0800, 0x0000,
  0x0000, 0x0000, 0x0000, 0x0000, 0x1840, 0x1840, 0x0000, 0x0000, 0x0000, 0x0000, 0x0000, 0x59C1,
  0xFBA0, 0x5940, 0x0000, 0x0000, 0xA260, 0xFB80, 0x1061, 0x0000, 0x0000, 0x0000, 0x0000, 0x0000,
  0x2060, 0x0000, 0x0000, 0x0000, 0x0000, 0x0000, 0x0000, 0x0820, 0x0820, 0x2060, 0x2060, 0x0820,
  0x0800, 0x0800, 0x0000, 0x0000, 0x0000, 0x0000, 0x0820, 0x0000, 0x7140, 0xA260, 0x0000, 0x1020,
  0x0800, 0x0000, 0x0000, 0x0000, 0x0000, 0x0000, 0x0000, 0x0000, 0x0000, 0x0000, 0x0000, 0x0000,
  0x0000, 0x0000, 0x0000, 0x0841, 0x0841, 0x0820, 0x0841, 0x0841, 0x0841, 0x0841, 0x0841, 0x0841,
  0x0841, 0x0841, 0x0841, 0x0841, 0x0841, 0x0000, 0x0000, 0x1061, 0x0841, 0x0000, 0x0000, 0x0000,
  0x0000, 0x0000, 0x1020, 0x40A0, 0x40A0, 0x50E0, 0x40A0, 0x40A0, 0x3080, 0x0800, 0x7140, 0x3080,
  0x0000, 0x0000, 0x0000, 0x0000, 0x0000, 0x0000, 0x0000, 0x0000, 0x0000, 0x0000, 0x18C3, 0x836C,
  0x4A28, 0x0000, 0x0000, 0x0000, 0x62EB, 0x528A, 0x62EB, 0x10A2, 0x0000, 0x0000, 0x0000, 0x0820,
  0x836C, 0x2103, 0x0000, 0x2944, 0x836C, 0x2944, 0x18C3, 0x62EB, 0x4A28, 0x39C7, 0x9BED, 0x62EB,
  0x62EB, 0x62EB, 0x18C3, 0x0000, 0x0000, 0x836C, 0x39C7, 0x0000, 0x0841, 0x836C, 0x2944, 0x62EB,
  0x4A28, 0x0000, 0x0000, 0x6B4D, 0x39C7, 0x39C7, 0x528A, 0x0000, 0x0000, 0x528A, 0x528A, 0x0000,
  0x0841, 0x0000, 0x0000, 0x0000, 0x0000, 0x0000, 0x0000, 0x0000, 0x0000, 0x0000, 0x0000, 0x0000,
  0x0000, 0x0000, 0x0000, 0x0000, 0x0000, 0x0000, 0x0000, 0x0000, 0x0000, 0x0820, 0x1020, 0x0000,
  0x0000, 0x0000, 0x0820, 0x1840, 0x0800, 0x0800, 0x0000, 0x0000, 0x0000, 0x0000, 0x0000, 0x1840,
  0x0000, 0x0000, 0x0000, 0x1020, 0x0000, 0x0000, 0x1020, 0x0800, 0x0000, 0x18C3, 0x3185, 0x18C3,
  0x0841, 0x1840, 0x0020, 0x1061, 0x0800, 0x0841, 0x2103, 0x0820, 0x0000, 0x1840, 0x2060, 0x40A0,
  0x0800, 0x0000, 0x0000, 0x0800, 0x1020, 0x1061, 0x18C3, 0x1061, 0x1061, 0x1061, 0x10A2, 0x18C3,
  0x5940, 0x10A2, 0x0841, 0x10A2, 0x1061, 0x0841, 0x0841, 0x0000, 0x0820, 0x0841, 0x0000, 0x0841,
  0x0841, 0x0841, 0x2060, 0x2944, 0x39C7, 0x4A28, 0x0841, 0x0000, 0x0000, 0x0000, 0x0000, 0x0000,
  0x1020, 0x1840, 0x0800, 0x0000, 0x0000, 0x0000, 0x0841, 0x2103, 0x10A2, 0x1061, 0x0000, 0x0000,
  0x0000, 0x0000, 0x0000, 0x0800, 0x0820, 0x0000, 0x1020, 0x0800, 0x0000, 0x0800, 0x0000, 0x0000,
  0x1840, 0x0000, 0x0820, 0x1840, 0x1020, 0x0000, 0x0000, 0x0000, 0x1020, 0x1020, 0x0000, 0x0000,
  0x0000, 0x0000, 0x0800, 0x0800, 0x0000, 0x0000, 0x0000, 0x0000, 0x0000, 0x0000, 0x0800, 0x0800,
  0x0820, 0x1840, 0x1020, 0x59C1, 0xB2C0, 0x1020, 0x1020, 0x0800, 0x0000, 0x0000, 0x0000, 0x0000,
  0x0820, 0x1020, 0x3080, 0x71C0, 0x1020, 0x1020, 0x0800, 0x0000, 0x0000, 0x0000, 0x0000, 0x0000,
  0x0000, 0x0000, 0x0000, 0x0000, 0x0000, 0x0000, 0x0000, 0xA260, 0xF2C0, 0xF2C0, 0x40E0, 0x89E0,
  0xF2C0, 0xFB20, 0x5940, 0x0000, 0x0000, 0x0000, 0x0000, 0x0000, 0x0000, 0x0000, 0x0000, 0x0000,
  0x0000, 0x0000, 0x0800, 0x0820, 0x0800, 0x5940, 0x59C1, 0x0820, 0x1020, 0x0800, 0x0000, 0x0000,
  0x0000, 0x0000, 0x0000, 0x0820, 0x0820, 0xB2C0, 0x40E0, 0x0800, 0x0820, 0x0800, 0x0000, 0x0000,
  0x0000, 0x0000, 0x0000, 0x0000, 0x0000, 0x0000, 0x0000, 0x0000, 0x0000, 0x0000, 0x0841, 0x10A2,
  0x0020, 0x0841, 0x0841, 0x0841, 0x1061, 0x1061, 0x1061, 0x1061, 0x1061, 0x1061, 0x1061, 0x1061,
  0x0841, 0x0000, 0x0820, 0x0841, 0x0020, 0x0000, 0x0000, 0x0000, 0x0000, 0x0000, 0x0000, 0x40E0,
  0x40E0, 0x40A0, 0x2060, 0x40A0, 0x1840, 0x1020, 0x40E0, 0x3080, 0x0000, 0x0000, 0x0000, 0x0000,
  0x0000, 0x0000, 0x0000, 0x0000, 0x0000, 0x0000, 0x0800, 0x6B4D, 0x2103, 0x0000, 0x0000, 0x62EB,
  0x4A28, 0x2944, 0x62EB, 0x0000, 0x0000, 0x0000, 0x0000, 0x2103, 0x836C, 0x1061, 0x0000, 0x2944,
  0x836C, 0x836C, 0x836C, 0x9BED, 0x2944, 0x3185, 0x4A28, 0x3185, 0x39C7, 0x9BED, 0x2944, 0x0000,
  0x10A2, 0x836C, 0x10A2, 0x0000, 0x2103, 0x836C, 0x18C3, 0x836C, 0x2103, 0x0000, 0x1061, 0x836C,
  0x2103, 0x62EB, 0x39C7, 0x0000, 0x0841, 0x836C, 0x39C7, 0x0000, 0x0841, 0x0020, 0x0000, 0x0000,
  0x0000, 0x0000, 0x0000, 0x0000, 0x0000, 0x0000, 0x0000, 0x0000, 0x0000, 0x0000, 0x0000, 0x0000,
  0x0000, 0x0000, 0x0000, 0x0000, 0x0000, 0x0000, 0x0800, 0x0820, 0x0000, 0x0000, 0x0000, 0x0000,
  0x0000, 0x0000, 0x0000, 0x0800, 0x0000, 0x0000, 0x0000, 0x1020, 0x1840, 0x0800, 0x0000, 0x1020,
  0x0820, 0x0000, 0x1020, 0x1020, 0x0000, 0x0000, 0x0820, 0x1840, 0x0000, 0x0000, 0x1840, 0x3080,
  0x1020, 0x0000, 0x2103, 0x1061, 0x0800, 0x1840, 0x3080, 0x1020, 0x0820, 0x1061, 0x0841, 0x2103,
  0x1061, 0x0841, 0x10A2, 0x10A2, 0x10A2, 0x40E0, 0x30C0, 0x0841, 0x1061, 0x0841, 0x0841, 0x0841,
  0x0820, 0x0841, 0x0841, 0x0020, 0x10A2, 0x1061, 0x0020, 0x10A2, 0x0820, 0x0841, 0x1061, 0x2944,
  0x18C3, 0x0000, 0x10A2, 0x0020, 0x0800, 0x0020, 0x2103, 0x18C3, 0x0841, 0x1061, 0x0800, 0x0000,
  0x0000, 0x0000, 0x0000, 0x0820, 0x2103, 0x1061, 0x0000, 0x0000, 0x0000, 0x0000, 0x0000, 0x0000,
  0x0800, 0x0820, 0x0820, 0x0820, 0x0000, 0x0800, 0x0000, 0x0000, 0x1020, 0x1020, 0x0000, 0x0820,
  0x0000, 0x0000, 0x0000, 0x0000, 0x0820, 0x1020, 0x0800, 0x0000, 0x0000, 0x0000, 0x0000, 0x0820,
  0x0800, 0x0800, 0x0800, 0x0000, 0x0800, 0x0000, 0x0800, 0x0820, 0x1020, 0x1840, 0x2060, 0xDB41,
  0x5940, 0x0820, 0x0820, 0x0000, 0x0000, 0x0000, 0x0000, 0x0800, 0x0820, 0x1840, 0x40E0, 0xA260,
  0x1840, 0x1840, 0x0800, 0x0000, 0x0000, 0x0000, 0x0000, 0x0000, 0x0000, 0x0000, 0x0000, 0x0000,
  0x0000, 0x0000, 0x0841, 0xDB41, 0x6100, 0x5940, 0xFB20, 0xF2C0, 0x3080, 0xDAC0, 0xA260, 0x0000,
  0x0000, 0x0000, 0x0000, 0x0000, 0x0000, 0x0000, 0x0000, 0x0000, 0x0000, 0x0000, 0x0800, 0x1020,
  0x1020, 0x71C0, 0x89E0, 0x1020, 0x1840, 0x0800, 0x0000, 0x0000, 0x0000, 0x0000, 0x0000, 0x0820,
  0x0000, 0x7140, 0xB2C0, 0x0820, 0x1020, 0x0800, 0x0000, 0x0000, 0x0000, 0x0000, 0x0000, 0x0000,
  0x0000, 0x0000, 0x0000, 0x0000, 0x0000, 0x0020, 0x1061, 0x0000, 0x0020, 0x0841, 0x0841, 0x0841,
  0x1061, 0x0841, 0x0841, 0x0841, 0x0841, 0x0841, 0x0841, 0x0841, 0x0020, 0x0000, 0x0000, 0x0841,
  0x0000, 0x0000, 0x0000, 0x0000, 0x0000, 0x0000, 0x1840, 0x3080, 0x2060, 0x1840, 0x1840, 0x40A0,
  0x2060, 0x3080, 0x2060, 0x40A0, 0x1840, 0x0000, 0x0000, 0x0000, 0x0000, 0x0000, 0x0000, 0x0000,
  0x0000, 0x0000, 0x2103, 0x836C, 0x0820, 0x0000, 0x4A28, 0x9BED, 0x2103, 0x528A, 0x6B4D, 0x0000,
  0x0000, 0x0020, 0x0000, 0x39C7, 0x62EB, 0x0000, 0x0000, 0x0000, 0x1061, 0x1061, 0x2103, 0x836C,
  0x10A2, 0x18C3, 0x1061, 0x0000, 0x2944, 0x836C, 0x18C3, 0x1061, 0x3185, 0x836C, 0x3185, 0x2944,
  0x62EB, 0x62EB, 0x2103, 0x836C, 0x528A, 0x4A28, 0x6B4D, 0x836C, 0x18C3, 0x836C, 0x6B4D, 0x62EB,
  0x836C, 0x836C, 0x1061, 0x0000, 0x0020, 0x0841, 0x0020, 0x0000, 0x0000, 0x0000, 0x0000, 0x0000,
  0x0000, 0x0000, 0x0000, 0x0000, 0x0000, 0x0000, 0x0000, 0x0000, 0x0000, 0x0000, 0x0000, 0x0000,
  0x0000, 0x0000, 0x0000, 0x0820, 0x0800, 0x0000, 0x0800, 0x1840, 0x1840, 0x0820, 0x1020, 0x0820,
  0x0000, 0x0820, 0x0020, 0x0000, 0x0841, 0x39C7, 0x0000, 0x0800, 0x0000, 0x0020, 0x0000, 0x0820,
  0x0800, 0x0000, 0x0000, 0x1061, 0x1840, 0x1020, 0x0000, 0x0020, 0x18C3, 0x0800, 0x0820, 0x40A0,
  0x2060, 0x0800, 0x10A2, 0x10A2, 0x1061, 0x3185, 0x1061, 0x1061, 0x2060, 0x10A2, 0x2060, 0x30C0,
  0x1061, 0x10A2, 0x1061, 0x1061, 0x0841, 0x0820, 0x0841, 0x1061, 0x0820, 0x0820, 0x0820, 0x0841,
  0x1061, 0x10A2, 0x10A2, 0x1061, 0x0020, 0x0841, 0x1061, 0x3080, 0x2060, 0x2103, 0x2944, 0x0000,
  0x1061, 0x1020, 0x2103, 0x0820, 0x0020, 0x0000, 0x0000, 0x0000, 0x0000, 0x0800, 0x1020, 0x0020,
  0x0841, 0x10A2, 0x0000, 0x0000, 0x0000, 0x0000, 0x0000, 0x0000, 0x0000, 0x0800, 0x0000, 0x0820,
  0x0800, 0x0000, 0x0800, 0x0000, 0x0000, 0x0820, 0x0000, 0x0000, 0x0820, 0x0000, 0x0000, 0x0000,
  0x0000, 0x0000, 0x0800, 0x0800, 0x0000, 0x0000, 0x0000, 0x0000, 0x0800, 0x0800, 0x0800, 0x0800,
  0x0800, 0x0000, 0x0800, 0x0820, 0x1840, 0x1020, 0x71C0, 0xDAC0, 0x1840, 0x1840, 0x0800, 0x0000,
  0x0000, 0x0000, 0x0800, 0x0800, 0x1020, 0x1840, 0x5940, 0xA260, 0x2060, 0x1840, 0x0820, 0x0800,
  0x0000, 0x0000, 0x0000, 0x0000, 0x0000, 0x0000, 0x0000, 0x0000, 0x0000, 0x0000, 0x30C0, 0xFB80,
  0x40E0, 0x89E0, 0xDAC0, 0xDAC0, 0x30C0, 0x89E0, 0xDAC0, 0x0000, 0x0000, 0x0000, 0x0000, 0x0000,
  0x0000, 0x0000, 0x0000, 0x0000, 0x0000, 0x0000, 0x0800, 0x1840, 0x1840, 0x89E0, 0xA260, 0x1840,
  0x1840, 0x0800, 0x0000, 0x0000, 0x0000, 0x0000, 0x0000, 0x0800, 0x1020, 0x1840, 0xDAC0, 0x40E0,
  0x0820, 0x1020, 0x0800, 0x0000, 0x0000, 0x0000, 0x0000, 0x0000, 0x0000, 0x0000, 0x0000, 0x0000,
  0x0000, 0x0000, 0x0000, 0x0000, 0x0820, 0x0820, 0x0820, 0x0820, 0x0820, 0x0820, 0x0820, 0x0020,
  0x0020, 0x0020, 0x0020, 0x0020, 0x0000, 0x0000, 0x0000, 0x0841, 0x0000, 0x0000, 0x0000, 0x0000,
  0x0000, 0x0800, 0x50E0, 0x6100, 0x50E0, 0x50E0, 0x40A0, 0x40A0, 0x40A0, 0x6100, 0x7140, 0x7140,
  0x3080, 0x0000, 0x0000, 0x0000, 0x0000, 0x0000, 0x0000, 0x0000, 0x0000, 0x0000, 0x4A28, 0x62EB,
  0x0000, 0x0820, 0x62EB, 0x836C, 0x836C, 0x9BED, 0x62EB, 0x39C7, 0x2944, 0x0000, 0x0000, 0x836C,
  0x4A28, 0x0000, 0x0000, 0x62EB, 0x836C, 0x836C, 0x836C, 0x528A, 0x2103, 0x9BED, 0x9BED, 0x9BED,
  0x9BED, 0x39C7, 0x4A28, 0x528A, 0x18C3, 0x836C, 0x836C, 0x836C, 0x836C, 0x18C3, 0x1061, 0x62EB,
  0x62EB, 0x528A, 0x528A, 0x18C3, 0x0000, 0x3185, 0x4A28, 0x39C7, 0x39C7, 0x10A2, 0x0000, 0x0000,
  0x0020, 0x0820, 0x0000, 0x0000, 0x0020, 0x1061, 0x1061, 0x1061, 0x0820, 0x0000, 0x0000, 0x0000,
  0x0000, 0x0000, 0x0000, 0x0000, 0x0000, 0x0020, 0x0000, 0x0000, 0x0820, 0x0000, 0x0000, 0x0000,
  0x1020, 0x0820, 0x1020, 0x0000, 0x0000, 0x0000, 0x0000, 0x1061, 0x18C3, 0x0841, 0x1840, 0x0800,
  0x0000, 0x10A2, 0x18C3, 0x0000, 0x0020, 0x0841, 0x1020, 0x0800, 0x1020, 0x0820, 0x0000, 0x0841,
  0x1840, 0x1840, 0x0820, 0x1020, 0x30C0, 0x1840, 0x0800, 0x1840, 0x2103, 0x0020, 0x10A2, 0x2103,
  0x0020, 0x10A2, 0x2944, 0x1061, 0x30C0, 0x10A2, 0x0841, 0x1061, 0x0841, 0x0020, 0x0020, 0x0841,
  0x10A2, 0x0820, 0x0841, 0x0020, 0x0020, 0x0820, 0x0820, 0x0841, 0x0841, 0x0841, 0x0841, 0x0841,
  0x1061, 0x0841, 0x0841, 0x0841, 0x30C0, 0x1061, 0x2944, 0x2944, 0x1061, 0x0820, 0x0800, 0x1840,
  0x0820, 0x0000, 0x0000, 0x0000, 0x0800, 0x0000, 0x0000, 0x0000, 0x0000, 0x10A2, 0x1061, 0x0820,
  0x0800, 0x0800, 0x0800, 0x0000, 0x0000, 0x0000, 0x0800, 0x0000, 0x1020, 0x0800, 0x0820, 0x0800,
  0x0000, 0x0800, 0x1020, 0x0820, 0x1020, 0x1020, 0x0800, 0x0800, 0x0000, 0x0000, 0x0000, 0x0000,
  0x0820, 0x0000, 0x0800, 0x0000, 0x0000, 0x0800, 0x0800, 0x0800, 0x0820, 0x0820, 0x0820, 0x1020,
  0x2060, 0x2060, 0xDB41, 0x7140, 0x1840, 0x1020, 0x0800, 0x0000, 0x0000, 0x0800, 0x0800, 0x0820,
  0x1840, 0x1840, 0x5940, 0xA260, 0x3080, 0x1840, 0x0820, 0x0800, 0x0000, 0x0000, 0x0000, 0x0000,
  0x0000, 0x0000, 0x0000, 0x0000, 0x0000, 0x0000, 0x71C0, 0xF2C0, 0xB2C0, 0xDAC0, 0x1840, 0x50E0,
  0xF2C0, 0xB2C0, 0xFB20, 0x2060, 0x0000, 0x0000, 0x0000, 0x0000, 0x0000, 0x0000, 0x0000, 0x0000,
  0x0000, 0x0800, 0x0820, 0x1840, 0x1840, 0x89E0, 0x89E0, 0x2060, 0x1840, 0x0820, 0x0800, 0x0000,
  0x0000, 0x0000, 0x0000, 0x0800, 0x1020, 0x0800, 0x71C0, 0xA260, 0x1020, 0x1840, 0x0820, 0x0800,
  0x0800, 0x0800, 0x0800, 0x0800, 0x0800, 0x0000, 0x0000, 0x0000, 0x0000, 0x0000, 0x0000, 0x0000,
  0x0000, 0x0000, 0x0000, 0x0000, 0x0000, 0x0000, 0x0000, 0x0000, 0x0000, 0x0000, 0x0000, 0x0000,
  0x0000, 0x0000, 0x0000, 0x0820, 0x0000, 0x0000, 0x0000, 0x0000, 0x0000, 0x0820, 0x50E0, 0x6100,
  0x50E0, 0x50E0, 0x50E0, 0x50E0, 0x40A0, 0x50E0, 0x7140, 0x8960, 0x3080, 0x0000, 0x0000, 0x0000,
  0x0000, 0x0000, 0x0000, 0x0000, 0x0000, 0x0000, 0x62EB, 0x39C7, 0x0000, 0x0000, 0x0841, 0x0820,
  0x10A2, 0x62EB, 0x1061, 0x4A28, 0x39C7, 0x0000, 0x0020, 0x4A28, 0x18C3, 0x0000, 0x1061, 0x4A28,
  0x39C7, 0x3185, 0x3185, 0x0020, 0x18C3, 0x3185, 0x2944, 0x2944, 0x2103, 0x0800, 0x10A2, 0x1061,
  0x0800, 0x1840, 0x1840, 0x1840, 0x1020, 0x0820, 0x0820, 0x1020, 0x1840, 0x1020, 0x1020, 0x1020,
  0x1840, 0x1020, 0x1020, 0x0800, 0x0800, 0x0820, 0x0800, 0x0000, 0x0020, 0x0820, 0x0020, 0x0000,
  0x0820, 0x0841, 0x1061, 0x1061, 0x0820, 0x0000, 0x0020, 0x0000, 0x0020, 0x0000, 0x0000, 0x0000,
  0x0020, 0x0000, 0x0000, 0x0000, 0x0820, 0x0000, 0x0000, 0x0000, 0x0820, 0x0000, 0x0000, 0x1061,
  0x0000, 0x0000, 0x10A2, 0x18C3, 0x10A2, 0x0000, 0x0800, 0x0800, 0x0000, 0x0000, 0x10A2, 0x0841,
  0x0000, 0x0820, 0x1061, 0x2103, 0x10A2, 0x0800, 0x0000, 0x0000, 0x1840, 0x1840, 0x0000, 0x0000,
  0x0000, 0x10A2, 0x0820, 0x0020, 0x2103, 0x1061, 0x0020, 0x18C3, 0x2103, 0x0841, 0x10A2, 0x1061,
  0x0841, 0x0841, 0x0841, 0x0020, 0x0000, 0x0841, 0x1061, 0x0820, 0x0020, 0x0820, 0x0020, 0x0020,
  0x0020, 0x0020, 0x0820, 0x0820, 0x0820, 0x0820, 0x1061, 0x1061, 0x1061, 0x0841, 0x0841, 0x0820,
  0x1840, 0x2944, 0x3185, 0x18C3, 0x0000, 0x0800, 0x0800, 0x1840, 0x0000, 0x0820, 0x0800, 0x0800,
  0x0000, 0x0000, 0x0000, 0x0000, 0x0020, 0x0820, 0x1061, 0x1061, 0x0800, 0x0820, 0x1020, 0x0800,
  0x0800, 0x0000, 0x0000, 0x0800, 0x0800, 0x0820, 0x0000, 0x0820, 0x0800, 0x0000, 0x1020, 0x0000,
  0x0000, 0x0820, 0x1020, 0x0800, 0x0000, 0x0000, 0x0000, 0x0800, 0x0800, 0x0820, 0x0800, 0x0820,
  0x0820, 0x1020, 0x1020, 0x1020, 0x0820, 0x1020, 0x1020, 0x1840, 0x1840, 0x59C1, 0xDB41, 0x2060,
  0x1840, 0x0820, 0x0800, 0x0800, 0x0800, 0x0800, 0x0820, 0x1020, 0x1840, 0x2060, 0x5940, 0x89E0,
  0x40A0, 0x1840, 0x1020, 0x0820, 0x0800, 0x0800, 0x0000, 0x0000, 0x0000, 0x0000, 0x0000, 0x0000,
  0x0000, 0x0000, 0xA260, 0xF2C0, 0xBA20, 0x1020, 0x0000, 0x0000, 0x50E0, 0xF2C0, 0xFB20, 0x5940,
  0x0000, 0x0000, 0x0000, 0x0000, 0x0000, 0x0000, 0x0000, 0x0000, 0x0800, 0x0820, 0x0820, 0x1840,
  0x2060, 0x89E0, 0x89E0, 0x3080, 0x1840, 0x1020, 0x1020, 0x0800, 0x0800, 0x0000, 0x0800, 0x0800,
  0x1020, 0x1840, 0x3080, 0xDAC0, 0x30C0, 0x1840, 0x1020, 0x0820, 0x0820, 0x0820, 0x0820, 0x0820,
  0x0820, 0x0800, 0x0000, 0x0000, 0x0000, 0x0000, 0x0000, 0x0000, 0x0000, 0x0000, 0x0000, 0x0000,
  0x0000, 0x0000, 0x0000, 0x0000, 0x0000, 0x0000, 0x0000, 0x0000, 0x0020, 0x0000, 0x0000, 0x0820,
  0x0000, 0x0000, 0x0000, 0x0000, 0x0000, 0x0800, 0x40A0, 0x40E0, 0x40A0, 0x3080, 0x40A0, 0x40A0,
  0x40A0, 0x40A0, 0x40A0, 0x40A0, 0x1840, 0x0000, 0x0000, 0x0000, 0x0000, 0x0000, 0x0000, 0x0000,
  0x0000, 0x0820, 0x10A2, 0x0841, 0x0000, 0x0000, 0x0000, 0x0000, 0x0020, 0x0820, 0x1020, 0x1020,
  0x0800, 0x0800, 0x0820, 0x0800, 0x1020, 0x1840, 0x1840, 0x1840, 0x1020, 0x0820, 0x0820, 0x1840,
  0x1020, 0x1020, 0x1840, 0x1020, 0x1020, 0x1020, 0x0800, 0x0820, 0x1840, 0x1020, 0x0820, 0x1020,
  0x0820, 0x0800, 0x0800, 0x0820, 0x0820, 0x0820, 0x0800, 0x0820, 0x0000, 0x0000, 0x0000, 0x0000,
  0x0000, 0x0000, 0x0000, 0x0000, 0x0020, 0x0000, 0x0000, 0x0000, 0x0000, 0x0000, 0x0000, 0x0000,
  0x0000, 0x0000, 0x0000, 0x0000, 0x0000, 0x0020, 0x0020, 0x0020, 0x0020, 0x0000, 0x0000, 0x0000,
  0x0000, 0x0000, 0x0000, 0x0000, 0x0000, 0x0000, 0x0000, 0x2944, 0x1061, 0x0820, 0x0820, 0x0000,
  0x0000, 0x0820, 0x0020, 0x0800, 0x0000, 0x0000, 0x0820, 0x1840, 0x0000, 0x0000, 0x0841, 0x18C3,
  0x10A2, 0x0820, 0x1020, 0x0020, 0x1840, 0x1840, 0x0000, 0x4A28, 0x18C3, 0x1061, 0x10A2, 0x0841,
  0x10A2, 0x2103, 0x10A2, 0x0820, 0x0841, 0x0820, 0x0020, 0x0820, 0x0841, 0x0820, 0x0820, 0x0820,
  0x0820, 0x0820, 0x0841, 0x0020, 0x0020, 0x0020, 0x0020, 0x0020, 0x0020, 0x0020, 0x0820, 0x0820,
  0x0820, 0x0020, 0x0020, 0x0820, 0x0820, 0x0820, 0x0841, 0x0841, 0x0800, 0x30C0, 0x10A2, 0x3185,
  0x4A28, 0x0000, 0x0020, 0x0000, 0x0000, 0x0000, 0x1020, 0x0000, 0x0000, 0x0000, 0x0000, 0x0000,
  0x0800, 0x0000, 0x1061, 0x10A2, 0x0841, 0x0000, 0x0820, 0x0800, 0x0000, 0x1020, 0x0000, 0x0800,
  0x0800, 0x0820, 0x0000, 0x0000, 0x0820, 0x0800, 0x0000, 0x0820, 0x0000, 0x0000, 0x0820, 0x0800,
  0x0820, 0x0820, 0x0800, 0x0000, 0x0800, 0x0000, 0x0800, 0x1020, 0x1020, 0x40E0, 0x5940, 0x1020,
  0x1840, 0x1840, 0x1840, 0x3080, 0x2060, 0xB2C0, 0xA260, 0x1840, 0x1840, 0x1020, 0x0820, 0x0800,
  0x0820, 0x0820, 0x1020, 0x1020, 0x1840, 0x2060, 0x5940, 0x89E0, 0x50E0, 0x1840, 0x1840, 0x0820,
  0x0820, 0x0820, 0x0800, 0x0800, 0x0800, 0x0000, 0x0000, 0x0000, 0x0000, 0x0841, 0xDAC0, 0xE260,
  0x0820, 0x0000, 0x0820, 0x0800, 0x0000, 0x5940, 0xF2C0, 0x89E0, 0x0000, 0x0800, 0x0000, 0x0800,
  0x0800, 0x0800, 0x0800, 0x0800, 0x0820, 0x0800, 0x1020, 0x1840, 0x40A0, 0x89E0, 0x71C0, 0x40A0,
  0x1840, 0x1840, 0x0820, 0x0820, 0x0820, 0x0800, 0x0800, 0x0820, 0x1020, 0x1840, 0x1020, 0xBA20,
  0x71C0, 0x1020, 0x1840, 0x1020, 0x1020, 0x1020, 0x1840, 0x59C1, 0x1840, 0x0820, 0x0800, 0x0800,
  0x0000, 0x0020, 0x0020, 0x0800, 0x0000, 0x0000, 0x0000, 0x0000, 0x0020, 0x0020, 0x0020, 0x0020,
  0x0000, 0x0000, 0x0000, 0x0000, 0x0000, 0x0000, 0x0000, 0x0020, 0x0000, 0x0000, 0x0000, 0x0000,
  0x0000, 0x0000, 0x0000, 0x0000, 0x0000, 0x0000, 0x0000, 0x0000, 0x0000, 0x0000, 0x0000, 0x0000,
  0x0000, 0x0000, 0x0000, 0x0000, 0x0000, 0x0000, 0x0000, 0x0000, 0x0000, 0x0000, 0x0000, 0x0000,
  0x0000, 0x0020, 0x0000, 0x0000, 0x0000, 0x0800, 0x0800, 0x0000, 0x0000, 0x0000, 0x0000, 0x0000,
  0x0000, 0x0000, 0x0000, 0x0000, 0x0000, 0x0820, 0x1061, 0x0020, 0x0000, 0x0000, 0x0820, 0x0000,
  0x0000, 0x10A2, 0x18C3, 0x0820, 0x0020, 0x18C3, 0x10A2, 0x0000, 0x10A2, 0x2103, 0x10A2, 0x0000,
  0x0841, 0x2944, 0x2944, 0x0820, 0x10A2, 0x2944, 0x2103, 0x0841, 0x2944, 0x3185, 0x18C3, 0x0000,
  0x0020, 0x0000, 0x0000, 0x0000, 0x0000, 0x0000, 0x0000, 0x0000, 0x0000, 0x0000, 0x0000, 0x0000,
  0x0000, 0x0000, 0x0000, 0x0000, 0x0000, 0x0000, 0x0000, 0x0841, 0x0000, 0x0000, 0x0000, 0x0000,
  0x0000, 0x0000, 0x0000, 0x0000, 0x0020, 0x0820, 0x0800, 0x0000, 0x39C7, 0x4A28, 0x3185, 0x0000,
  0x0020, 0x0020, 0x1840, 0x1840, 0x0000, 0x1061, 0x1020, 0x0820, 0x0020, 0x0800, 0x1840, 0x1840,
  0x0000, 0x0000, 0x0800, 0x62EB, 0x3185, 0x0000, 0x2103, 0x2103, 0x1061, 0x10A2, 0x1061, 0x0841,
  0x0820, 0x0820, 0x0020, 0x1061, 0x0841, 0x0820, 0x0820, 0x0020, 0x0820, 0x0020, 0x0020, 0x0820,
  0x0020, 0x0020, 0x0020, 0x0020, 0x0020, 0x0020, 0x0020, 0x0820, 0x0820, 0x0820, 0x0820, 0x0020,
  0x0820, 0x0020, 0x0820, 0x0841, 0x0820, 0x1061, 0x2103, 0x2103, 0x10A2, 0x0000, 0x0820, 0x0000,
  0x10A2, 0x18C3, 0x2103, 0x0000, 0x0000, 0x0000, 0x0000, 0x0000, 0x0000, 0x0000, 0x0820, 0x18C3,
  0x1061, 0x0800, 0x0000, 0x0000, 0x0000, 0x0800, 0x0820, 0x0000, 0x0000, 0x0800, 0x0820, 0x0000,
  0x0000, 0x0820, 0x0000, 0x1020, 0x0800, 0x0000, 0x0820, 0x0820, 0x0820, 0x1020, 0x0820, 0x0800,
  0x0800, 0x0820, 0x1020, 0x1840, 0x1840, 0x59C1, 0x71C0, 0x2060, 0x1840, 0x1840, 0x2060, 0x3080,
  0x40E0, 0xDB41, 0x50E0, 0x2060, 0x1840, 0x1840, 0x1020, 0x1020, 0x1020, 0x1020, 0x2060, 0x5940,
  0x2060, 0x40A0, 0x7140, 0x71C0, 0x6100, 0x2060, 0x1840, 0x30C0, 0x2060, 0x1840, 0x1020, 0x1020,
  0x0820, 0x0820, 0x0800, 0x0000, 0x0000, 0x40E0, 0xF2C0, 0xE260, 0xBA20, 0x2060, 0x0000, 0x0000,
  0x59C1, 0xDAC0, 0xE260, 0xB2C0, 0x0020, 0x0000, 0x0800, 0x0820, 0x0820, 0x1020, 0x1020, 0x1020,
  0x1020, 0x40E0, 0x3080, 0x2060, 0x40E0, 0x71C0, 0x7140, 0x5940, 0x3080, 0x2060, 0x40E0, 0x1840,
  0x1020, 0x1020, 0x1020, 0x1020, 0x1840, 0x1840, 0x1840, 0x7140, 0xBA20, 0x1840, 0x2060, 0x1840,
  0x1840, 0x1840, 0x30C0, 0x89E0, 0x2060, 0x1840, 0x0820, 0x0800, 0x0000, 0x0820, 0x0820, 0x0800,
  0x0800, 0x0000, 0x0000, 0x0000, 0x0000, 0x0000, 0x0000, 0x0000, 0x0000, 0x0000, 0x0000, 0x0000,
  0x0000, 0x0000, 0x0020, 0x0020, 0x0000, 0x0000, 0x0000, 0x0000, 0x0000, 0x0000, 0x0000, 0x0000,
  0x0000, 0x0000, 0x0000, 0x0000, 0x0000, 0x0000, 0x0000, 0x0000, 0x0000, 0x0000, 0x0000, 0x0000,
  0x0000, 0x0000, 0x0000, 0x0000, 0x1061, 0x2944, 0x2944, 0x2103, 0x18C3, 0x39C7, 0x1840, 0x3080,
  0x40A0, 0x40A0, 0x50E0, 0x1840, 0x0000, 0x0000, 0x0000, 0x0000, 0x0000, 0x0000, 0x0000, 0x0000,
  0x0000, 0x10A2, 0x4A28, 0x1061, 0x0000, 0x10A2, 0x4A28, 0x0841, 0x1061, 0x3185, 0x39C7, 0x39C7,
  0x3185, 0x3185, 0x39C7, 0x2103, 0x3185, 0x2944, 0x39C7, 0x0000, 0x3185, 0x2944, 0x3185, 0x2944,
  0x3185, 0x2103, 0x39C7, 0x3185, 0x3185, 0x2944, 0x3185, 0x0000, 0x0841, 0x0841, 0x0020, 0x0000,
  0x0000, 0x0000, 0x0000, 0x0000, 0x0000, 0x0000, 0x0000, 0x0000, 0x0000, 0x0000, 0x0000, 0x0000,
  0x0000, 0x0000, 0x0841, 0x0020, 0x0800, 0x0000, 0x0000, 0x0000, 0x0000, 0x0000, 0x0000, 0x0000,
  0x0000, 0x0800, 0x0820, 0x0000, 0x18C3, 0x0820, 0x0800, 0x0000, 0x0800, 0x0000, 0x0000, 0x0020,
  0x2944, 0x2103, 0x1061, 0x0000, 0x1061, 0x0841, 0x1840, 0x1840, 0x0000, 0x0000, 0x0800, 0x0000,
  0x0020, 0x0020, 0x1061, 0x0841, 0x0020, 0x0841, 0x0820, 0x0020, 0x0841, 0x1061, 0x1061, 0x0841,
  0x0820, 0x0841, 0x0020, 0x0020, 0x0020, 0x0820, 0x0820, 0x0020, 0x0020, 0x0020, 0x0020, 0x0020,
  0x0020, 0x0820, 0x0820, 0x0820, 0x0820, 0x0020, 0x0020, 0x1061, 0x0000, 0x0020, 0x0020, 0x0841,
  0x1061, 0x1061, 0x3080, 0x0000, 0x0000, 0x18C3, 0x0000, 0x0800, 0x39C7, 0x18C3, 0x1840, 0x0820,
  0x0000, 0x0000, 0x0000, 0x0000, 0x0000, 0x0000, 0x0020, 0x0800, 0x0820, 0x1061, 0x0000, 0x0000,
  0x0800, 0x0000, 0x0820, 0x0800, 0x0000, 0x0000, 0x0800, 0x0800, 0x0000, 0x0820, 0x0800, 0x0800,
  0x1020, 0x0820, 0x0800, 0x0820, 0x1840, 0x1020, 0x1020, 0x1020, 0x0820, 0x1020, 0x1840, 0x1840,
  0x1840, 0x5940, 0x71C0, 0x3080, 0x40E0, 0x30C0, 0x2060, 0x2060, 0x71C0, 0xDAC0, 0x3080, 0x2060,
  0x1020, 0x1840, 0x1840, 0x1840, 0x2060, 0x1840, 0x40E0, 0x89E0, 0x3080, 0x40A0, 0x5940, 0x5940,
  0x50E0, 0x40A0, 0x2060, 0x89E0, 0x5940, 0x1840, 0x2060, 0x1020, 0x1020, 0x0820, 0x0800, 0x0820,
  0x0000, 0x71C0, 0xE260, 0x40A0, 0xBA20, 0xDAC0, 0x5940, 0x89E0, 0xF2C0, 0x7140, 0x6100, 0xF2C0,
  0x2060, 0x0000, 0x0820, 0x0820, 0x1020, 0x1020, 0x1840, 0x2060, 0x2060, 0x89E0, 0x5940, 0x1840,
  0x40E0, 0x7140, 0x5940, 0x5940, 0x3080, 0x40A0, 0x89E0, 0x3080, 0x2060, 0x1840, 0x1840, 0x1840,
  0x1840, 0x1840, 0x1840, 0x40E0, 0xDAC0, 0x3080, 0x1840, 0x2060, 0x40E0, 0x1840, 0x5940, 0x71C0,
  0x3080, 0x1840, 0x1840, 0x0820, 0x0820, 0x1020, 0x1020, 0x0820, 0x0820, 0x0800, 0x0000, 0x0000,
  0x0000, 0x0000, 0x0000, 0x0000, 0x0000, 0x0000, 0x0000, 0x0000, 0x0000, 0x0000, 0x0020, 0x0020,
  0x0000, 0x0000, 0x0000, 0x0000, 0x0000, 0x0000, 0x0000, 0x0000, 0x0000, 0x0000, 0x0000, 0x0000,
  0x0000, 0x0000, 0x0000, 0x0000, 0x0000, 0x0000, 0x0000, 0x0000, 0x0000, 0x0000, 0x0000, 0x0000,
  0x1061, 0x2944, 0x10A2, 0x2103, 0x18C3, 0x3185, 0x1840, 0x40A0, 0x3080, 0x40E0, 0x50E0, 0x1020,
  0x0000, 0x0000, 0x0000, 0x0000, 0x0000, 0x0000, 0x0000, 0x0000, 0x0000, 0x0820, 0x3185, 0x0000,
  0x1061, 0x3185, 0x3185, 0x0020, 0x0820, 0x18C3, 0x3185, 0x3185, 0x2944, 0x0000, 0x2103, 0x3185,
  0x0841, 0x1061, 0x3185, 0x0820, 0x3185, 0x0000, 0x2944, 0x3185, 0x18C3, 0x0000, 0x2944, 0x3185,
  0x0000, 0x18C3, 0x2103, 0x0000, 0x1061, 0x0841, 0x0000, 0x0000, 0x0000, 0x0020, 0x0820, 0x0820,
  0x0000, 0x0000, 0x0000, 0x0000, 0x0000, 0x0000, 0x0000, 0x0000, 0x0000, 0x0820, 0x1061, 0x0020,
  0x0000, 0x0820, 0x1840, 0x1840, 0x1840, 0x0820, 0x0000, 0x0000, 0x0000, 0x0000, 0x0800, 0x0000,
  0x0000, 0x1840, 0x0820, 0x0000, 0x1020, 0x0820, 0x0000, 0x2944, 0x2944, 0x1061, 0x1061, 0x0841,
  0x39C7, 0x10A2, 0x1020, 0x0000, 0x18C3, 0x10A2, 0x1020, 0x0000, 0x0800, 0x1061, 0x10A2, 0x0820,
  0x0000, 0x0820, 0x0820, 0x1061, 0x10A2, 0x18C3, 0x18C3, 0x1061, 0x0841, 0x0820, 0x0820, 0x0020,
  0x0820, 0x0820, 0x0820, 0x0020, 0x0020, 0x0020, 0x0020, 0x0820, 0x0820, 0x0820, 0x0020, 0x0000,
  0x0000, 0x0841, 0x3185, 0x3185, 0x2944, 0x0020, 0x0820, 0x0820, 0x1061, 0x0841, 0x2060, 0x2944,
  0x39C7, 0x4A28, 0x18C3, 0x0000, 0x0841, 0x10A2, 0x0000, 0x0000, 0x0000, 0x0000, 0x0000, 0x0000,
  0x0000, 0x0000, 0x0000, 0x1840, 0x0841, 0x18C3, 0x10A2, 0x0000, 0x0000, 0x0000, 0x0000, 0x0820,
  0x0000, 0x0000, 0x0000, 0x0800, 0x0800, 0x0800, 0x0800, 0x0820, 0x1020, 0x1020, 0x0820, 0x1020,
  0x1840, 0x1840, 0x1020, 0x1840, 0x1840, 0x2060, 0x2060, 0x3080, 0x3080, 0x5940, 0x5940, 0x40E0,
  0x5940, 0x7140, 0x50E0, 0x50E0, 0xB2C0, 0xDAC0, 0x50E0, 0x40E0, 0x5940, 0x3080, 0x5940, 0x5940,
  0x3080, 0x40A0, 0x7140, 0x40E0, 0x50E0, 0x50E0, 0x5940, 0x6100, 0x71C0, 0x7140, 0x71C0, 0x50E0,
  0x5940, 0x5940, 0x59C1, 0x5940, 0x5940, 0x5940, 0x40E0, 0x1020, 0x0020, 0xBA20, 0xA1C0, 0x0000,
  0x0000, 0xA1C0, 0xE260, 0xE260, 0x50E0, 0x0000, 0x2060, 0xE260, 0x5940, 0x0000, 0x3080, 0x5940,
  0x5940, 0x5940, 0x5940, 0x71C0, 0x71C0, 0x40A0, 0x7140, 0x7140, 0x89E0, 0x7140, 0x6100, 0x8960,
  0x50E0, 0x5940, 0x40E0, 0x7140, 0x3080, 0x40E0, 0x89E0, 0x40A0, 0x40A0, 0x5940, 0x40E0, 0x5940,
  0xDAC0, 0x71C0, 0x3080, 0x5940, 0x5940, 0x50E0, 0x5940, 0x5940, 0x40E0, 0x3080, 0x2060, 0x3080,
  0x1840, 0x1840, 0x1840, 0x0800, 0x0820, 0x1020, 0x0820, 0x0841, 0x0820, 0x0000, 0x0000, 0x0000,
  0x0000, 0x0000, 0x0000, 0x0000, 0x0000, 0x0000, 0x0020, 0x0020, 0x0000, 0x0000, 0x0000, 0x0000,
  0x0000, 0x0000, 0x0000, 0x0000, 0x0000, 0x0000, 0x0000, 0x0000, 0x0000, 0x0000, 0x0000, 0x0000,
  0x0000, 0x0000, 0x0000, 0x0000, 0x0000, 0x0000, 0x0000, 0x0000, 0x0000, 0x0000, 0x0000, 0x1020,
  0x50E0, 0x50E0, 0x50E0, 0x50E0, 0x50E0, 0x50E0, 0x6100, 0x6100, 0x2060, 0x0000, 0x0000, 0x0000,
  0x0000, 0x0000, 0x0000, 0x0000, 0x0000, 0x10A2, 0x2944, 0x0000, 0x39C7, 0x3185, 0x39C7, 0x0020,
  0x2944, 0x2944, 0x1061, 0x18C3, 0x2103, 0x0841, 0x3185, 0x3185, 0x0841, 0x3185, 0x18C3, 0x18C3,
  0x2944, 0x1061, 0x39C7, 0x3185, 0x10A2, 0x2103, 0x3185, 0x3185, 0x0841, 0x39C7, 0x1061, 0x0000,
  0x0820, 0x0020, 0x0000, 0x0000, 0x10A2, 0x10A2, 0x10A2, 0x1061, 0x0841, 0x0000, 0x0000, 0x0000,
  0x0000, 0x0000, 0x0000, 0x0000, 0x0000, 0x1061, 0x0841, 0x0000, 0x1840, 0x1840, 0x0820, 0x0000,
  0x0820, 0x1840, 0x1840, 0x1020, 0x0000, 0x0000, 0x0000, 0x0000, 0x0000, 0x0000, 0x0000, 0x0000,
  0x0820, 0x0000, 0x0000, 0x10A2, 0x1061, 0x0820, 0x0820, 0x0000, 0x0841, 0x0000, 0x0000, 0x0000,
  0x62EB, 0x62EB, 0x0800, 0x0820, 0x0000, 0x0841, 0x0841, 0x0000, 0x0020, 0x0000, 0x0820, 0x10A2,
  0x18C3, 0x18C3, 0x18C3, 0x1061, 0x0841, 0x0020, 0x0820, 0x0020, 0x0820, 0x0820, 0x0020, 0x0020,
  0x0820, 0x0820, 0x0820, 0x0000, 0x0000, 0x0000, 0x10A2, 0x39C7, 0x2944, 0x18C3, 0x3185, 0x0020,
  0x39C7, 0x0020, 0x0020, 0x0000, 0x0841, 0x0841, 0x0020, 0x10A2, 0x0841, 0x0000, 0x0841, 0x0000,
  0x0800, 0x0000, 0x0000, 0x2103, 0x18C3, 0x18C3, 0x0000, 0x0000, 0x0000, 0x0000, 0x0000, 0x0000,
  0x3185, 0x18C3, 0x0841, 0x0000, 0x0000, 0x0000, 0x0000, 0x0000, 0x0820, 0x0820, 0x0000, 0x0820,
  0x0820, 0x1840, 0x1840, 0x1840, 0x2060, 0x2060, 0x3080, 0x2060, 0x3080, 0x3080, 0x40E0, 0x2060,
  0x3080, 0x7140, 0x7140, 0x71C0, 0x5940, 0x50E0, 0x40A0, 0x71C0, 0x40A0, 0x40E0, 0x7140, 0x6100,
  0xF2C0, 0xA1C0, 0x5940, 0x5940, 0x5940, 0x71C0, 0x40E0, 0x5940, 0x5940, 0x71C0, 0x5940, 0x3080,
  0x5940, 0x71C0, 0x50E0, 0x6100, 0x7140, 0x71C0, 0x5940, 0x2060, 0x3080, 0x5940, 0x1840, 0x2060,
  0x1840, 0x1840, 0x1840, 0x0000, 0x1061, 0xE260, 0x7140, 0x0000, 0x71C0, 0xE260, 0xA1C0, 0xBA20,
  0xBA20, 0x30C0, 0x0000, 0xD220, 0xA1C0, 0x0000, 0x1020, 0x1840, 0x1840, 0x1840, 0x1840, 0x3080,
  0x40E0, 0x1840, 0x3080, 0x5940, 0x6100, 0x7140, 0x7140, 0x6100, 0x71C0, 0x40E0, 0x2060, 0x5940,
  0x5940, 0x5940, 0x40A0, 0x71C0, 0x5940, 0x40E0, 0x5940, 0x40E0, 0xBA20, 0xBA20, 0x40E0, 0x40E0,
  0x2060, 0x71C0, 0x6100, 0x40A0, 0x5940, 0x71C0, 0x40E0, 0x89E0, 0x3080, 0x3080, 0x1840, 0x40E0,
  0x30C0, 0x2060, 0x30C0, 0x2060, 0x1840, 0x1020, 0x0820, 0x0820, 0x0800, 0x0020, 0x0000, 0x0000,
  0x0020, 0x0000, 0x0020, 0x0020, 0x0000, 0x0000, 0x0000, 0x0000, 0x0000, 0x0000, 0x0000, 0x0000,
  0x0000, 0x0000, 0x0000, 0x0000, 0x0000, 0x0000, 0x0000, 0x0000, 0x0000, 0x0000, 0x0000, 0x0000,
  0x0000, 0x0000, 0x0000, 0x0000, 0x0000, 0x0000, 0x0000, 0x2060, 0x8960, 0x7140, 0x50E0, 0x50E0,
  0x6100, 0x50E0, 0x7140, 0x8960, 0x3080, 0x0000, 0x0000, 0x0000, 0x0000, 0x0000, 0x0000, 0x0000,
  0x0000, 0x2103, 0x18C3, 0x0000, 0x10A2, 0x3185, 0x3185, 0x2103, 0x3185, 0x2944, 0x2103, 0x18C3,
  0x3185, 0x3185, 0x18C3, 0x3185, 0x39C7, 0x3185, 0x18C3, 0x2103, 0x3185, 0x39C7, 0x18C3, 0x2103,
  0x3185, 0x3185, 0x10A2, 0x3185, 0x3185, 0x2103, 0x0000, 0x0020, 0x0020, 0x0020, 0x0000, 0x0000,
  0x1061, 0x1061, 0x0841, 0x1061, 0x0020, 0x0000, 0x0020, 0x0000, 0x0000, 0x0000, 0x0000, 0x0000,
  0x0000, 0x1061, 0x0820, 0x0000, 0x0000, 0x0000, 0x0000, 0x0000, 0x0000, 0x0000, 0x0820, 0x2060,
  0x1840, 0x1840, 0x0800, 0x1020, 0x1840, 0x0800, 0x0000, 0x0820, 0x0820, 0x0000, 0x0820, 0x1020,
  0x0000, 0x0000, 0x0820, 0x0800, 0x0000, 0x2103, 0x3185, 0x2944, 0x18C3, 0x0020, 0x0000, 0x1840,
  0x0000, 0x0000, 0x1061, 0x3185, 0x1840, 0x0000, 0x0020, 0x0841, 0x18C3, 0x10A2, 0x10A2, 0x1061,
  0x0841, 0x0020, 0x0820, 0x0020, 0x0820, 0x0020, 0x0820, 0x0020, 0x0020, 0x0820, 0x0020, 0x10A2,
  0x2944, 0x0841, 0x39C7, 0x18C3, 0x4A28, 0x10A2, 0x0000, 0x2103, 0x2944, 0x0000, 0x0020, 0x10A2,
  0x0841, 0x0841, 0x0820, 0x1840, 0x1840, 0x0000, 0x0000, 0x0000, 0x0800, 0x0800, 0x1061, 0x2944,
  0x2103, 0x0841, 0x0000, 0x0000, 0x0000, 0x0000, 0x0000, 0x0000, 0x0820, 0x1020, 0x0800, 0x0000,
  0x0800, 0x0800, 0x0800, 0x0800, 0x0820, 0x1020, 0x1020, 0x1840, 0x3080, 0x3080, 0x40A0, 0x40A0,
  0x40E0, 0x5940, 0x5940, 0x5940, 0x5940, 0x5940, 0x40E0, 0x71C0, 0x71C0, 0x7140, 0x5940, 0x71C0,
  0x7140, 0x5940, 0x3080, 0x40A0, 0x2060, 0x3080, 0x3080, 0x40E0, 0xF2C0, 0x50E0, 0x1840, 0x1840,
  0x1840, 0x1840, 0x1020, 0x0800, 0x5940, 0x5940, 0x1840, 0x2060, 0x2060, 0x3080, 0x50E0, 0x7140,
  0x7140, 0x3080, 0x1840, 0x1840, 0x1020, 0x0800, 0x1020, 0x0800, 0x0800, 0x0000, 0x0000, 0x0000,
  0x40A0, 0xE260, 0x5940, 0xA260, 0xE260, 0x6100, 0x0000, 0x1840, 0xA1C0, 0xE260, 0x5940, 0xA1C0,
  0xD220, 0x0020, 0x0000, 0x0000, 0x0800, 0x0800, 0x0800, 0x0820, 0x0800, 0x1840, 0x1840, 0x1840,
  0x40A0, 0x8960, 0x7140, 0x3080, 0x1840, 0x1840, 0x1840, 0x40A0, 0x89E0, 0x1840, 0x0800, 0x2060,
  0x2060, 0x0820, 0x1840, 0x0820, 0x7140, 0xBA20, 0x2060, 0x2060, 0x1840, 0x2060, 0x40A0, 0x3080,
  0x5940, 0x71C0, 0x71C0, 0x40E0, 0x71C0, 0x6100, 0x5940, 0x5940, 0x5940, 0x5940, 0x40E0, 0x40A0,
  0x40A0, 0x3080, 0x3080, 0x1840, 0x1840, 0x1020, 0x0820, 0x0800, 0x0000, 0x0000, 0x0020, 0x0020,
  0x0000, 0x0000, 0x0000, 0x0000, 0x0000, 0x0000, 0x0000, 0x0000, 0x0000, 0x0000, 0x0000, 0x0000,
  0x0000, 0x0000, 0x0000, 0x0000, 0x0000, 0x0000, 0x0000, 0x0000, 0x0000, 0x0000, 0x0000, 0x0000,
  0x0000, 0x0000, 0x0000, 0x1020, 0x40A0, 0x40A0, 0x3080, 0x2060, 0x3080, 0x3080, 0x40A0, 0x40E0,
  0x1840, 0x0000, 0x0000, 0x0000, 0x0000, 0x0000, 0x0000, 0x0000, 0x0000, 0x0841, 0x0020, 0x0000,
  0x0000, 0x0000, 0x0000, 0x0020, 0x0820, 0x0841, 0x0820, 0x0000, 0x0820, 0x0020, 0x0000, 0x0000,
  0x0020, 0x0000, 0x0000, 0x0000, 0x0020, 0x0000, 0x0000, 0x0000, 0x0820, 0x0000, 0x0000, 0x0000,
  0x0000, 0x0000, 0x0000, 0x0020, 0x0820, 0x0000, 0x0000, 0x0000, 0x0000, 0x0000, 0x0000, 0x0000,
  0x0000, 0x0000, 0x0000, 0x0000, 0x0000, 0x0000, 0x0000, 0x0000, 0x0000, 0x1061, 0x0000, 0x0000,
  0x0000, 0x0800, 0x0820, 0x0800, 0x0800, 0x0000, 0x0000, 0x0820, 0x1840, 0x1840, 0x1020, 0x0820,
  0x0820, 0x2103, 0x0000, 0x0000, 0x1020, 0x0000, 0x1840, 0x0820, 0x0820, 0x0000, 0x0000, 0x0000,
  0x0000, 0x18C3, 0x2944, 0x0820, 0x0000, 0x18C3, 0x4A28, 0x0820, 0x0000, 0x0000, 0x1061, 0x18C3,
  0x1020, 0x1840, 0x0000, 0x0020, 0x0820, 0x0841, 0x0841, 0x0841, 0x0820, 0x0820, 0x0820, 0x0820,
  0x0820, 0x0020, 0x0000, 0x0820, 0x1061, 0x0820, 0x39C7, 0x2944, 0x18C3, 0x39C7, 0x0020, 0x0841,
  0x2944, 0x39C7, 0x1061, 0x4A28, 0x39C7, 0x3185, 0x0020, 0x3185, 0x2103, 0x0000, 0x0841, 0x1840,
  0x30C0, 0x1840, 0x0820, 0x3185, 0x0841, 0x0000, 0x3185, 0x1061, 0x18C3, 0x0020, 0x0000, 0x0000,
  0x0000, 0x0800, 0x0000, 0x0000, 0x1061, 0x1840, 0x18C3, 0x0020, 0x0000, 0x0800, 0x0800, 0x0000,
  0x0000, 0x0000, 0x0800, 0x0000, 0x0800, 0x0800, 0x0000, 0x0000, 0x0800, 0x1020, 0x1020, 0x1840,
  0x0820, 0x1840, 0x1840, 0x40E0, 0x2060, 0x3080, 0x3080, 0x2060, 0x71C0, 0x5940, 0x2060, 0x2060,
  0x2060, 0x2060, 0x1840, 0x5940, 0xF2C0, 0x3080, 0x1840, 0x1840, 0x1020, 0x0820, 0x1020, 0x1020,
  0x2060, 0x2060, 0x1020, 0x1020, 0x1840, 0x1840, 0x2060, 0x71C0, 0x5940, 0x1840, 0x1840, 0x0820,
  0x0820, 0x0800, 0x0800, 0x0800, 0x0800, 0x0000, 0x0000, 0x0000, 0x7140, 0xBA20, 0xD220, 0xD220,
  0x3080, 0x0000, 0x0000, 0x0000, 0x0000, 0x7140, 0xD220, 0xA1C0, 0xBA20, 0x2060, 0x0000, 0x0000,
  0x0000, 0x0800, 0x0800, 0x0800, 0x0800, 0x0820, 0x1020, 0x1840, 0x2060, 0x89E0, 0x7140, 0x1840,
  0x1840, 0x1020, 0x0820, 0x1840, 0x2060, 0x0820, 0x1020, 0x0820, 0x0820, 0x1020, 0x1840, 0x1020,
  0x50E0, 0xBA20, 0x2060, 0x1840, 0x1020, 0x1020, 0x1840, 0x2060, 0x71C0, 0x40E0, 0x2060, 0x1840,
  0x1020, 0x40E0, 0x3080, 0x1020, 0x0820, 0x0820, 0x0000, 0x0000, 0x0000, 0x0000, 0x0000, 0x0000,
  0x0000, 0x0000, 0x0000, 0x0000, 0x0000, 0x0000, 0x0020, 0x0020, 0x0000, 0x0000, 0x0000, 0x0000,
  0x0000, 0x0020, 0x0841, 0x0841, 0x0841, 0x0841, 0x0841, 0x0841, 0x0841, 0x0841, 0x1061, 0x1061,
  0x1061, 0x0841, 0x0841, 0x1061, 0x0841, 0x1061, 0x1061, 0x1061, 0x0841, 0x0841, 0x0841, 0x0841,
  0x0841, 0x1061, 0x1061, 0x0820, 0x0841, 0x0841, 0x0820, 0x0820, 0x0841, 0x0841, 0x0841, 0x1061,
  0x1061, 0x0841, 0x1061, 0x0841, 0x0820, 0x0841, 0x1061, 0x1061, 0x1061, 0x0841, 0x0020, 0x0020,
  0x0020, 0x0820, 0x0841, 0x1061, 0x0841, 0x0841, 0x0841, 0x0820, 0x0820, 0x0841, 0x1061, 0x1061,
  0x0841, 0x0841, 0x0020, 0x0820, 0x0841, 0x0820, 0x1061, 0x1061, 0x1061, 0x1061, 0x0020, 0x0000,
  0x0020, 0x0000, 0x0000, 0x0000, 0x0000, 0x0000, 0x0000, 0x0000, 0x0000, 0x0000, 0x0000, 0x0000,
  0x0000, 0x0000, 0x0000, 0x0000, 0x0020, 0x0820, 0x0000, 0x0000, 0x0820, 0x0820, 0x0800, 0x0800,
  0x0800, 0x0000, 0x0000, 0x0000, 0x0820, 0x0820, 0x0000, 0x0000, 0x0800, 0x2103, 0x1840, 0x0000,
  0x0800, 0x0820, 0x0820, 0x0000, 0x0820, 0x0800, 0x0800, 0x2060, 0x1020, 0x0000, 0x0000, 0x10A2,
  0x18C3, 0x3185, 0x528A, 0x0000, 0x0000, 0x0000, 0x0000, 0x18C3, 0x2944, 0x0800, 0x0020, 0x0000,
  0x0820, 0x0841, 0x10A2, 0x0841, 0x0020, 0x0820, 0x0020, 0x0000, 0x0820, 0x0820, 0x10A2, 0x2944,
  0x3185, 0x1061, 0x2944, 0x2944, 0x18C3, 0x39C7, 0x0000, 0x10A2, 0x10A2, 0x4A28, 0x18C3, 0x2944,
  0x18C3, 0x0841, 0x0820, 0x0841, 0x0841, 0x0020, 0x0841, 0x0841, 0x1840, 0x39C7, 0x3185, 0x2944,
  0x1061, 0x0800, 0x0020, 0x0000, 0x0000, 0x0820, 0x0000, 0x0000, 0x0000, 0x0000, 0x0000, 0x0000,
  0x0000, 0x0000, 0x10A2, 0x1061, 0x0000, 0x0000, 0x0000, 0x0000, 0x0000, 0x0000, 0x0800, 0x0000,
  0x0800, 0x0800, 0x0820, 0x0820, 0x0800, 0x0820, 0x0820, 0x1020, 0x1020, 0x0820, 0x1020, 0x0800,
  0x0820, 0x1020, 0x1840, 0x0820, 0x71C0, 0x40E0, 0x1020, 0x1840, 0x1840, 0x1840, 0x1020, 0x71C0,
  0xDAC0, 0x2060, 0x1840, 0x0820, 0x0800, 0x0800, 0x0800, 0x0820, 0x0800, 0x0800, 0x0820, 0x0820,
  0x0820, 0x1840, 0x1840, 0x89E0, 0x50E0, 0x1840, 0x1020, 0x0800, 0x0000, 0x0000, 0x0000, 0x0000,
  0x0000, 0x0000, 0x0000, 0x0000, 0xA1C0, 0xD220, 0x8960, 0x1020, 0x0000, 0x0000, 0x0000, 0x0000,
  0x0000, 0x0000, 0x40A0, 0xA1C0, 0xBA20, 0x50E0, 0x0000, 0x0000, 0x0000, 0x0000, 0x0000, 0x0000,
  0x0000, 0x0800, 0x0820, 0x1840, 0x0820, 0xA1C0, 0x71C0, 0x0820, 0x1020, 0x0800, 0x0800, 0x0800,
  0x0000, 0x0800, 0x0800, 0x0800, 0x0800, 0x0800, 0x0820, 0x0820, 0x3080, 0xBA20, 0x2060, 0x0800,
  0x0820, 0x0820, 0x1840, 0x1840, 0x71C0, 0x1840, 0x1020, 0x0820, 0x0820, 0x0820, 0x0820, 0x1020,
  0x0820, 0x1020, 0x0820, 0x0800, 0x0000, 0x0000, 0x0000, 0x0000, 0x0000, 0x0000, 0x0000, 0x0000,
  0x0000, 0x0000, 0x0020, 0x0000, 0x0000, 0x0000, 0x0000, 0x0000, 0x0000, 0x0820, 0x1061, 0x1061,
  0x1061, 0x30C0, 0x40E0, 0x30C0, 0x40E0, 0x30C0, 0x0841, 0x1061, 0x1061, 0x1061, 0x0841, 0x1061,
  0x1061, 0x0841, 0x30C0, 0x30C0, 0x40E0, 0x30C0, 0x50E0, 0x2060, 0x1061, 0x1061, 0x1061, 0x0841,
  0x1061, 0x0841, 0x30C0, 0x40E0, 0x0841, 0x40A0, 0x40A0, 0x1840, 0x40A0, 0x5940, 0x1061, 0x1061,
  0x0841, 0x0841, 0x0841, 0x0841, 0x0841, 0x1840, 0x30C0, 0x1840, 0x40A0, 0x30C0, 0x0820, 0x0841,
  0x0841, 0x0841, 0x0841, 0x0841, 0x0841, 0x0841, 0x1061, 0x0841, 0x30C0, 0x1840, 0x40A0, 0x3080,
  0x2060, 0x40E0, 0x0841, 0x0841, 0x0841, 0x0841, 0x0020, 0x0000, 0x0820, 0x0820, 0x0000, 0x0000,
  0x0000, 0x0000, 0x0000, 0x0000, 0x0000, 0x0000, 0x0020, 0x0000, 0x0841, 0x0841, 0x0020, 0x0000,
  0x0000, 0x0020, 0x0000, 0x0000, 0x1020, 0x0820, 0x0800, 0x0000, 0x0000, 0x1840, 0x1020, 0x0800,
  0x0000, 0x0800, 0x1840, 0x0820, 0x0820, 0x1020, 0x1840, 0x0000, 0x1020, 0x1840, 0x1020, 0x1020,
  0x0000, 0x0820, 0x0000, 0x1020, 0x1840, 0x0000, 0x1061, 0x4A28, 0x3185, 0x10A2, 0x0000, 0x0000,
  0x0800, 0x0820, 0x0000, 0x0000, 0x10A2, 0x10A2, 0x0800, 0x0000, 0x0820, 0x1061, 0x1061, 0x0841,
  0x0820, 0x0020, 0x0820, 0x18C3, 0x3185, 0x1061, 0x3185, 0x3185, 0x10A2, 0x18C3, 0x0000, 0x4A28,
  0x3185, 0x0841, 0x0000, 0x10A2, 0x3185, 0x10A2, 0x0000, 0x0000, 0x0020, 0x0020, 0x0820, 0x0820,
  0x0020, 0x0820, 0x0841, 0x0841, 0x0820, 0x30C0, 0x0820, 0x0000, 0x0000, 0x0000, 0x0800, 0x10A2,
  0x2103, 0x39C7, 0x0000, 0x0000, 0x0000, 0x0000, 0x0000, 0x0000, 0x0000, 0x0000, 0x0000, 0x0841,
  0x0800, 0x0000, 0x0000, 0x0800, 0x0000, 0x0000, 0x0000, 0x0000, 0x0000, 0x0000, 0x0000, 0x0800,
  0x0800, 0x0000, 0x0800, 0x0800, 0x0800, 0x0800, 0x0800, 0x0800, 0x0800, 0x0820, 0x1020, 0x1020,
  0x1840, 0x1840, 0x0820, 0x0820, 0x0820, 0x1020, 0x0820, 0xA1C0, 0xD220, 0x0820, 0x1020, 0x0800,
  0x0800, 0x0800, 0x0000, 0x0800, 0x0800, 0x0800, 0x0000, 0x0800, 0x0800, 0x1020, 0x1020, 0x71C0,
  0x40A0, 0x1020, 0x0820, 0x0000, 0x0000, 0x0000, 0x0000, 0x0000, 0x0000, 0x0000, 0x0000, 0x2060,
  0xE260, 0x8960, 0x0000, 0x0000, 0x0000, 0x0000, 0x0000, 0x0000, 0x0000, 0x0000, 0x0000, 0x1840,
  0xD220, 0x8960, 0x0000, 0x0000, 0x0000, 0x0000, 0x0000, 0x0000, 0x0000, 0x0000, 0x0800, 0x1020,
  0x0820, 0x71C0, 0x5940, 0x0000, 0x0820, 0x0000, 0x0000, 0x0000, 0x0000, 0x0000, 0x0000, 0x0000,
  0x0000, 0x0000, 0x0800, 0x0820, 0x1840, 0xBA20, 0x40A0, 0x0000, 0x0800, 0x0800, 0x0800, 0x0820,
  0x2060, 0x1020, 0x0820, 0x0800, 0x0800, 0x0820, 0x0800, 0x0000, 0x0800, 0x0800, 0x0000, 0x0000,
  0x0000, 0x0000, 0x0000, 0x0000, 0x0000, 0x0000, 0x0000, 0x0000, 0x0000, 0x0000, 0x0020, 0x0000,
  0x0000, 0x0000, 0x0000, 0x0000, 0x0000, 0x0020, 0x0841, 0x0841, 0x0820, 0x50E0, 0x7140, 0x50E0,
  0x50E0, 0x50E0, 0x0841, 0x0841, 0x0841, 0x0841, 0x0820, 0x0841, 0x0841, 0x0841, 0x7140, 0x6100,
  0x40E0, 0x1840, 0x40E0, 0x0820, 0x0841, 0x0841, 0x0841, 0x0841, 0x0841, 0x0820, 0x5940, 0x7140,
  0x1061, 0x6100, 0x40A0, 0x2060, 0x2060, 0x40E0, 0x0820, 0x1061, 0x0820, 0x0841, 0x0841, 0x0841,
  0x0820, 0x1840, 0x8960, 0x6100, 0x7140, 0x5940, 0x0020, 0x0820, 0x0841, 0x0841, 0x0820, 0x0820,
  0x0841, 0x0841, 0x0820, 0x0020, 0x7140, 0x50E0, 0x40E0, 0x50E0, 0x50E0, 0x1840, 0x0841, 0x0820,
  0x0820, 0x0841, 0x0020, 0x0000, 0x0820, 0x0820, 0x0000, 0x0000, 0x0000, 0x0020, 0x0000, 0x0000,
  0x0000, 0x0000, 0x0000, 0x0000, 0x0000, 0x0000, 0x0000, 0x0000, 0x0000, 0x0000, 0x0000, 0x0000,
  0x0800, 0x1061, 0x1061, 0x0000, 0x0820, 0x1840, 0x1020, 0x0000, 0x0000, 0x0020, 0x0020, 0x0820,
  0x0000, 0x0841, 0x2103, 0x1061, 0x0000, 0x0820, 0x0800, 0x1840, 0x0000, 0x0800, 0x0000, 0x0820,
  0x2060, 0x0800, 0x0000, 0x0841, 0x0000, 0x0000, 0x0000, 0x528A, 0x3185, 0x0800, 0x0000, 0x0000,
  0x10A2, 0x1061, 0x0820, 0x1020, 0x0000, 0x0841, 0x0820, 0x0020, 0x0820, 0x0000, 0x2944, 0x3185,
  0x0820, 0x10A2, 0x10A2, 0x3185, 0x2103, 0x2944, 0x2103, 0x18C3, 0x2103, 0x0000, 0x0841, 0x0020,
  0x0000, 0x0000, 0x0020, 0x1061, 0x0000, 0x3185, 0x10A2, 0x0000, 0x0020, 0x0020, 0x0820, 0x0841,
  0x0841, 0x2060, 0x30C0, 0x0000, 0x0820, 0x10A2, 0x0000, 0x0841, 0x2103, 0x10A2, 0x0841, 0x0020,
  0x0000, 0x0000, 0x0000, 0x0800, 0x0000, 0x0000, 0x0000, 0x0800, 0x1020, 0x0000, 0x0800, 0x0000,
  0x0000, 0x0000, 0x0000, 0x0000, 0x0000, 0x0000, 0x0000, 0x0000, 0x0000, 0x0000, 0x0000, 0x0000,
  0x0000, 0x0000, 0x0000, 0x0000, 0x0000, 0x0800, 0x0800, 0x0800, 0x0800, 0x0800, 0x0820, 0x0800,
  0x0800, 0x0820, 0x0800, 0x40E0, 0x40E0, 0x0000, 0x0820, 0x0800, 0x0000, 0x0000, 0x0000, 0x0000,
  0x0000, 0x0000, 0x0000, 0x0000, 0x0800, 0x0820, 0x1020, 0x40E0, 0x1840, 0x0820, 0x0800, 0x0000,
  0x0000, 0x0000, 0x0000, 0x0000, 0x0000, 0x0000, 0x0000, 0x1840, 0x6100, 0x1840, 0x0000, 0x0000,
  0x0000, 0x0000, 0x0000, 0x0000, 0x0000, 0x0000, 0x0000, 0x0000, 0x40E0, 0x40E0, 0x0000, 0x0000,
  0x0000, 0x0000, 0x0000, 0x0000, 0x0000, 0x0000, 0x0000, 0x0820, 0x0820, 0x30C0, 0x2060, 0x0000,
  0x0000, 0x0000, 0x0000, 0x0000, 0x0000, 0x0000, 0x0000, 0x0000, 0x0000, 0x0000, 0x0000, 0x0800,
  0x1020, 0x50E0, 0x1840, 0x0800, 0x0800, 0x0000, 0x0000, 0x0800, 0x0000, 0x0800, 0x0800, 0x0800,
  0x0000, 0x0000, 0x0000, 0x0000, 0x0000, 0x0000, 0x0000, 0x0000, 0x0000, 0x0000, 0x0000, 0x0000,
  0x0000, 0x0000, 0x0000, 0x0000, 0x0000, 0x0000, 0x0020, 0x0000, 0x0000, 0x0000, 0x0000, 0x0000,
  0x0000, 0x0020, 0x0820, 0x0820, 0x0020, 0x2060, 0x2060, 0x0000, 0x40A0, 0x2060, 0x0820, 0x0841,
  0x0820, 0x0820, 0x0820, 0x0820, 0x0820, 0x0841, 0x3080, 0x3080, 0x3080, 0x1061, 0x2060, 0x0020,
  0x0820, 0x0820, 0x0820, 0x0820, 0x0820, 0x0820, 0x3080, 0x3080, 0x2060, 0x30C0, 0x2060, 0x50E0,
  0x2060, 0x2060, 0x0000, 0x0820, 0x0820, 0x0820, 0x0820, 0x0820, 0x0020, 0x1840, 0x40A0, 0x50E0,
  0x50E0, 0x40E0, 0x0020, 0x0820, 0x0820, 0x0820, 0x0820, 0x0820, 0x0820, 0x0820, 0x0020, 0x1840,
  0x40E0, 0x40E0, 0x50E0, 0x50E0, 0x40A0, 0x40A0, 0x0841, 0x0820, 0x0820, 0x0820, 0x0000, 0x0000,
  0x0820, 0x0020, 0x0000, 0x0820, 0x0841, 0x0841, 0x0841, 0x0841, 0x0000, 0x0000, 0x0000, 0x0000,
  0x0000, 0x0000, 0x0000, 0x0000, 0x0000, 0x0020, 0x0000, 0x0000, 0x0820, 0x18C3, 0x2103, 0x0820,
  0x0000, 0x0000, 0x0800, 0x0000, 0x0000, 0x1020, 0x1840, 0x0820, 0x0000, 0x1061, 0x2103, 0x10A2,
  0x0000, 0x0000, 0x0000, 0x0820, 0x1840, 0x0800, 0x0800, 0x0800, 0x1840, 0x1020, 0x0000, 0x0000,
  0x18C3, 0x2944, 0x2103, 0x39C7, 0x2103, 0x0000, 0x0000, 0x0020, 0x0000, 0x2944, 0x30C0, 0x0820,
  0x0000, 0x0020, 0x0820, 0x0020, 0x0020, 0x0820, 0x10A2, 0x39C7, 0x2944, 0x2103, 0x0000, 0x18C3,
  0x18C3, 0x2944, 0x2944, 0x0020, 0x1061, 0x0000, 0x0020, 0x0820, 0x0841, 0x2103, 0x10A2, 0x39C7,
  0x18C3, 0x2103, 0x3185, 0x0000, 0x0820, 0x0820, 0x0020, 0x0841, 0x0820, 0x1061, 0x40E0, 0x2944,
  0x3185, 0x3185, 0x0000, 0x0000, 0x0000, 0x0020, 0x39C7, 0x0820, 0x0820, 0x0000, 0x0000, 0x0000,
  0x0000, 0x0000, 0x0000, 0x0000, 0x0820, 0x0820, 0x0000, 0x0000, 0x0000, 0x0000, 0x0000, 0x0000,
  0x0000, 0x0000, 0x0000, 0x0000, 0x0000, 0x0000, 0x0000, 0x0000, 0x0000, 0x0000, 0x0000, 0x0000,
  0x0000, 0x0000, 0x0000, 0x0020, 0x0820, 0x0800, 0x0800, 0x0020, 0x0800, 0x0800, 0x0820, 0x0000,
  0x0000, 0x0820, 0x0820, 0x0020, 0x0020, 0x0000, 0x0000, 0x0000, 0x0000, 0x0000, 0x0000, 0x0000,
  0x0000, 0x0800, 0x0820, 0x0800, 0x0820, 0x0800, 0x0000, 0x0000, 0x0000, 0x0000, 0x0020, 0x0000,
  0x0000, 0x0000, 0x0020, 0x0000, 0x0000, 0x0000, 0x0000, 0x0000, 0x0000, 0x0000, 0x0000, 0x0000,
  0x0000, 0x0000, 0x0000, 0x0020, 0x0000, 0x0000, 0x0000, 0x0000, 0x0000, 0x0000, 0x0000, 0x0000,
  0x0000, 0x0000, 0x0000, 0x0800, 0x0820, 0x0800, 0x0000, 0x0000, 0x0000, 0x0000, 0x0000, 0x0000,
  0x0000, 0x0000, 0x0000, 0x0000, 0x0000, 0x0020, 0x0020, 0x0020, 0x0820, 0x0000, 0x0000, 0x0800,
  0x0000, 0x0000, 0x0000, 0x0000, 0x0000, 0x0000, 0x0000, 0x0000, 0x0000, 0x0020, 0x0000, 0x0000,
  0x0000, 0x0000, 0x0000, 0x0000, 0x0000, 0x0000, 0x0000, 0x0000, 0x0000, 0x0000, 0x0000, 0x0000,
  0x0020, 0x0000, 0x0020, 0x0000, 0x0000, 0x0000, 0x0000, 0x0000, 0x0000, 0x0020, 0x0020, 0x0020,
  0x0020, 0x1061, 0x18C3, 0x1061, 0x10A2, 0x0841, 0x0020, 0x0820, 0x0820, 0x0020, 0x0020, 0x0820,
  0x0820, 0x0000, 0x1061, 0x1061, 0x1061, 0x10A2, 0x10A2, 0x0841, 0x0820, 0x0820, 0x0020, 0x0020,
  0x0820, 0x0820, 0x0841, 0x0841, 0x0000, 0x0000, 0x0820, 0x0841, 0x0000, 0x0000, 0x0820, 0x0820,
  0x0020, 0x0020, 0x0020, 0x0020, 0x0841, 0x0841, 0x0841, 0x0000, 0x0000, 0x0020, 0x0820, 0x0820,
  0x0820, 0x0820, 0x0020, 0x0020, 0x0820, 0x0820, 0x0020, 0x0820, 0x0841, 0x0020, 0x0820, 0x0000,
  0x0820, 0x0841, 0x0820, 0x0820, 0x0820, 0x0820, 0x0000, 0x0000, 0x0020, 0x0020, 0x0000, 0x0020,
  0x0841, 0x0820, 0x0820, 0x0820, 0x0000, 0x0000, 0x0000, 0x0000, 0x0000, 0x0000, 0x0000, 0x0000,
  0x0000, 0x0020, 0x0000, 0x0000, 0x0000, 0x10A2, 0x18C3, 0x1061, 0x0820, 0x30C0, 0x0020, 0x2103,
  0x0820, 0x0820, 0x18C3, 0x10A2, 0x0820, 0x0000, 0x0000, 0x0820, 0x1840, 0x0000, 0x0000, 0x0000,
  0x1020, 0x1020, 0x0800, 0x0000, 0x0000, 0x1840, 0x1020, 0x0800, 0x39C7, 0x3185, 0x10A2, 0x0000,
  0x0000, 0x0000, 0x0000, 0x0820, 0x0000, 0x10A2, 0x0820, 0x0800, 0x0800, 0x0000, 0x0841, 0x0820,
  0x0820, 0x0841, 0x0000, 0x3185, 0x2103, 0x0841, 0x2103, 0x10A2, 0x2944, 0x18C3, 0x0020, 0x0020,
  0x0020, 0x0841, 0x18C3, 0x0820, 0x2103, 0x18C3, 0x2944, 0x2944, 0x3185, 0x3185, 0x2944, 0x10A2,
  0x0020, 0x0820, 0x0820, 0x0841, 0x0841, 0x0841, 0x1840, 0x30C0, 0x10A2, 0x0020, 0x0000, 0x0000,
  0x0000, 0x0000, 0x0820, 0x0000, 0x0800, 0x0000, 0x0000, 0x0800, 0x0000, 0x0000, 0x0000, 0x0000,
  0x0000, 0x0000, 0x0000, 0x0000, 0x0000, 0x0000, 0x0000, 0x0000, 0x0000, 0x0000, 0x0000, 0x0000,
  0x0000, 0x0000, 0x0000, 0x0000, 0x0000, 0x0000, 0x0000, 0x0000, 0x0000, 0x0000, 0x0000, 0x0000,
  0x0000, 0x0000, 0x0000, 0x0000, 0x0000, 0x0800, 0x0800, 0x0000, 0x0000, 0x0000, 0x0000, 0x0000,
  0x0000, 0x0000, 0x0000, 0x0000, 0x0000, 0x0000, 0x0000, 0x0000, 0x0000, 0x0000, 0x0000, 0x0800,
  0x0800, 0x0000, 0x0000, 0x0000, 0x0000, 0x0000, 0x0000, 0x0000, 0x0000, 0x0000, 0x0000, 0x0000,
  0x0000, 0x0000, 0x0000, 0x0000, 0x0000, 0x0000, 0x0000, 0x0000, 0x0000, 0x0000, 0x0000, 0x0000,
  0x0000, 0x0000, 0x0000, 0x0000, 0x0000, 0x0000, 0x0000, 0x0000, 0x0000, 0x0000, 0x0000, 0x0000,
  0x0000, 0x0800, 0x0000, 0x0000, 0x0000, 0x0000, 0x0000, 0x0000, 0x0000, 0x0000, 0x0000, 0x0000,
  0x0000, 0x0000, 0x0000, 0x0000, 0x0000, 0x0000, 0x0000, 0x0020, 0x0000, 0x0000, 0x0000, 0x0000,
  0x0000, 0x0000, 0x0000, 0x0000, 0x0000, 0x0000, 0x0000, 0x0000, 0x0000, 0x0000, 0x0000, 0x0000,
  0x0000, 0x0000, 0x0000, 0x0000, 0x0000, 0x0000, 0x0000, 0x0000, 0x0000, 0x0000, 0x0000, 0x0000,
  0x0000, 0x0000, 0x0000, 0x0000, 0x0000, 0x0000, 0x0020, 0x0020, 0x0000, 0x3185, 0x528A, 0x4A28,
  0x39C7, 0x3185, 0x0000, 0x0020, 0x0020, 0x0000, 0x0000, 0x0020, 0x0020, 0x0841, 0x39C7, 0x3185,
  0x4A28, 0x39C7, 0x4A28, 0x0841, 0x0000, 0x0020, 0x0020, 0x0020, 0x0020, 0x0020, 0x1061, 0x4A28,
  0x39C7, 0x2944, 0x3185, 0x2944, 0x2103, 0x10A2, 0x0000, 0x0820, 0x0000, 0x0020, 0x0020, 0x0020,
  0x0020, 0x1840, 0x5940, 0x40E0, 0x40E0, 0x30C0, 0x0841, 0x0020, 0x0020, 0x0020, 0x0020, 0x0020,
  0x0020, 0x0020, 0x0841, 0x5940, 0x30C0, 0x40E0, 0x0841, 0x40E0, 0x30C0, 0x5940, 0x30C0, 0x0000,
  0x0820, 0x0020, 0x0000, 0x0020, 0x0020, 0x0000, 0x0000, 0x0000, 0x0000, 0x0000, 0x0000, 0x0000,
  0x0000, 0x0000, 0x0000, 0x0000, 0x0000, 0x0000, 0x0000, 0x0000, 0x0000, 0x0820, 0x0000, 0x0000,
  0x0820, 0x0020, 0x0841, 0x0841, 0x0820, 0x1840, 0x0000, 0x0841, 0x1020, 0x0800, 0x1061, 0x0841,
  0x1020, 0x1840, 0x0800, 0x18C3, 0x2944, 0x0820, 0x0000, 0x0000, 0x0800, 0x0820, 0x0820, 0x0000,
  0x0000, 0x1020, 0x2060, 0x1020, 0x0000, 0x0820, 0x0000, 0x0000, 0x1061, 0x3185, 0x0800, 0x0800,
  0x0020, 0x0000, 0x2944, 0x30C0, 0x0000, 0x0000, 0x0820, 0x0841, 0x0820, 0x0020, 0x0000, 0x0841,
  0x39C7, 0x3185, 0x2103, 0x0820, 0x0000, 0x0000, 0x0020, 0x10A2, 0x0820, 0x2944, 0x2944, 0x2103,
  0x2944, 0x0841, 0x10A2, 0x2944, 0x18C3, 0x18C3, 0x0841, 0x0020, 0x0020, 0x0020, 0x1061, 0x10A2,
  0x10A2, 0x0820, 0x0820, 0x1840, 0x0000, 0x0800, 0x0841, 0x0820, 0x0800, 0x0000, 0x0800, 0x0820,
  0x0000, 0x0000, 0x0000, 0x0000, 0x59C1, 0x7262, 0x7262, 0x7262, 0x7262, 0x7262, 0x7262, 0x7262,
  0x7262, 0x7262, 0x7262, 0x7262, 0x7262, 0x7262, 0x7262, 0x7262, 0x7262, 0x7262, 0x7262, 0x7262,
  0x7262, 0x7262, 0x7262, 0x7262, 0x7262, 0x7262, 0x7262, 0x7262, 0x7262, 0x7262, 0x7262, 0x59C1,
  0x0000, 0x0000, 0x0000, 0x39C7, 0x528A, 0x528A, 0x528A, 0x4A28, 0x528A, 0x39C7, 0x0000, 0x0000,
  0x0000, 0x0000, 0x0000, 0x0000, 0x0000, 0x0000, 0x0000, 0x0000, 0x0000, 0x0000, 0x0000, 0x0000,
  0x0000, 0x3185, 0x528A, 0x528A, 0x528A, 0x4A28, 0x528A, 0x4A28, 0x0020, 0x0000, 0x0000, 0x0000,
  0x0000, 0x0000, 0x0000, 0x3185, 0x528A, 0x4A28, 0x4A28, 0x4A28, 0x3185, 0x0000, 0x0000, 0x0000,
  0x0000, 0x0000, 0x0000, 0x0000, 0x0000, 0x0000, 0x0000, 0x0000, 0x0000, 0x0000, 0x0000, 0x0000,
  0x0000, 0x0000, 0x0000, 0x0000, 0x0000, 0x0000, 0x0000, 0x0000, 0x2944, 0x4A28, 0x4A28, 0x4A28,
  0x4A28, 0x3185, 0x0020, 0x0000, 0x0020, 0x0000, 0x0000, 0x0000, 0x0000, 0x59C1, 0x59C1, 0x59C1,
  0x59C1, 0x59C1, 0x59C1, 0x59C1, 0x59C1, 0x59C1, 0x59C1, 0x59C1, 0x59C1, 0x59C1, 0x59C1, 0x59C1,
  0x59C1, 0x59C1, 0x59C1, 0x59C1, 0x59C1, 0x59C1, 0x59C1, 0x10A2, 0x0000, 0x0000, 0x0000, 0x0000,
  0x0000, 0x0000, 0x0000, 0x0020, 0x0000, 0x2944, 0x39C7, 0x18C3, 0x39C7, 0x2944, 0x0000, 0x0000,
  0x0000, 0x0000, 0x0000, 0x0000, 0x0000, 0x0841, 0x39C7, 0x39C7, 0x39C7, 0x2944, 0x3185, 0x0000,
  0x0000, 0x0000, 0x0020, 0x0000, 0x0020, 0x0000, 0x1061, 0x4A28, 0x62EB, 0x4A28, 0x4A28, 0x39C7,
  0x528A, 0x2103, 0x0000, 0x0000, 0x0000, 0x0020, 0x0020, 0x0800, 0x0000, 0x30C0, 0x40E0, 0x59C1,
  0x71C0, 0x71C0, 0x0000, 0x0000, 0x0000, 0x0000, 0x0000, 0x0000, 0x0000, 0x0000, 0x0841, 0x71C0,
  0x30C0, 0x89E0, 0x40E0, 0x5940, 0x30C0, 0x40E0, 0x1840, 0x0000, 0x0020, 0x0020, 0x0000, 0x0020,
  0x0000, 0x0000, 0x0000, 0x0000, 0x0000, 0x0000, 0x0000, 0x0000, 0x0000, 0x0000, 0x0000, 0x0000,
  0x0000, 0x0000, 0x0000, 0x0000, 0x0000, 0x0020, 0x0000, 0x0020, 0x0820, 0x0000, 0x0020, 0x0000,
  0x0000, 0x0000, 0x0000, 0x0000, 0x0000, 0x0000, 0x0000, 0x0000, 0x0000, 0x1840, 0x3080, 0x0020,
  0x0820, 0x0841, 0x0000, 0x0000, 0x0800, 0x1020, 0x0820, 0x0800, 0x0000, 0x0000, 0x1020, 0x1020,
  0x0000, 0x0000, 0x2103, 0x2103, 0x2103, 0x39C7, 0x0000, 0x0000, 0x0000, 0x0000, 0x1061, 0x18C3,
  0x1840, 0x0000, 0x0020, 0x0820, 0x0820, 0x18C3, 0x10A2, 0x0820, 0x0841, 0x0020, 0x0000, 0x0820,
  0x0820, 0x1061, 0x2944, 0x3185, 0x2103, 0x2944, 0x0000, 0x18C3, 0x2944, 0x2103, 0x2944, 0x1061,
  0x0820, 0x0020, 0x0020, 0x0020, 0x0020, 0x0841, 0x10A2, 0x18C3, 0x18C3, 0x1061, 0x0820, 0x0841,
  0x10A2, 0x10A2, 0x3185, 0x2944, 0x0800, 0x0000, 0x0820, 0x0820, 0x0000, 0x0000, 0x0800, 0x0000,
  0xAB21, 0xFC20, 0xFC20, 0xFC20, 0xFC20, 0xFC20, 0xFC20, 0xFC20, 0xFC20, 0xFC20, 0xFC20, 0xFC20,
  0xFC20, 0xFC20, 0xFC20, 0xFC20, 0xFC20, 0xFC20, 0xFC20, 0xFC20, 0xFC20, 0xFC20, 0xFC20, 0xFC20,
  0xFC20, 0xFC20, 0xFC20, 0xFC20, 0xFC20, 0xFC20, 0xFC20, 0xAB21, 0x0000, 0x0000, 0x0000, 0xB596,
  0xD69A, 0xD69A, 0xD69A, 0xBDF7, 0xD69A, 0xB596, 0x0020, 0x0000, 0x0000, 0x0000, 0x0000, 0x0000,
  0x0000, 0x0000, 0x0000, 0x0000, 0x0000, 0x0000, 0x0000, 0x0020, 0x0000, 0x94B2, 0xF79E, 0xD69A,
  0xD69A, 0xD69A, 0xD69A, 0xBDF7, 0x0820, 0x0000, 0x0000, 0x0020, 0x0000, 0x3185, 0xA514, 0xD69A,
  0xD69A, 0xD69A, 0xD69A, 0xD69A, 0xD69A, 0xA514, 0x3185, 0x0000, 0x0000, 0x0000, 0x0000, 0x0000,
  0x0000, 0x0000, 0x0000, 0x0000, 0x0000, 0x0000, 0x0000, 0x0000, 0x0000, 0x0000, 0x0000, 0x0000,
  0x0000, 0x0000, 0x2944, 0xA514, 0xD69A, 0xD69A, 0xD69A, 0xD69A, 0xD69A, 0xD69A, 0xB596, 0x39C7,
  0x0000, 0x0000, 0x0000, 0x0000, 0x0000, 0xDB41, 0xFC20, 0xFC20, 0xFC20, 0xFC20, 0xFC20, 0xFC20,
  0xFC20, 0xFC20, 0xFC20, 0xFC20, 0xFC20, 0xFC20, 0xFC20, 0xFC20, 0xFC20, 0xFC20, 0xFC20, 0xFC20,
  0xFC20, 0xFC20, 0xFC20, 0xFC20, 0xAB21, 0x2944, 0x0000, 0x0000, 0x0000, 0x0000, 0x0000, 0x0000,
  0x0000, 0x0020, 0x0000, 0x0000, 0x1061, 0x0020, 0x0000, 0x0000, 0x0000, 0x0000, 0x0000, 0x0000,
  0x0000, 0x0000, 0x10A2, 0x10A2, 0x0000, 0x0020, 0x0020, 0x0000, 0x0000, 0x0000, 0x0000, 0x0000,
  0x0020, 0x0000, 0x1061, 0x2103, 0x1061, 0x18C3, 0x1061, 0x10A2, 0x3185, 0x1061, 0x0000, 0x0000,
  0x0000, 0x0800, 0x0800, 0x0000, 0x0000, 0x0020, 0x30C0, 0x30C0, 0x1840, 0x30C0, 0x0000, 0x0000,
  0x0000, 0x0000, 0x0000, 0x0000, 0x0000, 0x0000, 0x1020, 0x2060, 0x2060, 0x30C0, 0x40E0, 0x40E0,
  0x30C0, 0x2060, 0x1020, 0x0000, 0x0000, 0x0000, 0x0000, 0x0000, 0x0841, 0x0841, 0x0000, 0x0000,
  0x0000, 0x0000, 0x0000, 0x0000, 0x0000, 0x0000, 0x0000, 0x0020, 0x0020, 0x0000, 0x0000, 0x0000,
  0x0000, 0x0000, 0x0020, 0x0000, 0x0000, 0x0000, 0x0000, 0x0000, 0x0000, 0x0000, 0x0000, 0x0000,
  0x0800, 0x0000, 0x0000, 0x0800, 0x0000, 0x1840, 0x1020, 0x0000, 0x18C3, 0x39C7, 0x1061, 0x0820,
  0x0000, 0x0000, 0x0800, 0x1020, 0x0800, 0x0000, 0x0000, 0x1840, 0x1840, 0x0841, 0x4A28, 0x3185,
  0x2103, 0x0000, 0x0000, 0x0000, 0x0800, 0x0820, 0x0000, 0x3185, 0x10A2, 0x0800, 0x0000, 0x0020,
  0x0020, 0x3185, 0x3185, 0x0020, 0x0020, 0x0820, 0x0841, 0x2103, 0x2103, 0x2103, 0x2944, 0x2944,
  0x3185, 0x18C3, 0x2944, 0x2944, 0x1061, 0x0000, 0x0020, 0x0020, 0x0820, 0x0820, 0x0820, 0x0820,
  0x0841, 0x10A2, 0x18C3, 0x10A2, 0x1061, 0x10A2, 0x0841, 0x0820, 0x5940, 0x3185, 0x0841, 0x0820,
  0x0000, 0x0000, 0x0800, 0x0820, 0x0820, 0x0000, 0x0800, 0x0000, 0xAB21, 0xFBA0, 0xFB80, 0xFB80,
  0xFB80, 0xFB80, 0xFB80, 0xFB80, 0xFB80, 0xFB80, 0xFB80, 0xFB80, 0xFB80, 0xFB80, 0xFB80, 0xFB80,
  0xFBA0, 0xFB80, 0xFB80, 0xFB80, 0xFB80, 0xFB80, 0xFB80, 0xFBA0, 0xFB80, 0xFBA0, 0xFB80, 0xFBA0,
  0xFB80, 0xFB80, 0xFBA0, 0xAB21, 0x0000, 0x0000, 0x0000, 0x94B2, 0xBDF7, 0xB596, 0xB596, 0xBDF7,
  0xBDF7, 0xA514, 0x0000, 0x0000, 0x0000, 0x0000, 0x0000, 0x0000, 0x0000, 0x0000, 0x0000, 0x0000,
  0x0000, 0x0000, 0x0000, 0x0020, 0x0000, 0x7BEF, 0xD69A, 0xB596, 0xBDF7, 0xBDF7, 0xBDF7, 0xB596,
  0x0020, 0x0000, 0x0000, 0x0000, 0x3185, 0xD69A, 0xD69A, 0xBDF7, 0xBDF7, 0xBDF7, 0xBDF7, 0xBDF7,
  0xBDF7, 0xBDF7, 0xD69A, 0x39C7, 0x0000, 0x0000, 0x0000, 0x0000, 0x0000, 0x0000, 0x0000, 0x0000,
  0x0000, 0x0000, 0x0000, 0x0000, 0x0000, 0x0000, 0x0000, 0x0000, 0x0000, 0x3185, 0xD69A, 0xD69A,
  0xBDF7, 0xBDF7, 0xB596, 0xBDF7, 0xBDF7, 0xBDF7, 0xBDF7, 0xD69A, 0x39C7, 0x0000, 0x0020, 0x0000,
  0x0000, 0xAB21, 0xFB80, 0xFB80, 0xFB80, 0xFB80, 0xFB80, 0xFB80, 0xFB80, 0xFB80, 0xFB80, 0xFB80,
  0xFB80, 0xFBA0, 0xFB80, 0xFB80, 0xFBA0, 0xFB80, 0xFBA0, 0xFBA0, 0xFBA0, 0xFB80, 0xFBA0, 0xFBA0,
  0xFC20, 0xFC20, 0x7262, 0x0000, 0x0000, 0x0000, 0x0000, 0x0000, 0x0000, 0x0000, 0x0000, 0x0000,
  0x0000, 0x0000, 0x0000, 0x0000, 0x0000, 0x0000, 0x0000, 0x0000, 0x0000, 0x0000, 0x0000, 0x0000,
  0x0000, 0x0000, 0x0000, 0x0000, 0x0000, 0x0000, 0x0000, 0x0000, 0x0000, 0x0000, 0x0000, 0x0000,
  0x0000, 0x0000, 0x0000, 0x0000, 0x0000, 0x0000, 0x0000, 0x0000, 0x0000, 0x0000, 0x0000, 0x0000,
  0x0000, 0x0000, 0x0000, 0x0000, 0x0000, 0x0000, 0x0000, 0x0000, 0x0000, 0x0000, 0x0000, 0x0000,
  0x0000, 0x0000, 0x0000, 0x0000, 0x0000, 0x0000, 0x0000, 0x0000, 0x0000, 0x0000, 0x0000, 0x0000,
  0x0000, 0x0000, 0x0000, 0x0000, 0x0841, 0x0820, 0x0000, 0x0000, 0x0000, 0x0000, 0x0000, 0x0000,
  0x0000, 0x0000, 0x0000, 0x0000, 0x0020, 0x0000, 0x0000, 0x0000, 0x0020, 0x0820, 0x0020, 0x0000,
  0x0000, 0x0000, 0x0000, 0x0000, 0x0000, 0x0000, 0x0000, 0x1840, 0x1020, 0x0000, 0x0820, 0x0000,
  0x1020, 0x30C0, 0x0000, 0x0800, 0x0020, 0x2103, 0x3185, 0x0000, 0x1020, 0x0000, 0x0000, 0x0820,
  0x0800, 0x0000, 0x0000, 0x0000, 0x1840, 0x1020, 0x0841, 0x0000, 0x0000, 0x0000, 0x4A28, 0x2944,
  0x0000, 0x0000, 0x0000, 0x0020, 0x3185, 0x0820, 0x1020, 0x0020, 0x0820, 0x1061, 0x0841, 0x0820,
  0x0820, 0x0020, 0x2103, 0x2944, 0x3185, 0x3185, 0x10A2, 0x2944, 0x10A2, 0x18C3, 0x0820, 0x0820,
  0x0020, 0x0820, 0x0820, 0x0820, 0x0820, 0x0820, 0x0820, 0x0820, 0x0820, 0x1061, 0x18C3, 0x10A2,
  0x0000, 0x0000, 0x0020, 0x0841, 0x2060, 0x2060, 0x0000, 0x0020, 0x1061, 0x0000, 0x0000, 0x0000,
  0x0820, 0x0800, 0x0000, 0x0000, 0xAB21, 0xFBA0, 0xFB80, 0xFBA0, 0xFBA0, 0xFB80, 0xFBA0, 0xFB80,
  0xFBA0, 0xFBA0, 0xFBA0, 0xFBA0, 0xFBA0, 0xFBA0, 0xFBA0, 0xFBA0, 0xFBA0, 0xFBA0, 0xFBA0, 0xFBA0,
  0xFBA0, 0xFB80, 0xFBA0, 0xFBA0, 0xFBA0, 0xFBA0, 0xFBA0, 0xFBA0, 0xFBA0, 0xFBA0, 0xFBA0, 0xAB21,
  0x0000, 0x0000, 0x0000, 0x94B2, 0xBDF7, 0xBDF7, 0xBDF7, 0xBDF7, 0xD69A, 0xA514, 0x0000, 0x0000,
  0x0000, 0x0000, 0x0000, 0x0000, 0x0000, 0x0000, 0x0000, 0x0000, 0x0000, 0x0000, 0x0000, 0x0000,
  0x0000, 0x8C51, 0xD69A, 0xBDF7, 0xBDF7, 0xBDF7, 0xBDF7, 0xB596, 0x0820, 0x0000, 0x0000, 0x0000,
  0xB596, 0xD69A, 0xBDF7, 0xBDF7, 0xBDF7, 0xBDF7, 0xBDF7, 0xBDF7, 0xBDF7, 0xBDF7, 0xD69A, 0xBDF7,
  0x0841, 0x0000, 0x0000, 0x0000, 0x0000, 0x0000, 0x0000, 0x0000, 0x0000, 0x0000, 0x0000, 0x0000,
  0x0000, 0x0000, 0x0000, 0x0000, 0x0820, 0xB596, 0xBDF7, 0xBDF7, 0xBDF7, 0xBDF7, 0xBDF7, 0xBDF7,
  0xBDF7, 0xBDF7, 0xBDF7, 0xBDF7, 0xB596, 0x0820, 0x0000, 0x0000, 0x0020, 0xAB21, 0xFBA0, 0xFB80,
  0xFBA0, 0xFBA0, 0xFBA0, 0xFBA0, 0xFBA0, 0xFBA0, 0xFBA0, 0xFBA0, 0xFBA0, 0xFBA0, 0xFBA0, 0xFBA0,
  0xFBA0, 0xFBA0, 0xFBA0, 0xFBA0, 0xFBA0, 0xFBA0, 0xFBA0, 0xFBA0, 0xFBA0, 0xFBA0, 0xFC20, 0x59C1,
  0x0000, 0x0000, 0x0000, 0x0000, 0x0000, 0x0000, 0x0000, 0x0000, 0x0000, 0x0000, 0x0000, 0x0000,
  0x0000, 0x0000, 0x0000, 0x0000, 0x0000, 0x0000, 0x0000, 0x0000, 0x0000, 0x0000, 0x0000, 0x0000,
  0x0000, 0x0000, 0x0000, 0x0000, 0x0000, 0x0000, 0x0000, 0x0000, 0x0000, 0x0000, 0x0000, 0x0000,
  0x0000, 0x0000, 0x1020, 0x0800, 0x0000, 0x0000, 0x0000, 0x0000, 0x0000, 0x0000, 0x0000, 0x0000,
  0x0000, 0x0000, 0x0000, 0x0000, 0x0000, 0x0000, 0x0000, 0x0000, 0x0000, 0x0000, 0x0000, 0x0000,
  0x0000, 0x0000, 0x0000, 0x0000, 0x0000, 0x0000, 0x0000, 0x0000, 0x0000, 0x0000, 0x0000, 0x0000,
  0x0000, 0x0000, 0x0000, 0x0820, 0x1061, 0x0841, 0x1061, 0x1061, 0x0000, 0x0000, 0x0000, 0x0000,
  0x0000, 0x0000, 0x0020, 0x0000, 0x0000, 0x0000, 0x0000, 0x0020, 0x0800, 0x0000, 0x1020, 0x1840,
  0x1020, 0x0000, 0x0000, 0x0000, 0x0820, 0x30C0, 0x2060, 0x0000, 0x1020, 0x2060, 0x0800, 0x0000,
  0x0000, 0x0000, 0x0800, 0x1840, 0x0820, 0x0800, 0x0820, 0x0820, 0x0800, 0x1020, 0x1020, 0x0800,
  0x0820, 0x0000, 0x0000, 0x10A2, 0x2103, 0x2103, 0x39C7, 0x18C3, 0x0000, 0x0000, 0x0000, 0x0000,
  0x10A2, 0x30C0, 0x1840, 0x0820, 0x0820, 0x0020, 0x0020, 0x0820, 0x0820, 0x0020, 0x0000, 0x3185,
  0x2103, 0x2944, 0x10A2, 0x0820, 0x0820, 0x0020, 0x0820, 0x0020, 0x0020, 0x0020, 0x0020, 0x0820,
  0x0820, 0x0020, 0x0020, 0x0820, 0x0841, 0x0820, 0x10A2, 0x18C3, 0x0841, 0x0820, 0x0020, 0x0841,
  0x1061, 0x30C0, 0x2944, 0x18C3, 0x2103, 0x0000, 0x0000, 0x0000, 0x0820, 0x0800, 0x0800, 0x0000,
  0xAB21, 0xFBA0, 0xFB80, 0xFB80, 0xFB80, 0xFB80, 0xFB80, 0xFB80, 0xFB80, 0xFB80, 0xFB80, 0xFB80,
  0xFB80, 0xFBA0, 0xFB80, 0xFB80, 0xFB80, 0xFBA0, 0xFBA0, 0xFB80, 0xFB80, 0xFB80, 0xFB80, 0xFB80,
  0xFB80, 0xFB80, 0xFB80, 0xFB80, 0xFB80, 0xFB80, 0xFBA0, 0xAB21, 0x0000, 0x0000, 0x0000, 0x94B2,
  0xBDF7, 0xBDF7, 0xBDF7, 0xBDF7, 0xBDF7, 0xA514, 0x0000, 0x0000, 0x0000, 0x0000, 0x0000, 0x0000,
  0x0000, 0x0000, 0x0000, 0x0000, 0x0000, 0x0000, 0x0000, 0x0000, 0x0000, 0x8C51, 0xD69A, 0xBDF7,
  0xBDF7, 0xBDF7, 0xBDF7, 0xB596, 0x0820, 0x0000, 0x0000, 0x2944, 0xBDF7, 0xBDF7, 0xBDF7, 0xBDF7,
  0xBDF7, 0xBDF7, 0xBDF7, 0xBDF7, 0xBDF7, 0xBDF7, 0xBDF7, 0xD69A, 0x7BEF, 0x0000, 0x0020, 0x0000,
  0x0000, 0x0000, 0x0000, 0x0000, 0x0000, 0x0000, 0x0000, 0x0000, 0x0000, 0x0000, 0x0020, 0x0000,
  0x73AE, 0xD69A, 0xB596, 0xBDF7, 0xBDF7, 0xBDF7, 0xBDF7, 0xBDF7, 0xBDF7, 0xBDF7, 0xBDF7, 0xBDF7,
  0xD69A, 0x2944, 0x0000, 0x0000, 0x0000, 0xAB21, 0xFBA0, 0xFB80, 0xFB80, 0xFB80, 0xFB80, 0xFB80,
  0xFB80, 0xFB80, 0xFB80, 0xFB80, 0xFB80, 0xFB80, 0xFB80, 0xFB80, 0xFB80, 0xFB80, 0xFB80, 0xFBA0,
  0xFBA0, 0xFBA0, 0xFBA0, 0xFBA0, 0xFC20, 0xFBA0, 0xFC20, 0xFC20, 0x10A2, 0x0000, 0x0000, 0x0000,
  0x0000, 0x0000, 0x0000, 0x0000, 0x0000, 0x0000, 0x0000, 0x0000, 0x0000, 0x0000, 0x0000, 0x0000,
  0x0000, 0x0000, 0x0000, 0x0000, 0x0000, 0x0000, 0x0000, 0x0000, 0x0000, 0x0000, 0x0000, 0x0000,
  0x0000, 0x0000, 0x0000, 0x0000, 0x0000, 0x0000, 0x0000, 0x0000, 0x0000, 0x0000, 0x40A0, 0x1840,
  0x0000, 0x0000, 0x0000, 0x0000, 0x0000, 0x0000, 0x0000, 0x0000, 0x0000, 0x0000, 0x0000, 0x0000,
  0x0000, 0x0000, 0x0000, 0x0000, 0x0000, 0x0000, 0x0000, 0x0000, 0x0000, 0x0000, 0x0000, 0x0000,
  0x0000, 0x0000, 0x0000, 0x0000, 0x0000, 0x0000, 0x0000, 0x0000, 0x0020, 0x0000, 0x0000, 0x0841,
  0x1061, 0x1061, 0x1061, 0x1061, 0x0020, 0x0000, 0x0000, 0x0000, 0x0000, 0x0000, 0x0000, 0x0000,
  0x0000, 0x0000, 0x0000, 0x0000, 0x1020, 0x1020, 0x1840, 0x0000, 0x1020, 0x0820, 0x0800, 0x0000,
  0x0820, 0x1840, 0x0000, 0x0020, 0x0000, 0x0000, 0x0000, 0x0000, 0x0000, 0x0000, 0x1020, 0x0820,
  0x0000, 0x0820, 0x0820, 0x0820, 0x0820, 0x1840, 0x1840, 0x0820, 0x0820, 0x0820, 0x0000, 0x3185,
  0x39C7, 0x18C3, 0x0820, 0x0000, 0x0820, 0x0820, 0x0000, 0x0000, 0x0841, 0x2944, 0x1840, 0x0800,
  0x0020, 0x0820, 0x0841, 0x0820, 0x0820, 0x0820, 0x0000, 0x0841, 0x10A2, 0x0000, 0x0020, 0x0020,
  0x0820, 0x0820, 0x0020, 0x0020, 0x0020, 0x0020, 0x0020, 0x0820, 0x0820, 0x0820, 0x0820, 0x10A2,
  0x18C3, 0x1061, 0x0841, 0x1061, 0x1061, 0x0841, 0x0820, 0x0020, 0x0820, 0x2060, 0x18C3, 0x0000,
  0x0000, 0x0800, 0x0000, 0x0000, 0x0800, 0x0000, 0x0800, 0x0000, 0xAB21, 0xFC20, 0xFBA0, 0xFBA0,
  0xFC20, 0xFC20, 0xFC20, 0xFC20, 0xFC20, 0xFC20, 0xFC20, 0xFC20, 0xFBA0, 0xFB80, 0xFBA0, 0xFB80,
  0xFBA0, 0xFB80, 0xFBA0, 0xFBA0, 0xFC20, 0xFC20, 0xFC20, 0xFC20, 0xFC20, 0xFC20, 0xFC20, 0xFC20,
  0xFC20, 0xFC20, 0xFC20, 0xAB21, 0x0000, 0x0000, 0x0000, 0x94B2, 0xBDF7, 0xBDF7, 0xB596, 0xBDF7,
  0xBDF7, 0xA514, 0x0020, 0x0000, 0x0000, 0x0000, 0x0000, 0x0000, 0x0000, 0x0000, 0x0000, 0x0000,
  0x0000, 0x0000, 0x0000, 0x0000, 0x0000, 0x7BEF, 0xD69A, 0xB596, 0xBDF7, 0xBDF7, 0xBDF7, 0xA514,
  0x0820, 0x0000, 0x0000, 0x3185, 0xBDF7, 0xB596, 0xBDF7, 0xBDF7, 0xB596, 0xBDF7, 0xB596, 0xBDF7,
  0xBDF7, 0xBDF7, 0xBDF7, 0xB596, 0xD69A, 0x39C7, 0x0000, 0x0000, 0x0000, 0x0000, 0x0000, 0x0000,
  0x0000, 0x0000, 0x0000, 0x0000, 0x0000, 0x0000, 0x0000, 0x3185, 0xD69A, 0xB596, 0xBDF7, 0xBDF7,
  0xBDF7, 0xBDF7, 0xBDF7, 0xBDF7, 0xBDF7, 0xBDF7, 0xBDF7, 0xBDF7, 0xD69A, 0x3185, 0x0000, 0x0000,
  0x0000, 0xDB41, 0xFC20, 0xFC20, 0xFC20, 0xFBA0, 0xFBA0, 0xFC20, 0xFBA0, 0xFC20, 0xFBA0, 0xFC20,
  0xFBA0, 0xFBA0, 0xFC20, 0xFBA0, 0xFC20, 0xFC20, 0xFBA0, 0xFBA0, 0xFC20, 0xFC20, 0xFBA0, 0xFBA0,
  0xFBA0, 0xFBA0, 0xFBA0, 0xFC20, 0x7262, 0x0000, 0x0000, 0x0000, 0x0000, 0x0000, 0x0000, 0x0000,
  0x0000, 0x0000, 0x0000, 0x0000, 0x0000, 0x0000, 0x0000, 0x0000, 0x0000, 0x0000, 0x0000, 0x0000,
  0x0000, 0x0000, 0x0000, 0x0000, 0x0000, 0x0000, 0x0000, 0x0000, 0x0000, 0x0000, 0x0000, 0x0000,
  0x0000, 0x0000, 0x0000, 0x0000, 0x0000, 0x0000, 0x40E0, 0x1840, 0x0000, 0x0000, 0x0000, 0x0000,
  0x0000, 0x0000, 0x0000, 0x0000, 0x0000, 0x0000, 0x0000, 0x0000, 0x0000, 0x0000, 0x0000, 0x0000,
  0x0000, 0x0000, 0x0000, 0x0000, 0x0000, 0x0000, 0x0000, 0x0000, 0x0000, 0x0000, 0x0000, 0x0000,
  0x0000, 0x0000, 0x0000, 0x0000, 0x0000, 0x0000, 0x0000, 0x0000, 0x0000, 0x0020, 0x0000, 0x0020,
  0x0000, 0x0000, 0x0000, 0x0000, 0x0000, 0x0000, 0x0000, 0x0000, 0x0000, 0x0000, 0x0000, 0x0000,
  0x0000, 0x0820, 0x1020, 0x0000, 0x0800, 0x0820, 0x0000, 0x0000, 0x0000, 0x0000, 0x1840, 0x1840,
  0x0000, 0x0000, 0x0000, 0x0000, 0x0000, 0x0000, 0x0000, 0x0000, 0x0000, 0x0800, 0x0800, 0x0800,
  0x0800, 0x0820, 0x0820, 0x0800, 0x1840, 0x1020, 0x0800, 0x0000, 0x0000, 0x0000, 0x0000, 0x18C3,
  0x6B4D, 0x1840, 0x0800, 0x0000, 0x0000, 0x2944, 0x2103, 0x0000, 0x0000, 0x0020, 0x0841, 0x0841,
  0x0020, 0x0820, 0x0820, 0x0020, 0x0000, 0x0820, 0x0020, 0x0820, 0x0020, 0x0020, 0x0020, 0x0020,
  0x0020, 0x0020, 0x0020, 0x0820, 0x0820, 0x0020, 0x0820, 0x1061, 0x10A2, 0x0841, 0x0841, 0x0820,
  0x0020, 0x0020, 0x0000, 0x0000, 0x0020, 0x1840, 0x10A2, 0x0841, 0x10A2, 0x39C7, 0x0820, 0x0000,
  0x0800, 0x0800, 0x0000, 0x0000, 0x40E0, 0x59C1, 0x59C1, 0x59C1, 0x59C1, 0x59C1, 0x59C1, 0x59C1,
  0x59C1, 0x59C1, 0x59C1, 0x5940, 0xA260, 0xFBA0, 0xFB80, 0xFB80, 0xFB80, 0xFB80, 0xFBA0, 0xAB21,
  0x59C1, 0x59C1, 0x59C1, 0x59C1, 0x59C1, 0x59C1, 0x59C1, 0x59C1, 0x59C1, 0x59C1, 0x59C1, 0x40E0,
  0x0000, 0x0000, 0x0000, 0x94B2, 0xBDF7, 0xB596, 0xB596, 0xB596, 0xBDF7, 0xA514, 0x0020, 0x0000,
  0x0000, 0x0000, 0x0000, 0x0000, 0x0000, 0x0000, 0x0000, 0x0000, 0x0000, 0x0000, 0x0000, 0x0000,
  0x0000, 0x7BEF, 0xBDF7, 0xB596, 0xB596, 0xB596, 0xBDF7, 0xA514, 0x0820, 0x0000, 0x0000, 0x3185,
  0xBDF7, 0xB596, 0xB596, 0xB596, 0xBDF7, 0xB596, 0xBDF7, 0xBDF7, 0xB596, 0xBDF7, 0xB596, 0xB596,
  0xBDF7, 0xA514, 0x0020, 0x0000, 0x0000, 0x0000, 0x0000, 0x0000, 0x0000, 0x0000, 0x0000, 0x0000,
  0x0000, 0x0000, 0x0000, 0xA514, 0xBDF7, 0xB596, 0xB596, 0xBDF7, 0xB596, 0xBDF7, 0xBDF7, 0xBDF7,
  0xBDF7, 0xBDF7, 0xBDF7, 0xBDF7, 0xD69A, 0x3185, 0x0000, 0x0000, 0x0000, 0x5940, 0x59C1, 0x5940,
  0x59C1, 0x5940, 0x59C1, 0x5940, 0x5940, 0x5940, 0x5940, 0x5940, 0x5940, 0x59C1, 0x5940, 0x5940,
  0x5940, 0x5940, 0x5940, 0x5940, 0x5940, 0xB2C0, 0xFBA0, 0xFBA0, 0xFBA0, 0xFBA0, 0xFBA0, 0xFC20,
  0xAB21, 0x0000, 0x0000, 0x0000, 0x0000, 0x0000, 0x0000, 0x0000, 0x0000, 0x0000, 0x0000, 0x0000,
  0x0000, 0x0000, 0x0000, 0x0000, 0x0000, 0x0800, 0x0000, 0x0000, 0x0000, 0x0000, 0x0000, 0x0000,
  0x0000, 0x0000, 0x0000, 0x0000, 0x0000, 0x0000, 0x0000, 0x0800, 0x0000, 0x0000, 0x0000, 0x0000,
  0x0820, 0x0800, 0x40E0, 0x1840, 0x0000, 0x0000, 0x0000, 0x0000, 0x0000, 0x0000, 0x0000, 0x0000,
  0x0000, 0x0000, 0x0000, 0x0000, 0x0000, 0x0000, 0x0000, 0x0000, 0x0000, 0x0000, 0x0000, 0x0000,
  0x0000, 0x0000, 0x0000, 0x0000, 0x0000, 0x0000, 0x0000, 0x0000, 0x0000, 0x0000, 0x0000, 0x0000,
  0x0000, 0x0000, 0x0000, 0x0000, 0x0000, 0x0000, 0x0000, 0x0000, 0x0000, 0x0000, 0x0000, 0x0000,
  0x0000, 0x0000, 0x0000, 0x0000, 0x0000, 0x0000, 0x0000, 0x0000, 0x0820, 0x1020, 0x0000, 0x0000,
  0x0000, 0x0020, 0x1840, 0x1020, 0x0000, 0x0000, 0x0800, 0x0000, 0x0000, 0x0820, 0x2060, 0x0820,
  0x0000, 0x0800, 0x0820, 0x0820, 0x0800, 0x0820, 0x0820, 0x0820, 0x0000, 0x0000, 0x0000, 0x1020,
  0x1840, 0x0820, 0x0000, 0x0000, 0x0000, 0x2103, 0x39C7, 0x3185, 0x18C3, 0x0820, 0x0000, 0x0000,
  0x0000, 0x0000, 0x0000, 0x0820, 0x0800, 0x0000, 0x0820, 0x0841, 0x0820, 0x0820, 0x0820, 0x0020,
  0x0820, 0x0020, 0x0020, 0x0020, 0x0020, 0x0020, 0x0020, 0x0020, 0x0020, 0x0020, 0x0020, 0x0020,
  0x0841, 0x1061, 0x1061, 0x1061, 0x1061, 0x0020, 0x0000, 0x0000, 0x0800, 0x0800, 0x0000, 0x0800,
  0x0820, 0x0820, 0x3185, 0x528A, 0x18C3, 0x18C3, 0x0020, 0x0000, 0x0000, 0x0000, 0x0800, 0x0000,
  0x0000, 0x0800, 0x0000, 0x0000, 0x0000, 0x0000, 0x0000, 0x0000, 0x0000, 0x0000, 0x0000, 0x0000,
  0x59C1, 0xFBA0, 0xFB20, 0xFB80, 0xFB80, 0xFB80, 0xFBA0, 0x7262, 0x0000, 0x0000, 0x0000, 0x0000,
  0x0000, 0x0000, 0x0000, 0x0000, 0x0000, 0x0000, 0x0000, 0x0000, 0x0000, 0x0000, 0x0000, 0x94B2,
  0xBDF7, 0xB596, 0xB596, 0xB596, 0xBDF7, 0xA514, 0x0020, 0x0000, 0x0000, 0x0000, 0x0000, 0x0000,
  0x0000, 0x0000, 0x0000, 0x0000, 0x0000, 0x0000, 0x0000, 0x0000, 0x0000, 0x7BEF, 0xBDF7, 0xB596,
  0xB596, 0xB596, 0xBDF7, 0xA514, 0x0820, 0x0000, 0x0000, 0x3185, 0xBDF7, 0xB596, 0xBDF7, 0xB596,
  0xB596, 0xBDF7, 0x7BEF, 0x8C51, 0xBDF7, 0xB596, 0xB596, 0xB596, 0xB596, 0xD69A, 0x6B4D, 0x0000,
  0x0020, 0x0000, 0x0000, 0x0000, 0x0000, 0x0000, 0x0000, 0x0000, 0x0020, 0x0000, 0x6B4D, 0xBDF7,
  0xB596, 0xB596, 0xB596, 0xB596, 0xBDF7, 0x8C51, 0x7BEF, 0xBDF7, 0xBDF7, 0xBDF7, 0xBDF7, 0xBDF7,
  0xD69A, 0x3185, 0x0000, 0x0000, 0x0000, 0x0000, 0x0000, 0x0000, 0x0000, 0x0000, 0x0000, 0x0000,
  0x0000, 0x0000, 0x0000, 0x0020, 0x0000, 0x0000, 0x0000, 0x0000, 0x0000, 0x0000, 0x0000, 0x0000,
  0x0000, 0x0000, 0xDB41, 0xFBA0, 0xFBA0, 0xFBA0, 0xFBA0, 0xFC20, 0xAB21, 0x0000, 0x0000, 0x0000,
  0x0000, 0x0000, 0x0000, 0x0000, 0x0000, 0x0000, 0x0000, 0x0000, 0x0000, 0x0000, 0x0000, 0x0000,
  0x0000, 0x0800, 0x0000, 0x0000, 0x0000, 0x0000, 0x0000, 0x0000, 0x0000, 0x0000, 0x0000, 0x0000,
  0x0000, 0x0000, 0x0000, 0x0000, 0x0000, 0x0000, 0x0000, 0x0800, 0x0820, 0x0820, 0x40E0, 0x1020,
  0x0000, 0x0000, 0x0800, 0x0000, 0x0000, 0x0000, 0x0000, 0x0000, 0x0000, 0x0000, 0x0000, 0x0000,
  0x0000, 0x0000, 0x0800, 0x0000, 0x0800, 0x0800, 0x0000, 0x0800, 0x0000, 0x0000, 0x0000, 0x0000,
  0x0000, 0x0000, 0x0000, 0x0000, 0x0000, 0x0000, 0x0000, 0x0000, 0x0000, 0x0000, 0x0000, 0x0000,
  0x0000, 0x0000, 0x0000, 0x0000, 0x0000, 0x0000, 0x0000, 0x0000, 0x0000, 0x0000, 0x0000, 0x0000,
  0x0000, 0x0000, 0x0000, 0x0000, 0x0000, 0x0000, 0x0000, 0x0000, 0x1020, 0x1840, 0x2060, 0x0800,
  0x0000, 0x0000, 0x0800, 0x0000, 0x0000, 0x1020, 0x2060, 0x1840, 0x0820, 0x0820, 0x0800, 0x0000,
  0x0800, 0x0800, 0x0800, 0x0800, 0x0800, 0x0800, 0x0820, 0x1020, 0x0000, 0x0000, 0x0800, 0x0000,
  0x0020, 0x39C7, 0x2103, 0x1061, 0x0000, 0x0000, 0x0820, 0x0820, 0x0000, 0x0000, 0x2944, 0x2944,
  0x0800, 0x0020, 0x0020, 0x0841, 0x0841, 0x0841, 0x0841, 0x0841, 0x0020, 0x0020, 0x0020, 0x0020,
  0x0020, 0x0020, 0x0020, 0x0020, 0x0820, 0x0820, 0x0820, 0x0020, 0x1061, 0x1061, 0x0841, 0x0020,
  0x0000, 0x0000, 0x0800, 0x0820, 0x0820, 0x0820, 0x0000, 0x0020, 0x0841, 0x1061, 0x0820, 0x1061,
  0x0000, 0x0000, 0x0000, 0x0800, 0x0000, 0x0000, 0x0000, 0x0000, 0x0000, 0x0000, 0x0000, 0x0000,
  0x0000, 0x0000, 0x0000, 0x0000, 0x0800, 0x0000, 0x0020, 0x0000, 0x59C1, 0xFBA0, 0xFB20, 0xFB20,
  0xFB20, 0xFB20, 0xFBA0, 0x7262, 0x0000, 0x0020, 0x0000, 0x0000, 0x0000, 0x0000, 0x0000, 0x0000,
  0x0000, 0x0000, 0x0000, 0x0000, 0x0000, 0x0000, 0x0000, 0x94B2, 0xB596, 0xB596, 0xB596, 0xB596,
  0xB596, 0xA514, 0x0020, 0x0000, 0x0000, 0x0000, 0x0000, 0x0000, 0x0000, 0x0000, 0x0000, 0x0000,
  0x0000, 0x0000, 0x0000, 0x0020, 0x0000, 0x7BEF, 0xBDF7, 0xB596, 0xB596, 0xB596, 0xB596, 0xA514,
  0x0820, 0x0000, 0x0000, 0x3185, 0xBDF7, 0xB596, 0xB596, 0xB596, 0xB596, 0xBDF7, 0x39C7, 0x0841,
  0xB596, 0xB596, 0xB596, 0xB596, 0xB596, 0xB596, 0xBDF7, 0x2944, 0x0000, 0x0000, 0x0000, 0x0000,
  0x0000, 0x0000, 0x0000, 0x0000, 0x0000, 0x2103, 0xBDF7, 0xB596, 0xB596, 0xB596, 0xB596, 0xB596,
  0xB596, 0x1061, 0x39C7, 0xD69A, 0xB596, 0xBDF7, 0xB596, 0xB596, 0xBDF7, 0x3185, 0x0000, 0x0000,
  0x0000, 0x0000, 0x0800, 0x0800, 0x0800, 0x0800, 0x0800, 0x0800, 0x0800, 0x0800, 0x0800, 0x0800,
  0x0800, 0x0800, 0x0800, 0x0800, 0x0800, 0x0800, 0x0800, 0x0800, 0x0820, 0x0000, 0xA260, 0xFBA0,
  0xFB80, 0xFB80, 0xFB80, 0xFC20, 0xAB21, 0x0000, 0x0000, 0x0000, 0x0000, 0x0000, 0x0000, 0x0000,
  0x0000, 0x0000, 0x0000, 0x0000, 0x0000, 0x0000, 0x0000, 0x0000, 0x0800, 0x1840, 0x0000, 0x0000,
  0x0000, 0x0000, 0x0000, 0x0800, 0x0800, 0x0000, 0x0000, 0x0000, 0x0000, 0x0000, 0x0000, 0x0000,
  0x0000, 0x0000, 0x0000, 0x0800, 0x1020, 0x0820, 0x40E0, 0x1840, 0x0000, 0x0800, 0x0000, 0x0000,
  0x0000, 0x0000, 0x0000, 0x0000, 0x0000, 0x0800, 0x0000, 0x0000, 0x0000, 0x0000, 0x0000, 0x0000,
  0x0800, 0x0000, 0x0000, 0x0000, 0x0000, 0x0000, 0x0000, 0x0000, 0x0000, 0x0000, 0x0000, 0x0000,
  0x0000, 0x0000, 0x0000, 0x0000, 0x0000, 0x0000, 0x0000, 0x0000, 0x0000, 0x0000, 0x0000, 0x0000,
  0x0000, 0x0000, 0x0000, 0x0000, 0x0000, 0x0000, 0x0000, 0x0000, 0x0000, 0x0000, 0x0000, 0x0000,
  0x0800, 0x0800, 0x0820, 0x0820, 0x0820, 0x0000, 0x0000, 0x0000, 0x0000, 0x1020, 0x0800, 0x1020,
  0x0800, 0x0000, 0x1020, 0x0800, 0x0000, 0x0000, 0x0800, 0x0820, 0x0800, 0x0800, 0x0820, 0x1020,
  0x0000, 0x0800, 0x0820, 0x0000, 0x0800, 0x0820, 0x0800, 0x1840, 0x0000, 0x0000, 0x0000, 0x0000,
  0x0000, 0x62EB, 0x4A28, 0x0000, 0x0800, 0x0020, 0x0841, 0x0841, 0x1840, 0x1020, 0x0000, 0x0820,
  0x0820, 0x0820, 0x0841, 0x0841, 0x0020, 0x0020, 0x0020, 0x0820, 0x0020, 0x0820, 0x0820, 0x0820,
  0x1061, 0x0841, 0x0841, 0x0841, 0x0820, 0x0020, 0x0000, 0x0000, 0x0800, 0x0800, 0x0020, 0x0020,
  0x1840, 0x0000, 0x0020, 0x0020, 0x0000, 0x0000, 0x0000, 0x0000, 0x0000, 0x0000, 0x0000, 0x0800,
  0x0000, 0x0800, 0x0000, 0x0000, 0x0000, 0x0000, 0x0000, 0x0000, 0x0000, 0x0000, 0x0000, 0x0000,
  0x0000, 0x0000, 0x0000, 0x0000, 0x59C1, 0xFBA0, 0xFB20, 0xFB20, 0xFB20, 0xFB20, 0xFB80, 0x89E0,
  0x0000, 0x0000, 0x0000, 0x0000, 0x0000, 0x0000, 0x0000, 0x0000, 0x0000, 0x0000, 0x0000, 0x0000,
  0x0000, 0x0000, 0x0000, 0x94B2, 0xB596, 0xA514, 0xB596, 0xB596, 0xB596, 0x94B2, 0x0000, 0x0000,
  0x0000, 0x0000, 0x0000, 0x0000, 0x0000, 0x0000, 0x0000, 0x0000, 0x0000, 0x0000, 0x0000, 0x0000,
  0x0000, 0x7BEF, 0xB596, 0xA514, 0xB596, 0xB596, 0xB596, 0xA514, 0x0820, 0x0000, 0x0000, 0x3185,
  0xBDF7, 0xB596, 0xB596, 0xB596, 0xA514, 0xBDF7, 0x4A28, 0x0000, 0x528A, 0xBDF7, 0xB596, 0xB596,
  0xB596, 0xA514, 0xB596, 0x94B2, 0x0000, 0x0000, 0x0000, 0x0000, 0x0000, 0x0000, 0x0000, 0x0000,
  0x0000, 0x94B2, 0xB596, 0xA514, 0xB596, 0xB596, 0xA514, 0xBDF7, 0x62EB, 0x0000, 0x528A, 0xD69A,
  0xB596, 0xB596, 0xB596, 0xB596, 0xBDF7, 0x3185, 0x0000, 0x0000, 0x0000, 0x0000, 0x0000, 0x0000,
  0x0000, 0x0000, 0x0000, 0x0000, 0x0000, 0x0000, 0x0000, 0x0000, 0x0000, 0x0000, 0x0000, 0x0000,
  0x0000, 0x0000, 0x0000, 0x0000, 0x0000, 0x18C3, 0xDB41, 0xFB80, 0xFB80, 0xFBA0, 0xFBA0, 0xFC20,
  0x7262, 0x0000, 0x0000, 0x0000, 0x0000, 0x0000, 0x0000, 0x0000, 0x0000, 0x0000, 0x0000, 0x0000,
  0x0000, 0x0000, 0x0000, 0x0000, 0x0800, 0x2060, 0x0800, 0x0800, 0x0000, 0x0000, 0x0800, 0x1840,
  0x0800, 0x0800, 0x0800, 0x0000, 0x0000, 0x0000, 0x0000, 0x0800, 0x0000, 0x0800, 0x0000, 0x0820,
  0x1840, 0x1020, 0x5940, 0x1840, 0x0800, 0x0800, 0x0800, 0x0000, 0x0000, 0x0000, 0x0000, 0x0000,
  0x0800, 0x0820, 0x0800, 0x0000, 0x0000, 0x0000, 0x0000, 0x0820, 0x1840, 0x0000, 0x0000, 0x0000,
  0x0000, 0x0000, 0x0000, 0x0000, 0x0000, 0x0000, 0x0000, 0x0000, 0x0000, 0x0000, 0x0000, 0x0000,
  0x0000, 0x0000, 0x0000, 0x0000, 0x0000, 0x0000, 0x0000, 0x0000, 0x0000, 0x0000, 0x0000, 0x0000,
  0x0000, 0x0000, 0x0000, 0x0000, 0x0000, 0x0000, 0x0000, 0x0000, 0x1020, 0x1840, 0x0800, 0x0000,
  0x0000, 0x0000, 0x0000, 0x0000, 0x1020, 0x1020, 0x0000, 0x1840, 0x0800, 0x0800, 0x0000, 0x0000,
  0x0000, 0x0800, 0x0800, 0x0000, 0x0800, 0x1020, 0x1020, 0x0000, 0x0000, 0x0820, 0x0800, 0x0000,
  0x1020, 0x0800, 0x0820, 0x1840, 0x0800, 0x0000, 0x2944, 0x39C7, 0x3185, 0x2103, 0x10A2, 0x0000,
  0x0820, 0x0820, 0x0000, 0x3185, 0x2103, 0x0800, 0x0000, 0x0020, 0x1061, 0x1061, 0x0820, 0x0841,
  0x0841, 0x0820, 0x0820, 0x0820, 0x0820, 0x0820, 0x0841, 0x0841, 0x0841, 0x0020, 0x0020, 0x0000,
  0x0800, 0x0820, 0x0820, 0x0800, 0x0020, 0x1020, 0x1840, 0x0000, 0x71C0, 0x3185, 0x0000, 0x0000,
  0x0000, 0x0000, 0x0000, 0x0000, 0x0000, 0x0800, 0x0000, 0x0000, 0x0000, 0x0000, 0x0800, 0x0000,
  0x0800, 0x0000, 0x0000, 0x0000, 0x0000, 0x0000, 0x0000, 0x0000, 0x0000, 0x0000, 0x0000, 0x0000,
  0x59C1, 0xFBA0, 0xFB20, 0xFB20, 0xFB20, 0xFB20, 0xFB80, 0x89E0, 0x0000, 0x0000, 0x0000, 0x0000,
  0x0000, 0x0000, 0x0000, 0x0000, 0x0000, 0x0000, 0x0000, 0x0000, 0x0000, 0x0000, 0x0000, 0x94B2,
  0xB596, 0xA514, 0xA514, 0xA514, 0xB596, 0xB596, 0x8C51, 0x7BEF, 0x8C51, 0x8C51, 0x8C51, 0x8C51,
  0x8C51, 0x8C51, 0x8C51, 0x8C51, 0x8C51, 0x8C51, 0x8C51, 0x8C51, 0x8C51, 0xA514, 0xB596, 0xA514,
  0xA514, 0xA514, 0xB596, 0xA514, 0x0820, 0x0000, 0x0000, 0x3185, 0xBDF7, 0xA514, 0xB596, 0xA514,
  0xB596, 0xBDF7, 0x4A28, 0x0000, 0x0000, 0x8C51, 0xB596, 0xA514, 0xA514, 0xB596, 0xA514, 0xBDF7,
  0x62EB, 0x0000, 0x0020, 0x0000, 0x0000, 0x0000, 0x0020, 0x0000, 0x528A, 0xBDF7, 0xA514, 0xB596,
  0xA514, 0xB596, 0xB596, 0x94B2, 0x0000, 0x0000, 0x4A28, 0xBDF7, 0xB596, 0xB596, 0xB596, 0xB596,
  0xBDF7, 0x3185, 0x0000, 0x0000, 0x0000, 0x7262, 0xAB21, 0xAB21, 0xAB21, 0xAB21, 0xAB21, 0xAB21,
  0xAB21, 0xAB21, 0xAB21, 0xAB21, 0xAB21, 0xAB21, 0xAB21, 0xAB21, 0xAB21, 0xAB21, 0xAB21, 0xAB21,
  0xAB21, 0xFC20, 0xFBA0, 0xFB80, 0xFB80, 0xFB80, 0xFB80, 0xFC20, 0x10A2, 0x0000, 0x0000, 0x0000,
  0x0000, 0x0000, 0x0000, 0x0000, 0x0000, 0x0000, 0x0000, 0x0000, 0x0000, 0x0000, 0x0000, 0x0000,
  0x2060, 0x40A0, 0x0800, 0x0800, 0x0000, 0x0800, 0x0000, 0x2060, 0x0800, 0x0800, 0x0800, 0x0800,
  0x0800, 0x0800, 0x0820, 0x1020, 0x0800, 0x0800, 0x0000, 0x0820, 0x1840, 0x1840, 0x5940, 0x1840,
  0x0820, 0x0800, 0x0820, 0x0800, 0x0000, 0x0000, 0x0800, 0x0800, 0x0820, 0x2060, 0x0800, 0x0800,
  0x0800, 0x0000, 0x0000, 0x0820, 0x1840, 0x0800, 0x0800, 0x0800, 0x0800, 0x0000, 0x0000, 0x0000,
  0x0800, 0x0820, 0x0000, 0x0000, 0x0000, 0x0000, 0x0000, 0x0000, 0x0000, 0x0000, 0x0000, 0x0000,
  0x0000, 0x0000, 0x0000, 0x0000, 0x0000, 0x0000, 0x0000, 0x0000, 0x0000, 0x0000, 0x0000, 0x0000,
  0x0000, 0x0000, 0x0000, 0x0000, 0x0000, 0x0000, 0x0800, 0x0000, 0x0000, 0x0000, 0x1020, 0x1840,
  0x1020, 0x0000, 0x0000, 0x0000, 0x0800, 0x0000, 0x0800, 0x1020, 0x0800, 0x0800, 0x0800, 0x0000,
  0x0820, 0x0000, 0x0000, 0x0000, 0x0000, 0x0800, 0x0000, 0x0000, 0x1020, 0x0800, 0x0000, 0x0000,
  0x1840, 0x0820, 0x2944, 0x2944, 0x0820, 0x0000, 0x0820, 0x3185, 0x1840, 0x0000, 0x0000, 0x0000,
  0x0820, 0x0820, 0x0800, 0x0000, 0x0841, 0x0841, 0x0820, 0x0841, 0x0820, 0x0820, 0x0820, 0x0841,
  0x0820, 0x0820, 0x0020, 0x0020, 0x0000, 0x0000, 0x0800, 0x0820, 0x1020, 0x0820, 0x0000, 0x1840,
  0x0000, 0x2060, 0x7262, 0x0820, 0x18C3, 0x1061, 0x0000, 0x0000, 0x0000, 0x0000, 0x0000, 0x0800,
  0x0820, 0x0800, 0x0000, 0x0000, 0x0800, 0x0000, 0x0000, 0x0000, 0x0000, 0x0000, 0x0000, 0x0000,
  0x0000, 0x0000, 0x0000, 0x0000, 0x0000, 0x0000, 0x0000, 0x0000, 0x59C1, 0xFB80, 0xF2C0, 0xFB20,
  0xFB20, 0xF2C0, 0xFB80, 0x89E0, 0x0000, 0x0000, 0x0000, 0x0000, 0x0000, 0x0000, 0x0000, 0x0000,
  0x0000, 0x0000, 0x0000, 0x0000, 0x0000, 0x0000, 0x0000, 0x94B2, 0xB596, 0xA514, 0xA514, 0xB596,
  0xA514, 0xA514, 0xB596, 0xB596, 0xB596, 0xB596, 0xB596, 0xB596, 0xB596, 0xB596, 0xB596, 0xB596,
  0xB596, 0xB596, 0xB596, 0xB596, 0xB596, 0xA514, 0xA514, 0xA514, 0xA514, 0xA514, 0xA514, 0x94B2,
  0x0820, 0x0000, 0x0000, 0x3185, 0xB596, 0xA514, 0xA514, 0xA514, 0xA514, 0xBDF7, 0x4A28, 0x0000,
  0x0000, 0x2103, 0xB596, 0xA514, 0xA514, 0xA514, 0xA514, 0xA514, 0xB596, 0x18C3, 0x0000, 0x0000,
  0x0000, 0x0000, 0x0000, 0x18C3, 0xB596, 0xA514, 0xA514, 0xA514, 0xA514, 0xA514, 0xB596, 0x2944,
  0x0000, 0x0000, 0x4A28, 0xBDF7, 0xB596, 0xB596, 0xB596, 0xB596, 0xBDF7, 0x3185, 0x0000, 0x0000,
  0x0000, 0xAB21, 0xFBA0, 0xFB80, 0xFB80, 0xFB80, 0xFB80, 0xFB80, 0xFB80, 0xFB80, 0xFB80, 0xFB80,
  0xFB80, 0xFB80, 0xFB80, 0xFB80, 0xFB80, 0xFB80, 0xFB80, 0xFBA0, 0xFB80, 0xFB80, 0xFB20, 0xFB80,
  0xFB80, 0xFB80, 0xFC20, 0x7262, 0x0000, 0x0000, 0x0000, 0x0000, 0x0000, 0x0000, 0x0000, 0x0000,
  0x0000, 0x0000, 0x0800, 0x0800, 0x0800, 0x0800, 0x0820, 0x0800, 0x40E0, 0x3080, 0x0000, 0x0820,
  0x0820, 0x0820, 0x0820, 0x3080, 0x0820, 0x0800, 0x0800, 0x0800, 0x0800, 0x0800, 0x0820, 0x1840,
  0x0820, 0x0800, 0x0800, 0x1020, 0x1840, 0x1840, 0x71C0, 0x1840, 0x1020, 0x0820, 0x0800, 0x0000,
  0x0000, 0x0000, 0x0800, 0x0820, 0x1020, 0x40A0, 0x0820, 0x0820, 0x0820, 0x0800, 0x0000, 0x1840,
  0x3080, 0x0820, 0x0820, 0x0820, 0x0820, 0x0800, 0x0800, 0x0000, 0x1020, 0x1020, 0x0000, 0x0000,
  0x0000, 0x0000, 0x0800, 0x0000, 0x0000, 0x0000, 0x0000, 0x0000, 0x0000, 0x0000, 0x0800, 0x0000,
  0x0000, 0x0000, 0x0000, 0x0000, 0x0000, 0x0000, 0x0000, 0x0000, 0x0000, 0x0000, 0x0000, 0x0000,
  0x0000, 0x1840, 0x0800, 0x0000, 0x0000, 0x1020, 0x1020, 0x1020, 0x0000, 0x0000, 0x0000, 0x0000,
  0x0000, 0x0820, 0x1020, 0x0800, 0x0800, 0x0800, 0x0000, 0x0800, 0x1840, 0x0000, 0x1020, 0x1840,
  0x0800, 0x0800, 0x0800, 0x0000, 0x0820, 0x0000, 0x0000, 0x0000, 0x2060, 0x0820, 0x0000, 0x0000,
  0x0000, 0x10A2, 0x30C0, 0x528A, 0x1020, 0x0000, 0x0000, 0x0000, 0x2944, 0x2944, 0x0000, 0x0000,
  0x0820, 0x0020, 0x0000, 0x0000, 0x0020, 0x0820, 0x0820, 0x0820, 0x0020, 0x0000, 0x0000, 0x0000,
  0x0800, 0x0800, 0x0820, 0x0820, 0x0800, 0x0800, 0x0000, 0x40E0, 0x59C1, 0x0000, 0x18C3, 0x0020,
  0x0000, 0x0800, 0x0000, 0x0000, 0x0000, 0x0000, 0x0800, 0x0820, 0x0000, 0x0000, 0x0000, 0x0000,
  0x0000, 0x0800, 0x0800, 0x0000, 0x0800, 0x0800, 0x0800, 0x0000, 0x0000, 0x0000, 0x0000, 0x0000,
  0x0000, 0x0000, 0x0000, 0x0000, 0x59C1, 0xFB80, 0xF2C0, 0xFB20, 0xF2C0, 0xF2C0, 0xFB20, 0x71C0,
  0x0000, 0x0000, 0x0000, 0x0000, 0x0000, 0x0000, 0x0000, 0x0000, 0x0000, 0x0000, 0x0000, 0x0000,
  0x0000, 0x0000, 0x0000, 0x94B2, 0xA514, 0xA514, 0xA514, 0xA514, 0xA514, 0xA514, 0xA514, 0xA514,
  0xA514, 0xA514, 0xA514, 0xA514, 0xA514, 0xA514, 0xA514, 0xA514, 0xA514, 0x94B2, 0xA514, 0x94B2,
  0x94B2, 0xA514, 0xA514, 0xA514, 0xA514, 0xA514, 0xA514, 0x94B2, 0x0820, 0x0000, 0x0000, 0x3185,
  0xB596, 0xA514, 0xA514, 0xA514, 0xA514, 0xB596, 0x4A28, 0x0000, 0x0820, 0x0000, 0x62EB, 0xB596,
  0xA514, 0xA514, 0xA514, 0xA514, 0xB596, 0x8C51, 0x0000, 0x0000, 0x0000, 0x0020, 0x0000, 0x8C51,
  0xB596, 0xA514, 0xA514, 0xA514, 0xA514, 0xBDF7, 0x6B4D, 0x0000, 0x0020, 0x0000, 0x4A28, 0xBDF7,
  0xA514, 0xB596, 0xA514, 0xA514, 0xBDF7, 0x3185, 0x0000, 0x0000, 0x0000, 0xAB21, 0xFB20, 0xFB20,
  0xFB20, 0xFB20, 0xFB20, 0xFB20, 0xFB20, 0xFB20, 0xFB20, 0xFB20, 0xFB20, 0xFB20, 0xFB20, 0xFB20,
  0xFB20, 0xFB80, 0xFB20, 0xFB80, 0xFB20, 0xFB80, 0xFB80, 0xFB80, 0xFB80, 0xFBA0, 0x7262, 0x0000,
  0x0000, 0x0000, 0x0000, 0x0000, 0x0000, 0x0000, 0x0000, 0x0000, 0x0000, 0x0000, 0x0800, 0x0800,
  0x0800, 0x0800, 0x0800, 0x0820, 0x3080, 0x40A0, 0x1020, 0x0820, 0x1020, 0x0820, 0x1020, 0x3080,
  0x0800, 0x0800, 0x0800, 0x0820, 0x0800, 0x0820, 0x1840, 0x40E0, 0x0820, 0x1840, 0x1840, 0x2060,
  0x2060, 0x2060, 0xA260, 0x1840, 0x1020, 0x1020, 0x1020, 0x0820, 0x0820, 0x0820, 0x0820, 0x0800,
  0x1020, 0x40E0, 0x1840, 0x1840, 0x0820, 0x0800, 0x0000, 0x1840, 0x40A0, 0x0000, 0x0820, 0x1020,
  0x1020, 0x0800, 0x0000, 0x0000, 0x1840, 0x1840, 0x0000, 0x0000, 0x0000, 0x0000, 0x0800, 0x0000,
  0x0000, 0x0000, 0x0000, 0x0000, 0x0000, 0x0000, 0x1020, 0x0000, 0x0000, 0x0000, 0x0000, 0x0000,
  0x0000, 0x0000, 0x0000, 0x0000, 0x0000, 0x0000, 0x0000, 0x0000, 0x0841, 0x1020, 0x0000, 0x0000,
  0x0000, 0x2060, 0x1840, 0x0820, 0x0820, 0x0000, 0x0000, 0x0000, 0x0800, 0x0800, 0x0000, 0x0820,
  0x0800, 0x0020, 0x1020, 0x1840, 0x0800, 0x0000, 0x1020, 0x1840, 0x0800, 0x0000, 0x1840, 0x0800,
  0x0000, 0x0820, 0x0000, 0x0020, 0x1020, 0x1020, 0x0820, 0x1061, 0x4A28, 0x3185, 0x30C0, 0x0000,
  0x0000, 0x0000, 0x0000, 0x0000, 0x0841, 0x0841, 0x1840, 0x1020, 0x0020, 0x0820, 0x0000, 0x0020,
  0x0020, 0x0020, 0x0020, 0x0000, 0x0000, 0x0800, 0x0820, 0x0020, 0x0020, 0x0820, 0x0800, 0x0000,
  0x59C1, 0x2944, 0x0000, 0x0841, 0x1061, 0x0000, 0x0000, 0x0000, 0x18C3, 0x2944, 0x0000, 0x0020,
  0x0000, 0x0000, 0x0000, 0x0000, 0x0000, 0x0000, 0x0800, 0x0800, 0x0000, 0x0000, 0x0000, 0x0800,
  0x0800, 0x0000, 0x0000, 0x0000, 0x0000, 0x0800, 0x0000, 0x0000, 0x0000, 0x0000, 0x0000, 0x0000,
  0x59C1, 0xFB20, 0xF2C0, 0xF2C0, 0xF2C0, 0xFB20, 0xFB20, 0x71C0, 0x0000, 0x0000, 0x0000, 0x0000,
  0x0000, 0x0000, 0x0000, 0x0000, 0x0000, 0x0000, 0x0000, 0x0000, 0x0000, 0x0000, 0x0000, 0x94B2,
  0xA514, 0xA514, 0xA514, 0xA514, 0xA514, 0xA514, 0xA514, 0xA514, 0xA514, 0xA514, 0xA514, 0xA514,
  0xA514, 0xA514, 0xA514, 0x94B2, 0xA514, 0xA514, 0x94B2, 0xA514, 0xA514, 0xA514, 0x94B2, 0xA514,
  0x94B2, 0xA514, 0xA514, 0x94B2, 0x0820, 0x0000, 0x0000, 0x3185, 0xB596, 0xA514, 0xA514, 0xA514,
  0xA514, 0xB596, 0x4A28, 0x0000, 0x0000, 0x0000, 0x0020, 0x8C51, 0xA514, 0x94B2, 0xA514, 0xA514,
  0x94B2, 0xBDF7, 0x4A28, 0x0000, 0x0820, 0x0000, 0x4A28, 0xB596, 0x94B2, 0xA514, 0xA514, 0xA514,
  0xA514, 0x94B2, 0x0841, 0x0000, 0x0000, 0x0000, 0x4A28, 0xB596, 0xA514, 0xA514, 0xB596, 0xA514,
  0xBDF7, 0x3185, 0x0000, 0x0000, 0x0000, 0xAB21, 0xFB20, 0xFB20, 0xFB20, 0xFB20, 0xFB20, 0xFB20,
  0xF2C0, 0xFB20, 0xFB20, 0xFB20, 0xFB20, 0xFB20, 0xFB20, 0xFB20, 0xFB20, 0xFB20, 0xFB20, 0xFB80,
  0xFB80, 0xFB20, 0xFB80, 0xFB20, 0xFB80, 0xFB80, 0x7262, 0x0000, 0x0000, 0x0800, 0x0800, 0x0800,
  0x0820, 0x0820, 0x0820, 0x0800, 0x0800, 0x0800, 0x0820, 0x0820, 0x0820, 0x0820, 0x0800, 0x1840,
  0x50E0, 0x40A0, 0x3080, 0x1840, 0x0820, 0x0820, 0x1020, 0x6100, 0x1020, 0x1840, 0x1020, 0x0820,
  0x0820, 0x0800, 0x1840, 0x40E0, 0x0800, 0x1020, 0x1840, 0x3080, 0x3080, 0x3080, 0xA260, 0x1840,
  0x1020, 0x1840, 0x1840, 0x1020, 0x1020, 0x0820, 0x0820, 0x0820, 0x1840, 0x5940, 0x1840, 0x1840,
  0x1020, 0x0820, 0x0820, 0x3080, 0x40A0, 0x0800, 0x1020, 0x1840, 0x1840, 0x1020, 0x0820, 0x0000,
  0x2060, 0x3080, 0x0000, 0x0820, 0x0000, 0x0000, 0x0800, 0x0000, 0x0000, 0x0000, 0x0000, 0x0000,
  0x0000, 0x0000, 0x2060, 0x0000, 0x0000, 0x0000, 0x0000, 0x0000, 0x0000, 0x0000, 0x0000, 0x0000,
  0x0000, 0x0000, 0x0000, 0x0000, 0x0000, 0x0000, 0x0000, 0x0800, 0x1020, 0x1840, 0x1020, 0x0000,
  0x0000, 0x0820, 0x0000, 0x0000, 0x0000, 0x0000, 0x1020, 0x1840, 0x1020, 0x1020, 0x0820, 0x0000,
  0x0000, 0x0000, 0x0000, 0x0000, 0x10A2, 0x0820, 0x1020, 0x1020, 0x0000, 0x0820, 0x0820, 0x0000,
  0x0800, 0x2060, 0x2060, 0x0000, 0x10A2, 0x0000, 0x0000, 0x0000, 0x4A28, 0x30C0, 0x0000, 0x0000,
  0x0000, 0x2944, 0x30C0, 0x0800, 0x0000, 0x0020, 0x0820, 0x0020, 0x0000, 0x0000, 0x0000, 0x0800,
  0x0800, 0x0820, 0x0820, 0x1020, 0x0000, 0x2060, 0x59C1, 0x0000, 0x2103, 0x10A2, 0x0000, 0x0000,
  0x0000, 0x0841, 0x2944, 0x0000, 0x10A2, 0x4A28, 0x0841, 0x0000, 0x0000, 0x0800, 0x0000, 0x0000,
  0x0800, 0x0000, 0x0000, 0x0000, 0x0000, 0x0000, 0x0000, 0x0000, 0x0820, 0x0800, 0x0000, 0x0000,
  0x0800, 0x0800, 0x0000, 0x0000, 0x0000, 0x0000, 0x0000, 0x0000, 0x59C1, 0xFB20, 0xF2C0, 0xF2C0,
  0xF2C0, 0xF2C0, 0xFB20, 0x71C0, 0x0000, 0x0000, 0x0000, 0x0000, 0x0000, 0x0000, 0x0000, 0x0000,
  0x0000, 0x0000, 0x0000, 0x0000, 0x0000, 0x0000, 0x0000, 0x94B2, 0xA514, 0xA514, 0x94B2, 0xA514,
  0x94B2, 0xA514, 0xA514, 0xA514, 0xA514, 0xA514, 0xA514, 0xA514, 0x94B2, 0xA514, 0x94B2, 0xA514,
  0x94B2, 0xA514, 0xA514, 0x94B2, 0x94B2, 0x94B2, 0x94B2, 0xA514, 0x94B2, 0x94B2, 0xA514, 0x94B2,
  0x0820, 0x0000, 0x0000, 0x3185, 0xB596, 0x94B2, 0xA514, 0xA514, 0x94B2, 0xB596, 0x4A28, 0x0000,
  0x0000, 0x0000, 0x0000, 0x39C7, 0xA514, 0x94B2, 0xA514, 0x94B2, 0x94B2, 0x94B2, 0xA514, 0x1061,
  0x0000, 0x1061, 0xA514, 0xA514, 0xA514, 0x94B2, 0xA514, 0x94B2, 0xB596, 0x39C7, 0x0000, 0x0000,
  0x0000, 0x0000, 0x4A28, 0xB596, 0xA514, 0xA514, 0xA514, 0xA514, 0xB596, 0x3185, 0x0000, 0x0000,
  0x0000, 0xAB21, 0xFB20, 0xFB20, 0xFB20, 0xFB20, 0xFB20, 0xFB20, 0xFB20, 0xFB20, 0xFB20, 0xFB20,
  0xFB20, 0xFB20, 0xFB20, 0xFB80, 0xFB20, 0xFB80, 0xFB20, 0xFB80, 0xFB20, 0xFB80, 0xFB20, 0xFB80,
  0xFB20, 0xFB20, 0xFBA0, 0xA260, 0x0000, 0x0800, 0x0800, 0x0820, 0x1020, 0x1840, 0x1020, 0x1020,
  0x0820, 0x1840, 0x2060, 0x1840, 0x1840, 0x1840, 0x1020, 0x3080, 0x40A0, 0x3080, 0x50E0, 0x1840,
  0x1020, 0x1840, 0x2060, 0x7140, 0x1840, 0x1840, 0x1020, 0x1020, 0x0820, 0x0820, 0x3080, 0x5940,
  0x0820, 0x1020, 0x1840, 0x3080, 0x2060, 0x3080, 0xBA20, 0x2060, 0x1840, 0x1840, 0x1840, 0x1840,
  0x1020, 0x1020, 0x1020, 0x1020, 0x1840, 0x40E0, 0x1840, 0x1840, 0x1840, 0x1020, 0x0820, 0x3080,
  0x40E0, 0x1020, 0x0820, 0x1840, 0x1840, 0x0820, 0x1020, 0x0820, 0x3080, 0x3080, 0x0800, 0x0820,
  0x0800, 0x0000, 0x0800, 0x0000, 0x0800, 0x0800, 0x0000, 0x0000, 0x0000, 0x0000, 0x40A0, 0x0800,
  0x0000, 0x0000, 0x0000, 0x0000, 0x0000, 0x0000, 0x0000, 0x0000, 0x0000, 0x0000, 0x0000, 0x0000,
  0x0000, 0x0000, 0x0000, 0x0000, 0x0000, 0x0820, 0x0820, 0x0000, 0x0000, 0x0000, 0x0000, 0x0800,
  0x1020, 0x1840, 0x1020, 0x0820, 0x0000, 0x0000, 0x0000, 0x0000, 0x0000, 0x0000, 0x0000, 0x1061,
  0x2103, 0x0820, 0x0000, 0x0820, 0x0800, 0x0000, 0x0820, 0x0000, 0x0000, 0x1020, 0x1840, 0x0000,
  0x0000, 0x0841, 0x1061, 0x18C3, 0x2103, 0x0020, 0x0000, 0x0800, 0x0800, 0x0020, 0x2944, 0x1840,
  0x0800, 0x0000, 0x0000, 0x0000, 0x0800, 0x0800, 0x0800, 0x0020, 0x0800, 0x0000, 0x0000, 0x59C1,
  0x2103, 0x0000, 0x2103, 0x0000, 0x0000, 0x0000, 0x0000, 0x2103, 0x10A2, 0x0000, 0x39C7, 0x2944,
  0x0000, 0x10A2, 0x0820, 0x0000, 0x0800, 0x1020, 0x1840, 0x0820, 0x0820, 0x0000, 0x0000, 0x0000,
  0x0000, 0x0000, 0x0000, 0x0000, 0x0800, 0x0800, 0x0800, 0x0000, 0x0000, 0x0000, 0x0000, 0x0000,
  0x0000, 0x0000, 0x0000, 0x0000, 0x59C1, 0xFB20, 0xF2C0, 0xF2C0, 0xF2C0, 0xF2C0, 0xFB20, 0x71C0,
  0x0000, 0x0000, 0x0000, 0x0000, 0x0000, 0x0000, 0x0000, 0x0000, 0x0000, 0x0000, 0x0000, 0x0000,
  0x0000, 0x0000, 0x0000, 0x94B2, 0xA514, 0x94B2, 0x94B2, 0x94B2, 0x94B2, 0xA514, 0x94B2, 0x94B2,
  0x94B2, 0x94B2, 0xA514, 0x94B2, 0x94B2, 0x94B2, 0x94B2, 0x94B2, 0x94B2, 0x94B2, 0x94B2, 0x94B2,
  0x94B2, 0x94B2, 0x94B2, 0x94B2, 0x94B2, 0x94B2, 0xA514, 0x94B2, 0x0820, 0x0000, 0x0000, 0x3185,
  0xB596, 0x94B2, 0xA514, 0x94B2, 0x94B2, 0xB596, 0x4A28, 0x0000, 0x0000, 0x0000, 0x0000, 0x0000,
  0x73AE, 0xA514, 0x94B2, 0x94B2, 0x94B2, 0x94B2, 0xA514, 0x73AE, 0x0000, 0x73AE, 0xA514, 0x94B2,
  0x94B2, 0x94B2, 0x94B2, 0xA514, 0x73AE, 0x0000, 0x0000, 0x0000, 0x0020, 0x0000, 0x4A28, 0xB596,
  0x94B2, 0xA514, 0xA514, 0x94B2, 0xB596, 0x3185, 0x0000, 0x0000, 0x0000, 0xB2C0, 0xFB20, 0xF2C0,
  0xFB20, 0xF2C0, 0xFB20, 0xF2C0, 0xDAC0, 0xDAC0, 0xF2C0, 0xDAC0, 0xDAC0, 0xDAC0, 0xDAC0, 0xDAC0,
  0xDAC0, 0xDAC0, 0xDAC0, 0xDAC0, 0xDAC0, 0xFB20, 0xFB20, 0xFB20, 0xFB20, 0xFB20, 0xFB20, 0xFBA0,
  0x59C1, 0x0000, 0x0000, 0x0000, 0x0000, 0x0000, 0x0000, 0x0800, 0x0800, 0x1840, 0x3080, 0x0800,
  0x1020, 0x3080, 0x1840, 0x40A0, 0x2060, 0x2060, 0x50E0, 0x3080, 0x2060, 0x1840, 0x3080, 0x50E0,
  0x3080, 0x40E0, 0x2060, 0x2060, 0x1840, 0x1840, 0x40A0, 0x5940, 0x2060, 0x2060, 0x2060, 0x50E0,
  0x1840, 0x40A0, 0xD220, 0x40A0, 0x2060, 0x2060, 0x40A0, 0x2060, 0x1840, 0x1840, 0x0820, 0x1020,
  0x1840, 0x5940, 0x1840, 0x2060, 0x1840, 0x1840, 0x0820, 0x3080, 0x6100, 0x2060, 0x1840, 0x3080,
  0x3080, 0x1020, 0x1840, 0x1020, 0x40A0, 0x40A0, 0x0800, 0x0800, 0x0000, 0x0000, 0x0800, 0x0000,
  0x0800, 0x0800, 0x0000, 0x0800, 0x0000, 0x0800, 0x3080, 0x0000, 0x0000, 0x0000, 0x0000, 0x0000,
  0x0000, 0x0000, 0x0800, 0x0000, 0x0000, 0x0000, 0x0000, 0x0000, 0x0000, 0x0000, 0x0000, 0x0000,
  0x0800, 0x0000, 0x0000, 0x0800, 0x0000, 0x1020, 0x1840, 0x1840, 0x0820, 0x0000, 0x0000, 0x0000,
  0x0000, 0x0000, 0x0820, 0x1840, 0x1840, 0x1020, 0x1840, 0x1020, 0x0000, 0x0000, 0x0000, 0x0800,
  0x0820, 0x0000, 0x0820, 0x0800, 0x0000, 0x0800, 0x0000, 0x0020, 0x0000, 0x39C7, 0x2103, 0x0841,
  0x0000, 0x2944, 0x2944, 0x0800, 0x0000, 0x0000, 0x18C3, 0x0820, 0x0800, 0x0000, 0x0000, 0x0820,
  0x0020, 0x1020, 0x0820, 0x0000, 0x40E0, 0x2944, 0x0000, 0x10A2, 0x0841, 0x0000, 0x0000, 0x0000,
  0x2103, 0x2103, 0x0000, 0x3185, 0x39C7, 0x0000, 0x10A2, 0x18C3, 0x0000, 0x0000, 0x1020, 0x10A2,
  0x0000, 0x0000, 0x0800, 0x0820, 0x0000, 0x0000, 0x0800, 0x0000, 0x0000, 0x0000, 0x0800, 0x0000,
  0x0000, 0x0000, 0x0000, 0x0000, 0x0000, 0x0000, 0x0000, 0x0000, 0x0000, 0x0000, 0x0000, 0x0000,
  0x59C1, 0xFB20, 0xE260, 0xF2C0, 0xF2C0, 0xE260, 0xFB20, 0x71C0, 0x0000, 0x0000, 0x0000, 0x0000,
  0x0000, 0x0000, 0x0000, 0x0000, 0x0000, 0x0000, 0x0000, 0x0000, 0x0000, 0x0000, 0x0000, 0x8C51,
  0x94B2, 0x94B2, 0x94B2, 0x94B2, 0xA514, 0x94B2, 0x10A2, 0x1061, 0x10A2, 0x10A2, 0x10A2, 0x10A2,
  0x1061, 0x1061, 0x10A2, 0x1061, 0x1061, 0x10A2, 0x1061, 0x10A2, 0x0820, 0x73AE, 0xA514, 0x94B2,
  0x94B2, 0x94B2, 0x94B2, 0x8C51, 0x0820, 0x0000, 0x0000, 0x3185, 0xA514, 0x94B2, 0x94B2, 0x94B2,
  0x94B2, 0xA514, 0x4A28, 0x0000, 0x0000, 0x0000, 0x0000, 0x0000, 0x10A2, 0x94B2, 0x8C51, 0x94B2,
  0x94B2, 0x8C51, 0x94B2, 0xA514, 0x7BEF, 0xA514, 0x8C51, 0x94B2, 0x94B2, 0x94B2, 0x94B2, 0xA514,
  0x10A2, 0x0000, 0x0000, 0x0000, 0x0020, 0x0000, 0x4A28, 0xA514, 0x94B2, 0x94B2, 0x94B2, 0x94B2,
  0xB596, 0x3185, 0x0000, 0x0000, 0x0000, 0xB2C0, 0xFB20, 0xF2C0, 0xF2C0, 0xF2C0, 0xFB20, 0xB2C0,
  0x0820, 0x0820, 0x0820, 0x0820, 0x0820, 0x0820, 0x0820, 0x0820, 0x1020, 0x0020, 0x0020, 0x0820,
  0x0020, 0x2060, 0xDAC0, 0xFB20, 0xFB20, 0xFB20, 0xF2C0, 0xFB20, 0xB2C0, 0x0000, 0x0800, 0x0800,
  0x0800, 0x0820, 0x1020, 0x1840, 0x1020, 0x2060, 0x3080, 0x0000, 0x0000, 0x40A0, 0x50E0, 0x40A0,
  0x3080, 0x2060, 0x50E0, 0x3080, 0x1840, 0x1840, 0x40A0, 0x7140, 0x2060, 0x40A0, 0x1020, 0x1840,
  0x1840, 0x1840, 0x40A0, 0x7140, 0x3080, 0x3080, 0x3080, 0x6100, 0x3080, 0x6100, 0xBA20, 0x40A0,
  0x50E0, 0x40A0, 0x40A0, 0x40A0, 0x40E0, 0x40E0, 0x1840, 0x2060, 0x30C0, 0x7140, 0x2060, 0x3080,
  0x2060, 0x1840, 0x2060, 0x50E0, 0x7140, 0x2060, 0x1840, 0x3080, 0x30C0, 0x1020, 0x1840, 0x1840,
  0x40E0, 0x40A0, 0x0820, 0x0820, 0x0820, 0x0800, 0x0800, 0x0800, 0x1840, 0x1020, 0x0000, 0x0800,
  0x0000, 0x0800, 0x40E0, 0x0000, 0x0000, 0x0000, 0x0800, 0x0000, 0x0000, 0x0000, 0x0800, 0x0000,
  0x0000, 0x0000, 0x0000, 0x0000, 0x0000, 0x0000, 0x1020, 0x1020, 0x0820, 0x0000, 0x0000, 0x0800,
  0x1020, 0x1840, 0x0800, 0x0000, 0x0000, 0x0000, 0x0000, 0x0000, 0x1020, 0x1840, 0x1840, 0x1020,
  0x0820, 0x1020, 0x0000, 0x0000, 0x0000, 0x1840, 0x1840, 0x0000, 0x1020, 0x0000, 0x0000, 0x1020,
  0x0000, 0x0000, 0x0820, 0x1840, 0x1840, 0x0800, 0x0820, 0x1061, 0x10A2, 0x3185, 0x18C3, 0x0000,
  0x0000, 0x0000, 0x0000, 0x0000, 0x0841, 0x0820, 0x1020, 0x0820, 0x0000, 0x1840, 0x59C1, 0x0000,
  0x10A2, 0x10A2, 0x0000, 0x0800, 0x0000, 0x0820, 0x2103, 0x0000, 0x2103, 0x4A28, 0x0820, 0x0020,
  0x2103, 0x1061, 0x0000, 0x0000, 0x10A2, 0x0000, 0x18C3, 0x3185, 0x0820, 0x0000, 0x0000, 0x0000,
  0x0000, 0x0000, 0x0000, 0x0000, 0x0000, 0x0000, 0x0000, 0x0800, 0x0000, 0x0000, 0x0000, 0x0800,
  0x0000, 0x0000, 0x0000, 0x0000, 0x0000, 0x0000, 0x0000, 0x0000, 0x59C1, 0xFB20, 0xE260, 0xE260,
  0xE260, 0xE260, 0xF2C0, 0x71C0, 0x0000, 0x0000, 0x0000, 0x0000, 0x0000, 0x0000, 0x0000, 0x0000,
  0x0000, 0x0000, 0x0000, 0x0000, 0x0000, 0x0000, 0x0000, 0x8C51, 0x94B2, 0x8C51, 0x94B2, 0x94B2,
  0x94B2, 0x8C51, 0x0000, 0x0000, 0x0000, 0x0000, 0x0000, 0x0000, 0x0000, 0x0000, 0x0000, 0x0000,
  0x0000, 0x0000, 0x0000, 0x0000, 0x0000, 0x73AE, 0x94B2, 0x8C51, 0x94B2, 0x8C51, 0x94B2, 0x8C51,
  0x0820, 0x0000, 0x0000, 0x3185, 0xA514, 0x8C51, 0x94B2, 0x94B2, 0x8C51, 0xA514, 0x4A28, 0x0000,
  0x0000, 0x0000, 0x0000, 0x0000, 0x0000, 0x4A28, 0x94B2, 0x8C51, 0x8C51, 0x94B2, 0x8C51, 0x8C51,
  0x94B2, 0x8C51, 0x8C51, 0x8C51, 0x94B2, 0x8C51, 0xA514, 0x4A28, 0x0000, 0x0000, 0x0000, 0x0000,
  0x0020, 0x0000, 0x4A28, 0xA514, 0x8C51, 0x94B2, 0x94B2, 0x94B2, 0xA514, 0x3185, 0x0000, 0x0000,
  0x0000, 0xB2C0, 0xF2C0, 0xF2C0, 0xF2C0, 0xF2C0, 0xFB20, 0xB2C0, 0x0020, 0x0000, 0x0000, 0x0000,
  0x0000, 0x0000, 0x0000, 0x0000, 0x0000, 0x0000, 0x0000, 0x0000, 0x0000, 0x0000, 0x40E0, 0xFB20,
  0xF2C0, 0xFB20, 0xFB20, 0xFB20, 0xFB80, 0x10A2, 0x0000, 0x0800, 0x0820, 0x1020, 0x1840, 0x1020,
  0x1840, 0x3080, 0x50E0, 0x1020, 0x1840, 0x40A0, 0x40A0, 0x40A0, 0x40A0, 0x40A0, 0x40A0, 0x3080,
  0x1840, 0x1840, 0x40A0, 0x89E0, 0x3080, 0x50E0, 0x40A0, 0x3080, 0x40A0, 0x2060, 0x50E0, 0x8960,
  0x1840, 0x1840, 0x2060, 0x7140, 0x3080, 0x7140, 0xDAC0, 0x50E0, 0x50E0, 0x3080, 0x3080, 0x2060,
  0x40A0, 0x50E0, 0x1840, 0x1840, 0x3080, 0x8960, 0x3080, 0x40A0, 0x3080, 0x3080, 0x40A0, 0x6100,
  0x7140, 0x2060, 0x1840, 0x40E0, 0x50E0, 0x3080, 0x2060, 0x2060, 0x50E0, 0x40A0, 0x3080, 0x1840,
  0x3080, 0x40A0, 0x0800, 0x0820, 0x2060, 0x1840, 0x0000, 0x0000, 0x0000, 0x0800, 0x40E0, 0x0000,
  0x0800, 0x0000, 0x0820, 0x0800, 0x0000, 0x0000, 0x0000, 0x0000, 0x0000, 0x0000, 0x0000, 0x0000,
  0x0820, 0x1840, 0x1840, 0x1020, 0x1840, 0x1020, 0x1840, 0x1020, 0x1840, 0x0800, 0x0000, 0x0000,
  0x0000, 0x0820, 0x1840, 0x1840, 0x1020, 0x0800, 0x0000, 0x0000, 0x0000, 0x0000, 0x0000, 0x0000,
  0x1020, 0x1020, 0x1840, 0x0000, 0x0820, 0x0000, 0x0000, 0x0820, 0x0820, 0x0000, 0x0000, 0x1840,
  0x1840, 0x0000, 0x2944, 0x39C7, 0x18C3, 0x0000, 0x0020, 0x10A2, 0x0800, 0x0000, 0x0020, 0x0000,
  0x0000, 0x0000, 0x1020, 0x71C0, 0x10A2, 0x0020, 0x2103, 0x0000, 0x0000, 0x0000, 0x0000, 0x18C3,
  0x18C3, 0x0000, 0x39C7, 0x18C3, 0x0000, 0x2103, 0x0841, 0x0000, 0x0000, 0x0000, 0x0000, 0x0841,
  0x3185, 0x0841, 0x0800, 0x0820, 0x0000, 0x0000, 0x0000, 0x0000, 0x0000, 0x0000, 0x0000, 0x0020,
  0x2103, 0x0000, 0x0020, 0x0841, 0x0820, 0x0000, 0x0000, 0x0000, 0x0000, 0x0000, 0x0000, 0x0000,
  0x0000, 0x0000, 0x0000, 0x0000, 0x59C1, 0xF2C0, 0xE260, 0xE260, 0xE260, 0xE260, 0xF2C0, 0x71C0,
  0x0000, 0x0000, 0x0000, 0x0000, 0x0000, 0x0000, 0x0000, 0x0000, 0x0000, 0x0000, 0x0000, 0x0000,
  0x0000, 0x0000, 0x0000, 0x8C51, 0x94B2, 0x8C51, 0x8C51, 0x8C51, 0x8C51, 0x8C51, 0x0000, 0x0000,
  0x0000, 0x0000, 0x0000, 0x0000, 0x0000, 0x0000, 0x0000, 0x0000, 0x0000, 0x0000, 0x0000, 0x0000,
  0x0000, 0x6B4D, 0x94B2, 0x8C51, 0x8C51, 0x8C51, 0x8C51, 0x8C51, 0x0820, 0x0000, 0x0000, 0x3185,
  0xA514, 0x8C51, 0x8C51, 0x8C51, 0x8C51, 0xA514, 0x4A28, 0x0000, 0x0000, 0x0000, 0x0000, 0x0000,
  0x0000, 0x0000, 0x7BEF, 0x8C51, 0x8C51, 0x8C51, 0x8C51, 0x8C51, 0x8C51, 0x8C51, 0x8C51, 0x8C51,
  0x8C51, 0x94B2, 0x7BEF, 0x0000, 0x0000, 0x0000, 0x0000, 0x0000, 0x0020, 0x0000, 0x4A28, 0xA514,
  0x8C51, 0x8C51, 0x8C51, 0x8C51, 0xA514, 0x3185, 0x0000, 0x0000, 0x0000, 0xB2C0, 0xF2C0, 0xF2C0,
  0xF2C0, 0xE260, 0xF2C0, 0xB2C0, 0x0000, 0x0000, 0x0000, 0x0000, 0x0000, 0x0000, 0x0000, 0x0000,
  0x0000, 0x0000, 0x0000, 0x0000, 0x0000, 0x0000, 0x5940, 0xFB20, 0xF2C0, 0xF2C0, 0xF2C0, 0xF2C0,
  0xFB20, 0x30C0, 0x0000, 0x0820, 0x0000, 0x1840, 0x1840, 0x0800, 0x0820, 0x3080, 0x50E0, 0x1840,
  0x40A0, 0x40A0, 0x3080, 0x3080, 0x40A0, 0x3080, 0x40A0, 0x6100, 0x40A0, 0x40A0, 0x50E0, 0x8960,
  0x50E0, 0x7140, 0x50E0, 0x3080, 0x7140, 0x3080, 0x50E0, 0xA1C0, 0x50E0, 0x3080, 0x40A0, 0x7140,
  0x40A0, 0x8960, 0xDAC0, 0x8960, 0x7140, 0x40A0, 0x50E0, 0x1840, 0x50E0, 0x7140, 0x50E0, 0x40A0,
  0x50E0, 0xA1C0, 0x3080, 0x3080, 0x2060, 0x2060, 0x1840, 0x50E0, 0x7140, 0x0000, 0x1020, 0x50E0,
  0x50E0, 0x2060, 0x1840, 0x1840, 0x2060, 0x3080, 0x40A0, 0x3080, 0x3080, 0x40A0, 0x2060, 0x2060,
  0x2060, 0x1840, 0x1840, 0x2060, 0x1840, 0x1840, 0x50E0, 0x1840, 0x1840, 0x1840, 0x1840, 0x1840,
  0x0820, 0x0820, 0x0800, 0x0800, 0x0800, 0x0000, 0x0000, 0x0000, 0x0820, 0x0000, 0x0000, 0x0000,
  0x0000, 0x0820, 0x0000, 0x0000, 0x1020, 0x0000, 0x0000, 0x0000, 0x1840, 0x1840, 0x0820, 0x0000,
  0x0000, 0x0000, 0x0000, 0x0000, 0x0000, 0x0820, 0x1840, 0x1840, 0x0000, 0x0800, 0x0820, 0x0800,
  0x0820, 0x0000, 0x0000, 0x0800, 0x1020, 0x0000, 0x0000, 0x0000, 0x1020, 0x0000, 0x0000, 0x0000,
  0x0000, 0x0000, 0x3185, 0x62EB, 0x0800, 0x0000, 0x1061, 0x0820, 0x0020, 0x0000, 0x0000, 0x2103,
  0x0841, 0x0000, 0x0800, 0x0000, 0x10A2, 0x2944, 0x0000, 0x10A2, 0x3185, 0x0020, 0x1061, 0x10A2,
  0x0000, 0x0800, 0x0000, 0x0000, 0x1061, 0x3185, 0x0820, 0x0000, 0x0820, 0x1840, 0x0000, 0x0000,
  0x2103, 0x1061, 0x0000, 0x0000, 0x0820, 0x39C7, 0x0841, 0x0020, 0x0020, 0x1061, 0x0000, 0x0820,
  0x0020, 0x0000, 0x0800, 0x0000, 0x0000, 0x0000, 0x0000, 0x0000, 0x0000, 0x0000, 0x0000, 0x0000,
  0x59C1, 0xF2C0, 0xE260, 0xE260, 0xE260, 0xE260, 0xF2C0, 0x71C0, 0x0000, 0x0000, 0x0000, 0x0000,
  0x0000, 0x0000, 0x0000, 0x0000, 0x0000, 0x0000, 0x0000, 0x0000, 0x0000, 0x0000, 0x0000, 0x8C51,
  0x8C51, 0x8C51, 0x8C51, 0x8C51, 0x8C51, 0x7BEF, 0x0020, 0x0000, 0x0000, 0x0000, 0x0000, 0x0000,
  0x0000, 0x0000, 0x0000, 0x0000, 0x0000, 0x0000, 0x0000, 0x0000, 0x0000, 0x6B4D, 0x94B2, 0x7BEF,
  0x8C51, 0x8C51, 0x8C51, 0x8C51, 0x0820, 0x0000, 0x0000, 0x3185, 0x94B2, 0x7BEF, 0x8C51, 0x8C51,
  0x7BEF, 0x94B2, 0x4A28, 0x0000, 0x0000, 0x0000, 0x0000, 0x0000, 0x0000, 0x0000, 0x2944, 0x94B2,
  0x8C51, 0x8C51, 0x8C51, 0x8C51, 0x7BEF, 0x8C51, 0x8C51, 0x8C51, 0x7BEF, 0x94B2, 0x2944, 0x0000,
  0x0000, 0x0000, 0x0000, 0x0000, 0x0020, 0x0000, 0x4A28, 0x94B2, 0x8C51, 0x8C51, 0x8C51, 0x8C51,
  0x94B2, 0x3185, 0x0000, 0x0000, 0x0000, 0xB2C0, 0xF2C0, 0xE260, 0xE260, 0xE260, 0xF2C0, 0xB2C0,
  0x1061, 0x1061, 0x1061, 0x1061, 0x1061, 0x1061, 0x1061, 0x1061, 0x1061, 0x1061, 0x1061, 0x1061,
  0x1061, 0x2103, 0xDAC0, 0xF2C0, 0xF2C0, 0xF2C0, 0xF2C0, 0xF2C0, 0xF2C0, 0x30C0, 0x0000, 0x0800,
  0x1840, 0x2060, 0x3080, 0x1020, 0x3080, 0x50E0, 0x50E0, 0x1840, 0x40A0, 0x3080, 0x40A0, 0x40A0,
  0x2060, 0x2060, 0x40A0, 0x6100, 0x40A0, 0x50E0, 0x7140, 0xA1C0, 0x40E0, 0x50E0, 0x50E0, 0x3080,
  0x7140, 0x3080, 0x6100, 0xA1C0, 0x6100, 0x40A0, 0x7140, 0xBA20, 0x7140, 0xA1C0, 0xD220, 0x8960,
  0x7140, 0x50E0, 0x7140, 0x40A0, 0x8960, 0x6100, 0x50E0, 0x6100, 0x6100, 0xA1C0, 0x40A0, 0x2060,
  0x2060, 0x1840, 0x40A0, 0x7140, 0x7140, 0x2060, 0x1840, 0x6100, 0x50E0, 0x1840, 0x3080, 0x1840,
  0x1840, 0x1840, 0x2060, 0x2060, 0x1020, 0x0820, 0x1020, 0x1020, 0x1840, 0x0000, 0x0800, 0x0800,
  0x1020, 0x1840, 0x6100, 0x1840, 0x1020, 0x1020, 0x1840, 0x1840, 0x2060, 0x2060, 0x1840, 0x2060,
  0x2060, 0x2060, 0x2060, 0x1840, 0x0000, 0x0000, 0x0820, 0x0800, 0x0800, 0x0000, 0x0820, 0x1840,
  0x0800, 0x0000, 0x0000, 0x0820, 0x1020, 0x0000, 0x0000, 0x0000, 0x0000, 0x0000, 0x0000, 0x1020,
  0x1020, 0x0820, 0x0820, 0x0820, 0x0000, 0x0800, 0x0800, 0x0820, 0x0800, 0x0000, 0x0000, 0x0800,
  0x0820, 0x0820, 0x0000, 0x0000, 0x0800, 0x0000, 0x0000, 0x1061, 0x39C7, 0x3185, 0x2944, 0x0820,
  0x0020, 0x0000, 0x1061, 0x1061, 0x0820, 0x0000, 0x0000, 0x0000, 0x0000, 0x0020, 0x2103, 0x0000,
  0x0841, 0x4A28, 0x18C3, 0x0000, 0x18C3, 0x1061, 0x0000, 0x0800, 0x0841, 0x0841, 0x2103, 0x0000,
  0x0841, 0x18C3, 0x0800, 0x0000, 0x0000, 0x2103, 0x10A2, 0x0000, 0x1061, 0x0020, 0x0000, 0x0000,
  0x0800, 0x10A2, 0x18C3, 0x0020, 0x0820, 0x10A2, 0x0000, 0x0000, 0x1020, 0x0000, 0x0000, 0x0800,
  0x0000, 0x0000, 0x0000, 0x0000, 0x0000, 0x0000, 0x0000, 0x0000, 0x59C1, 0xF2C0, 0xD220, 0xE260,
  0xD220, 0xD220, 0xE260, 0x71C0, 0x0000, 0x0000, 0x0000, 0x0000, 0x0000, 0x0000, 0x0000, 0x0000,
  0x0000, 0x0000, 0x0000, 0x0000, 0x0000, 0x0000, 0x0000, 0x7BEF, 0x7BEF, 0x7BEF, 0x7BEF, 0x7BEF,
  0x8C51, 0x7BEF, 0x0020, 0x0000, 0x0000, 0x0000, 0x0000, 0x0000, 0x0000, 0x0000, 0x0000, 0x0000,
  0x0000, 0x0000, 0x0000, 0x0020, 0x0000, 0x6B4D, 0x8C51, 0x7BEF, 0x7BEF, 0x7BEF, 0x7BEF, 0x7BEF,
  0x0820, 0x0000, 0x0000, 0x3185, 0x8C51, 0x7BEF, 0x7BEF, 0x7BEF, 0x7BEF, 0x94B2, 0x39C7, 0x0000,
  0x0000, 0x0000, 0x0000, 0x0000, 0x0000, 0x0000, 0x0000, 0x528A, 0x8C51, 0x7BEF, 0x7BEF, 0x7BEF,
  0x7BEF, 0x7BEF, 0x7BEF, 0x7BEF, 0x8C51, 0x528A, 0x0000, 0x0000, 0x0000, 0x0000, 0x0000, 0x0000,
  0x0020, 0x0000, 0x4A28, 0x94B2, 0x7BEF, 0x7BEF, 0x7BEF, 0x7BEF, 0x94B2, 0x3185, 0x0000, 0x0000,
  0x0000, 0xA260, 0xE260, 0xE260, 0xE260, 0xE260, 0xE260, 0xE260, 0xDAC0, 0xDAC0, 0xDAC0, 0xDAC0,
  0xDAC0, 0xDAC0, 0xDAC0, 0xDAC0, 0xDAC0, 0xDAC0, 0xDAC0, 0xDAC0, 0xDAC0, 0xF2C0, 0xF2C0, 0xE260,
  0xF2C0, 0xE260, 0xF2C0, 0xF2C0, 0xDAC0, 0x0020, 0x0000, 0x1020, 0x2060, 0x3080, 0x3080, 0x40A0,
  0x50E0, 0x50E0, 0x50E0, 0x40A0, 0x40A0, 0x1840, 0x50E0, 0x50E0, 0x50E0, 0x6100, 0x6100, 0x7140,
  0x50E0, 0x50E0, 0x7140, 0xA1C0, 0x50E0, 0x6100, 0x50E0, 0x3080, 0x7140, 0x1840, 0x8960, 0xA1C0,
  0x6100, 0x6100, 0xA1C0, 0xA1C0, 0x8960, 0xBA20, 0xF2C0, 0xBA20, 0x8960, 0x50E0, 0x8960, 0x40A0,
  0xA1C0, 0xA1C0, 0x6100, 0x40A0, 0x50E0, 0xA1C0, 0x3080, 0x1840, 0x1840, 0x1840, 0x3080, 0x8960,
  0x8960, 0x3080, 0x2060, 0x6100, 0x40A0, 0x0820, 0x40A0, 0x50E0, 0x1840, 0x1840, 0x2060, 0x1840,
  0x0820, 0x0820, 0x0000, 0x1840, 0x40A0, 0x0820, 0x1020, 0x1020, 0x0800, 0x1840, 0x6100, 0x1840,
  0x0000, 0x0000, 0x1020, 0x0820, 0x0000, 0x0000, 0x0800, 0x0000, 0x0000, 0x0000, 0x0000, 0x0000,
  0x0000, 0x0000, 0x0000, 0x0820, 0x0000, 0x0800, 0x1840, 0x1840, 0x0800, 0x0000, 0x0000, 0x1840,
  0x0000, 0x0000, 0x0000, 0x0000, 0x0820, 0x1020, 0x1020, 0x0800, 0x0000, 0x0000, 0x0000, 0x0800,
  0x1020, 0x0820, 0x0000, 0x0820, 0x0800, 0x0800, 0x0820, 0x0000, 0x0000, 0x1020, 0x0800, 0x0000,
  0x0000, 0x0800, 0x0000, 0x1061, 0x3185, 0x1061, 0x0820, 0x0800, 0x0000, 0x0000, 0x0000, 0x0000,
  0x0000, 0x0000, 0x0800, 0x2944, 0x1061, 0x0000, 0x2944, 0x2103, 0x0000, 0x18C3, 0x10A2, 0x0000,
  0x0800, 0x1840, 0x0000, 0x1061, 0x3185, 0x0020, 0x0841, 0x1020, 0x0000, 0x0800, 0x0800, 0x0000,
  0x0000, 0x1061, 0x10A2, 0x0000, 0x0000, 0x1840, 0x0820, 0x2103, 0x0820, 0x0000, 0x2944, 0x0020,
  0x0000, 0x0000, 0x0000, 0x0000, 0x0800, 0x0800, 0x0000, 0x0800, 0x0000, 0x0000, 0x0000, 0x0000,
  0x0000, 0x0000, 0x0000, 0x0000, 0x59C1, 0xE260, 0xD220, 0xD220, 0xD220, 0xD220, 0xE260, 0x71C0,
  0x0000, 0x0000, 0x0000, 0x0000, 0x0000, 0x0000, 0x0000, 0x0000, 0x0000, 0x0000, 0x0000, 0x0000,
  0x0000, 0x0000, 0x0020, 0x7BEF, 0x7BEF, 0x7BEF, 0x73AE, 0x7BEF, 0x7BEF, 0x73AE, 0x0020, 0x0000,
  0x0000, 0x0000, 0x0000, 0x0000, 0x0000, 0x0000, 0x0000, 0x0000, 0x0000, 0x0000, 0x0000, 0x0020,
  0x0000, 0x6B4D, 0x7BEF, 0x73AE, 0x7BEF, 0x7BEF, 0x7BEF, 0x7BEF, 0x0820, 0x0000, 0x0000, 0x3185,
  0x8C51, 0x73AE, 0x7BEF, 0x7BEF, 0x73AE, 0x8C51, 0x39C7, 0x0000, 0x0000, 0x0000, 0x0000, 0x0000,
  0x0000, 0x0000, 0x0000, 0x0841, 0x7BEF, 0x7BEF, 0x7BEF, 0x7BEF, 0x7BEF, 0x7BEF, 0x7BEF, 0x7BEF,
  0x7BEF, 0x0841, 0x0000, 0x0000, 0x0000, 0x0000, 0x0000, 0x0000, 0x0020, 0x0000, 0x4A28, 0x8C51,
  0x73AE, 0x7BEF, 0x7BEF, 0x7BEF, 0x8C51, 0x3185, 0x0000, 0x0000, 0x0000, 0xA260, 0xE260, 0xD220,
  0xE260, 0xD220, 0xE260, 0xD220, 0xE260, 0xD220, 0xE260, 0xD220, 0xE260, 0xD220, 0xE260, 0xD220,
  0xE260, 0xE260, 0xE260, 0xE260, 0xE260, 0xE260, 0xE260, 0xE260, 0xE260, 0xE260, 0xE260, 0xF2C0,
  0x89E0, 0x1840, 0x40A0, 0x50E0, 0x6100, 0x6100, 0x7140, 0x7140, 0x6100, 0x6100, 0x6100, 0x6100,
  0x6100, 0x7140, 0x8960, 0x6100, 0x7140, 0x7140, 0x7140, 0x6100, 0x8960, 0x6100, 0xA1C0, 0xA1C0,
  0x8960, 0x8960, 0x6100, 0x7140, 0xA1C0, 0x6100, 0xBA20, 0xBA20, 0x7140, 0x6100, 0xA1C0, 0xA1C0,
  0xA1C0, 0xD220, 0xFB20, 0xD220, 0xBA20, 0xA1C0, 0xA1C0, 0x3080, 0xD220, 0x8960, 0x50E0, 0x50E0,
  0x7140, 0xA1C0, 0x40A0, 0x3080, 0x40A0, 0x2060, 0x50E0, 0x8960, 0x7140, 0x3080, 0x40A0, 0x50E0,
  0x40A0, 0x1840, 0x50E0, 0x6100, 0x1840, 0x1840, 0x1840, 0x2060, 0x1840, 0x1840, 0x0820, 0x40A0,
  0x40A0, 0x0800, 0x1840, 0x1840, 0x1020, 0x2060, 0x50E0, 0x1020, 0x0000, 0x0800, 0x2060, 0x1020,
  0x0000, 0x0800, 0x0800, 0x0800, 0x0000, 0x0000, 0x0000, 0x0000, 0x0000, 0x0000, 0x1020, 0x1020,
  0x0800, 0x0000, 0x0820, 0x1840, 0x0000, 0x0000, 0x0820, 0x1020, 0x0000, 0x0000, 0x0000, 0x1840,
  0x1840, 0x0820, 0x0000, 0x0800, 0x0800, 0x0000, 0x0800, 0x0000, 0x0000, 0x0000, 0x0000, 0x0800,
  0x0000, 0x0800, 0x0000, 0x0000, 0x0000, 0x0800, 0x0820, 0x0800, 0x0841, 0x10A2, 0x1020, 0x0000,
  0x0000, 0x0000, 0x0000, 0x0000, 0x0000, 0x0000, 0x0000, 0x0000, 0x0000, 0x0000, 0x0000, 0x39C7,
  0x3185, 0x0000, 0x10A2, 0x2103, 0x0000, 0x0000, 0x0800, 0x1061, 0x0000, 0x1020, 0x1020, 0x0000,
  0x1020, 0x0820, 0x0000, 0x0841, 0x1061, 0x0000, 0x0000, 0x0000, 0x0000, 0x0000, 0x0841, 0x0020,
  0x0000, 0x0820, 0x1840, 0x10A2, 0x0020, 0x0000, 0x0000, 0x0000, 0x0000, 0x0020, 0x2103, 0x0841,
  0x0000, 0x0800, 0x0000, 0x0000, 0x0800, 0x0000, 0x0000, 0x0000, 0x0000, 0x0000, 0x0000, 0x0000,
  0x59C1, 0xE260, 0xD220, 0xD220, 0xD220, 0xBA20, 0xE260, 0x7140, 0x0000, 0x0000, 0x0000, 0x0000,
  0x0000, 0x0000, 0x0000, 0x0000, 0x0000, 0x0000, 0x0000, 0x0000, 0x0000, 0x0000, 0x0020, 0x7BEF,
  0x73AE, 0x73AE, 0x73AE, 0x73AE, 0x73AE, 0x73AE, 0x0020, 0x0000, 0x0000, 0x0000, 0x0000, 0x0000,
  0x0000, 0x0000, 0x0000, 0x0000, 0x0000, 0x0000, 0x0000, 0x0020, 0x0000, 0x6B4D, 0x7BEF, 0x73AE,
  0x73AE, 0x73AE, 0x73AE, 0x7BEF, 0x0020, 0x0000, 0x0000, 0x3185, 0x8C51, 0x73AE, 0x73AE, 0x73AE,
  0x73AE, 0x7BEF, 0x39C7, 0x0000, 0x0000, 0x0000, 0x0000, 0x0000, 0x0000, 0x0000, 0x0000, 0x0000,
  0x3185, 0x7BEF, 0x73AE, 0x73AE, 0x73AE, 0x73AE, 0x6B4D, 0x7BEF, 0x3185, 0x0000, 0x0000, 0x0000,
  0x0000, 0x0000, 0x0000, 0x0000, 0x0020, 0x0000, 0x39C7, 0x8C51, 0x73AE, 0x73AE, 0x73AE, 0x73AE,
  0x8C51, 0x2944, 0x0000, 0x0000, 0x0000, 0xA260, 0xD220, 0xD220, 0xD220, 0xD220, 0xD220, 0xD220,
  0xD220, 0xD220, 0xD220, 0xD220, 0xD220, 0xD220, 0xD220, 0xD220, 0xD220, 0xD220, 0xE260, 0xD220,
  0xE260, 0xD220, 0xE260, 0xE260, 0xE260, 0xD220, 0xE260, 0xDAC0, 0x1840, 0x0820, 0x2060, 0x3080,
  0x40A0, 0x40A0, 0x50E0, 0x6100, 0x7140, 0x7140, 0x8960, 0x8960, 0xA1C0, 0xD220, 0xD220, 0xBA20,
  0xD220, 0xA1C0, 0xBA20, 0xBA20, 0xD220, 0xA1C0, 0xD220, 0xBA20, 0xBA20, 0xA1C0, 0xA1C0, 0xBA20,
  0xD220, 0xBA20, 0xD220, 0xD220, 0xA1C0, 0xA1C0, 0xD220, 0xBA20, 0xD220, 0xF2C0, 0xFB80, 0xF2C0,
  0xDAC0, 0xD220, 0xBA20, 0x6100, 0xD220, 0xA1C0, 0x50E0, 0x7140, 0x8960, 0xA1C0, 0x50E0, 0x6100,
  0x7140, 0x2060, 0x7140, 0x8960, 0x8960, 0x3080, 0x2060, 0x40A0, 0x3080, 0x3080, 0x8960, 0x6100,
  0x1840, 0x1840, 0x2060, 0x40A0, 0x1840, 0x1840, 0x1840, 0x50E0, 0x50E0, 0x0820, 0x2060, 0x1020,
  0x0820, 0x40A0, 0x50E0, 0x3080, 0x0000, 0x0800, 0x3080, 0x2060, 0x0000, 0x0800, 0x0800, 0x0000,
  0x0000, 0x0000, 0x0000, 0x0000, 0x0800, 0x0000, 0x0800, 0x1020, 0x0820, 0x0000, 0x0000, 0x0000,
  0x0000, 0x0800, 0x1840, 0x0000, 0x0800, 0x0000, 0x0800, 0x1020, 0x0800, 0x0000, 0x0000, 0x0800,
  0x0820, 0x0800, 0x0000, 0x0000, 0x0000, 0x0000, 0x0820, 0x0800, 0x0000, 0x0000, 0x0000, 0x0000,
  0x0000, 0x0000, 0x0820, 0x0800, 0x0841, 0x1061, 0x0820, 0x0000, 0x0000, 0x0800, 0x0000, 0x0000,
  0x0820, 0x0800, 0x0000, 0x0800, 0x0820, 0x0000, 0x0000, 0x0000, 0x2103, 0x0820, 0x0000, 0x0800,
  0x0841, 0x0000, 0x10A2, 0x2103, 0x0841, 0x0000, 0x0820, 0x0000, 0x0000, 0x10A2, 0x0820, 0x10A2,
  0x18C3, 0x0000, 0x0000, 0x0000, 0x0000, 0x0000, 0x0000, 0x0000, 0x0800, 0x0020, 0x1020, 0x0800,
  0x0800, 0x0000, 0x0000, 0x0000, 0x3185, 0x10A2, 0x0020, 0x0820, 0x0000, 0x0000, 0x0820, 0x0000,
  0x0000, 0x0800, 0x0000, 0x0000, 0x0000, 0x0000, 0x0000, 0x0000, 0x5940, 0xD220, 0xBA20, 0xBA20,
  0xBA20, 0xBA20, 0xD220, 0x7140, 0x0000, 0x0000, 0x0000, 0x0000, 0x0000, 0x0000, 0x0000, 0x0000,
  0x0000, 0x0000, 0x0000, 0x0000, 0x0000, 0x0000, 0x0020, 0x73AE, 0x6B4D, 0x6B4D, 0x6B4D, 0x6B4D,
  0x6B4D, 0x6B4D, 0x0020, 0x0000, 0x0000, 0x0000, 0x0000, 0x0000, 0x0000, 0x0000, 0x0000, 0x0000,
  0x0000, 0x0000, 0x0000, 0x0020, 0x0000, 0x62EB, 0x73AE, 0x6B4D, 0x6B4D, 0x6B4D, 0x6B4D, 0x6B4D,
  0x0820, 0x0000, 0x0000, 0x2944, 0x73AE, 0x6B4D, 0x6B4D, 0x6B4D, 0x6B4D, 0x7BEF, 0x3185, 0x0000,
  0x0000, 0x0000, 0x0000, 0x0000, 0x0000, 0x0000, 0x0000, 0x0000, 0x0000, 0x62EB, 0x73AE, 0x6B4D,
  0x6B4D, 0x6B4D, 0x73AE, 0x62EB, 0x0000, 0x0000, 0x0000, 0x0000, 0x0000, 0x0020, 0x0000, 0x0000,
  0x0020, 0x0000, 0x39C7, 0x7BEF, 0x6B4D, 0x6B4D, 0x6B4D, 0x6B4D, 0x7BEF, 0x2944, 0x0000, 0x0000,
  0x0000, 0xA260, 0xD220, 0xD220, 0xD220, 0xD220, 0xD220, 0xD220, 0xD220, 0xD220, 0xD220, 0xBA20,
  0xD220, 0xD220, 0xD220, 0xD220, 0xD220, 0xD220, 0xD220, 0xD220, 0xD220, 0xD220, 0xD220, 0xD220,
  0xD220, 0xE260, 0xDAC0, 0x30C0, 0x0000, 0x0000, 0x0820, 0x0000, 0x0000, 0x0000, 0x0000, 0x0000,
  0x0800, 0x0000, 0x0800, 0x1020, 0x1840, 0x3080, 0x40A0, 0x40E0, 0x50E0, 0x50E0, 0x7140, 0x8960,
  0x89E0, 0x89E0, 0xBA20, 0xD220, 0xDAC0, 0xDAC0, 0xF2C0, 0xF2C0, 0xDAC0, 0xF2C0, 0xF2C0, 0xD220,
  0xD220, 0xF2C0, 0xF2C0, 0xFB20, 0xF2C0, 0xF2C0, 0xFB80, 0xF2C0, 0xDAC0, 0xBA20, 0xBA20, 0xA1C0,
  0xD220, 0xBA20, 0x7140, 0x8960, 0xA1C0, 0xA1C0, 0x6100, 0x8960, 0x8960, 0x40A0, 0x8960, 0xA1C0,
  0xA1C0, 0x6100, 0x2060, 0x50E0, 0x3080, 0x6100, 0xA1C0, 0x6100, 0x40A0, 0x1020, 0x3080, 0x7140,
  0x1840, 0x1840, 0x1840, 0x50E0, 0x40A0, 0x1840, 0x3080, 0x1020, 0x0800, 0x3080, 0x50E0, 0x40A0,
  0x1840, 0x0820, 0x40A0, 0x3080, 0x0820, 0x0820, 0x0820, 0x0820, 0x0820, 0x0800, 0x0800, 0x0000,
  0x0820, 0x0000, 0x0000, 0x0800, 0x0000, 0x0000, 0x0000, 0x0820, 0x1840, 0x1840, 0x0800, 0x0000,
  0x0000, 0x0820, 0x1020, 0x0000, 0x0000, 0x0000, 0x0000, 0x0000, 0x0000, 0x0800, 0x0000, 0x0800,
  0x0800, 0x0800, 0x0000, 0x0000, 0x0800, 0x0000, 0x0000, 0x0000, 0x1061, 0x0020, 0x0800, 0x0800,
  0x0000, 0x0000, 0x0820, 0x0000, 0x0000, 0x0000, 0x0000, 0x0020, 0x0800, 0x1061, 0x2103, 0x0841,
  0x0800, 0x0800, 0x0000, 0x0000, 0x0000, 0x0800, 0x0020, 0x1061, 0x4A28, 0x10A2, 0x0000, 0x0000,
  0x0020, 0x0000, 0x0000, 0x0800, 0x0000, 0x2103, 0x2103, 0x0000, 0x0000, 0x0000, 0x0000, 0x0000,
  0x0800, 0x1020, 0x0800, 0x0000, 0x0800, 0x0820, 0x0820, 0x0000, 0x0020, 0x0820, 0x0000, 0x0800,
  0x1061, 0x0820, 0x0000, 0x18C3, 0x10A2, 0x0000, 0x0000, 0x0820, 0x0020, 0x0000, 0x0000, 0x0000,
  0x0000, 0x0000, 0x0000, 0x0000, 0x59C1, 0xE260, 0xD220, 0xD220, 0xD220, 0xD220, 0xE260, 0x7140,
  0x0000, 0x0000, 0x0000, 0x0000, 0x0000, 0x0000, 0x0000, 0x0000, 0x0000, 0x0000, 0x0000, 0x0000,
  0x0000, 0x0000, 0x0020, 0x7BEF, 0x73AE, 0x6B4D, 0x6B4D, 0x6B4D, 0x73AE, 0x73AE, 0x0020, 0x0000,
  0x0000, 0x0000, 0x0000, 0x0000, 0x0000, 0x0000, 0x0000, 0x0000, 0x0000, 0x0000, 0x0000, 0x0020,
  0x0000, 0x62EB, 0x73AE, 0x6B4D, 0x73AE, 0x73AE, 0x73AE, 0x73AE, 0x0820, 0x0000, 0x0000, 0x2944,
  0x73AE, 0x6B4D, 0x6B4D, 0x6B4D, 0x6B4D, 0x7BEF, 0x3185, 0x0000, 0x0000, 0x0000, 0x0000, 0x0020,
  0x0020, 0x0000, 0x0000, 0x0000, 0x0000, 0x18C3, 0x73AE, 0x73AE, 0x73AE, 0x6B4D, 0x73AE, 0x10A2,
  0x0000, 0x0000, 0x0000, 0x0000, 0x0000, 0x0000, 0x0000, 0x0020, 0x0020, 0x0000, 0x39C7, 0x7BEF,
  0x6B4D, 0x73AE, 0x73AE, 0x6B4D, 0x7BEF, 0x2944, 0x0000, 0x0000, 0x0000, 0xA260, 0xE260, 0xD220,
  0xD220, 0xD220, 0xD220, 0xD220, 0xD220, 0xD220, 0xD220, 0xD220, 0xD220, 0xD220, 0xD220, 0xD220,
  0xD220, 0xE260, 0xD220, 0xE260, 0xD220, 0xE260, 0xE260, 0xE260, 0xE260, 0xA1C0, 0x2060, 0x0000,
  0x0020, 0x0020, 0x0020, 0x0820, 0x0820, 0x0820, 0x0020, 0x0000, 0x0000, 0x0000, 0x0000, 0x0000,
  0x0000, 0x0000, 0x0800, 0x0000, 0x0000, 0x0000, 0x0000, 0x0000, 0x0000, 0x0800, 0x1840, 0x2060,
  0x3080, 0x3080, 0x40A0, 0x50E0, 0x6100, 0x7140, 0x7140, 0x8960, 0xA1C0, 0xBA20, 0xDAC0, 0xF2C0,
  0xFB20, 0xFB80, 0xFB80, 0xF2C0, 0xF2C0, 0xF2C0, 0xF2C0, 0xF2C0, 0xF2C0, 0xF2C0, 0xBA20, 0xDAC0,
  0xD220, 0xBA20, 0x8960, 0x6100, 0x8960, 0x8960, 0xA1C0, 0xA1C0, 0xA1C0, 0xA1C0, 0x6100, 0x7140,
  0x7140, 0x7140, 0x8960, 0x7140, 0x7140, 0x50E0, 0x7140, 0x8960, 0x3080, 0x1840, 0x40A0, 0x6100,
  0x50E0, 0x2060, 0x2060, 0x2060, 0x2060, 0x50E0, 0x50E0, 0x40A0, 0x1840, 0x1020, 0x50E0, 0x3080,
  0x0020, 0x0820, 0x1020, 0x0800, 0x0800, 0x0800, 0x0800, 0x0800, 0x0820, 0x1020, 0x1020, 0x0000,
  0x0000, 0x0820, 0x1840, 0x1840, 0x0020, 0x0000, 0x0000, 0x0800, 0x0820, 0x1020, 0x0000, 0x0800,
  0x0800, 0x0820, 0x0000, 0x0000, 0x0000, 0x0000, 0x0000, 0x0800, 0x0800, 0x0800, 0x0000, 0x0000,
  0x0000, 0x0000, 0x0000, 0x18C3, 0x2103, 0x0000, 0x0000, 0x0800, 0x0000, 0x0000, 0x0000, 0x0800,
  0x18C3, 0x1061, 0x1020, 0x10A2, 0x0000, 0x1061, 0x2944, 0x10A2, 0x0000, 0x1020, 0x0820, 0x0000,
  0x0000, 0x2103, 0x2103, 0x0000, 0x0820, 0x0820, 0x0000, 0x0000, 0x18C3, 0x2944, 0x0000, 0x0000,
  0x0000, 0x0000, 0x0000, 0x0000, 0x0000, 0x0800, 0x0000, 0x0000, 0x0800, 0x1020, 0x1020, 0x0000,
  0x0000, 0x0820, 0x0000, 0x2944, 0x2103, 0x0820, 0x1840, 0x1840, 0x0000, 0x0841, 0x18C3, 0x0841,
  0x0841, 0x0000, 0x0000, 0x0020, 0x0020, 0x0000, 0x0000, 0x0000, 0x0000, 0x0000, 0x0000, 0x0000,
  0x30C0, 0x89E0, 0x71C0, 0x8960, 0x7140, 0x7140, 0x8960, 0x40A0, 0x0000, 0x0000, 0x0000, 0x0000,
  0x0000, 0x0000, 0x0000, 0x0000, 0x0000, 0x0000, 0x0000, 0x0000, 0x0000, 0x0000, 0x0000, 0x4A28,
  0x4A28, 0x4A28, 0x4A28, 0x4A28, 0x4A28, 0x39C7, 0x0000, 0x0000, 0x0000, 0x0000, 0x0000, 0x0000,
  0x0000, 0x0000, 0x0000, 0x0000, 0x0000, 0x0000, 0x0000, 0x0000, 0x0000, 0x3185, 0x4A28, 0x39C7,
  0x4A28, 0x4A28, 0x4A28, 0x4A28, 0x0000, 0x0000, 0x0000, 0x10A2, 0x4A28, 0x4A28, 0x4A28, 0x39C7,
  0x39C7, 0x4A28, 0x18C3, 0x0000, 0x0000, 0x0000, 0x0000, 0x0020, 0x0000, 0x0000, 0x0000, 0x0000,
  0x0000, 0x0000, 0x2944, 0x4A28, 0x4A28, 0x4A28, 0x2944, 0x0000, 0x0000, 0x0000, 0x0000, 0x0020,
  0x0000, 0x0000, 0x0000, 0x0000, 0x0020, 0x0000, 0x2103, 0x4A28, 0x39C7, 0x4A28, 0x4A28, 0x4A28,
  0x4A28, 0x10A2, 0x0000, 0x0000, 0x0000, 0x5940, 0x8960, 0x7140, 0x7140, 0x7140, 0x8960, 0x7140,
  0x7140, 0x8960, 0x7140, 0x8960, 0x8960, 0x7140, 0x8960, 0x7140, 0x7140, 0x8960, 0x7140, 0x8960,
  0x8960, 0x8960, 0x7140, 0x6100, 0x3080, 0x0000, 0x0000, 0x0000, 0x0841, 0x10A2, 0x1061, 0x18C3,
  0x2103, 0x2944, 0x18C3, 0x0000, 0x0000, 0x0000, 0x0000, 0x1061, 0x18C3, 0x10A2, 0x0020, 0x10A2,
  0x10A2, 0x10A2, 0x0820, 0x0000, 0x0800, 0x0800, 0x0800, 0x0000, 0x0000, 0x0000, 0x0820, 0x0000,
  0x0000, 0x0000, 0x0000, 0x0000, 0x1020, 0x1020, 0x2060, 0x3080, 0x3080, 0x40E0, 0x7140, 0x50E0,
  0x7140, 0x71C0, 0x8960, 0xA260, 0xA260, 0xB2C0, 0xBA20, 0xB2C0, 0xDAC0, 0xDAC0, 0xD220, 0xBA20,
  0xD220, 0xDAC0, 0xBA20, 0xF2C0, 0xD220, 0xBA20, 0xD220, 0xA1C0, 0x8960, 0x7140, 0x8960, 0x8960,
  0x7140, 0x7140, 0x50E0, 0x6100, 0x50E0, 0x3080, 0x50E0, 0x50E0, 0x6100, 0x50E0, 0x6100, 0x50E0,
  0x50E0, 0x40A0, 0x50E0, 0x40A0, 0x40A0, 0x3080, 0x3080, 0x40A0, 0x1020, 0x1020, 0x40A0, 0x0800,
  0x0820, 0x0820, 0x0800, 0x0000, 0x0000, 0x0000, 0x0800, 0x1020, 0x1020, 0x0820, 0x0000, 0x0000,
  0x0000, 0x0800, 0x1020, 0x0820, 0x0820, 0x0800, 0x0800, 0x0000, 0x0000, 0x0000, 0x0841, 0x0000,
  0x0000, 0x0000, 0x0800, 0x0000, 0x0000, 0x0000, 0x0000, 0x0000, 0x18C3, 0x1061, 0x0820, 0x0000,
  0x0020, 0x10A2, 0x0000, 0x0000, 0x0800, 0x0820, 0x0000, 0x18C3, 0x3185, 0x1061, 0x0800, 0x0000,
  0x0000, 0x0000, 0x0020, 0x0020, 0x0000, 0x0000, 0x0820, 0x0820, 0x0000, 0x0841, 0x0841, 0x0000,
  0x0000, 0x10A2, 0x18C3, 0x0000, 0x10A2, 0x18C3, 0x0000, 0x0000, 0x0000, 0x0000, 0x0020, 0x0820,
  0x0000, 0x0820, 0x0800, 0x0000, 0x0000, 0x0820, 0x1020, 0x0820, 0x0000, 0x0000, 0x0820, 0x1061,
  0x0000, 0x10A2, 0x0820, 0x0000, 0x0000, 0x0820, 0x10A2, 0x0000, 0x0800, 0x0000, 0x0000, 0x0000,
  0x0800, 0x0000, 0x0000, 0x0000, 0x0000, 0x0000, 0x0000, 0x0000, 0x0000, 0x0000, 0x0000, 0x0000,
  0x0000, 0x0020, 0x0000, 0x0000, 0x0000, 0x0000, 0x0000, 0x0000, 0x0000, 0x0000, 0x0000, 0x0000,
  0x0000, 0x0000, 0x0000, 0x0000, 0x0000, 0x0000, 0x0000, 0x0000, 0x0000, 0x0000, 0x0000, 0x0000,
  0x0000, 0x0000, 0x0000, 0x0000, 0x0000, 0x0000, 0x0000, 0x0000, 0x0000, 0x0000, 0x0000, 0x0000,
  0x0000, 0x0000, 0x0000, 0x0000, 0x0000, 0x0000, 0x0000, 0x0020, 0x0000, 0x0000, 0x0000, 0x0000,
  0x0000, 0x0000, 0x0000, 0x0000, 0x0000, 0x0000, 0x0000, 0x0000, 0x0020, 0x0000, 0x0000, 0x0000,
  0x0000, 0x0000, 0x0000, 0x0000, 0x0000, 0x0000, 0x0000, 0x0000, 0x0000, 0x0000, 0x0000, 0x0000,
  0x0000, 0x0000, 0x0000, 0x0000, 0x0000, 0x0000, 0x0000, 0x0000, 0x0000, 0x0000, 0x0000, 0x0000,
  0x0000, 0x0000, 0x0000, 0x0000, 0x0000, 0x0000, 0x0000, 0x0000, 0x0000, 0x0000, 0x0000, 0x0000,
  0x0000, 0x0000, 0x0000, 0x0000, 0x0800, 0x0800, 0x0000, 0x0000, 0x0800, 0x0000, 0x0000, 0x0000,
  0x0000, 0x0000, 0x0000, 0x0000, 0x0800, 0x0000, 0x0000, 0x0000, 0x0000, 0x0000, 0x0000, 0x0000,
  0x0000, 0x0000, 0x0000, 0x0000, 0x0000, 0x0020, 0x0820, 0x1061, 0x1061, 0x10A2, 0x1061, 0x0000,
  0x0000, 0x0000, 0x0000, 0x0020, 0x2944, 0x39C7, 0x1061, 0x3185, 0x39C7, 0x39C7, 0x10A2, 0x0000,
  0x0800, 0x0800, 0x0000, 0x10A2, 0x18C3, 0x10A2, 0x0841, 0x10A2, 0x10A2, 0x10A2, 0x0820, 0x0820,
  0x0800, 0x0800, 0x0000, 0x0000, 0x0000, 0x0820, 0x3080, 0x0000, 0x0800, 0x0800, 0x1020, 0x0800,
  0x0820, 0x0800, 0x1840, 0x2060, 0x2060, 0x40A0, 0x40E0, 0x40E0, 0x6100, 0x7140, 0x8960, 0x8960,
  0x89E0, 0xA1C0, 0xA1C0, 0xA1C0, 0xA1C0, 0xBA20, 0xA1C0, 0xBA20, 0xBA20, 0xBA20, 0xA1C0, 0xA1C0,
  0xA1C0, 0x8960, 0x8960, 0x8960, 0x7140, 0x8960, 0x7140, 0x6100, 0x50E0, 0x50E0, 0x6100, 0x3080,
  0x3080, 0x3080, 0x2060, 0x40A0, 0x40A0, 0x1840, 0x2060, 0x1840, 0x1840, 0x1840, 0x0820, 0x0800,
  0x0000, 0x0000, 0x0000, 0x0000, 0x0000, 0x0000, 0x0000, 0x0800, 0x0820, 0x0820, 0x0800, 0x0000,
  0x0000, 0x0000, 0x0000, 0x0000, 0x0000, 0x18C3, 0x18C3, 0x0820, 0x0800, 0x0000, 0x0000, 0x0000,
  0x1061, 0x0820, 0x0000, 0x0000, 0x39C7, 0x2103, 0x0000, 0x0000, 0x18C3, 0x39C7, 0x0020, 0x0000,
  0x0000, 0x0800, 0x0820, 0x0800, 0x0820, 0x0820, 0x0800, 0x0841, 0x0000, 0x0000, 0x0000, 0x0841,
  0x1061, 0x1061, 0x0000, 0x0800, 0x0800, 0x0000, 0x0820, 0x18C3, 0x0000, 0x18C3, 0x10A2, 0x0000,
  0x0000, 0x0000, 0x0800, 0x0000, 0x0800, 0x0000, 0x1020, 0x1840, 0x0820, 0x0000, 0x1020, 0x0000,
  0x0000, 0x0000, 0x10A2, 0x39C7, 0x18C3, 0x0000, 0x0000, 0x0000, 0x0000, 0x2103, 0x0000, 0x0000,
  0x0000, 0x0000, 0x0000, 0x0800, 0x0000, 0x0000, 0x0000, 0x0000, 0x0000, 0x0000, 0x0000, 0x0000,
  0x0000, 0x0000, 0x0000, 0x0000, 0x0000, 0x0000, 0x0000, 0x0000, 0x0000, 0x0000, 0x0000, 0x0000,
  0x0000, 0x0000, 0x0000, 0x0000, 0x0000, 0x0000, 0x0000, 0x0000, 0x0000, 0x0000, 0x0000, 0x0000,
  0x0000, 0x0000, 0x0000, 0x0000, 0x0000, 0x0000, 0x0000, 0x0000, 0x0000, 0x0000, 0x0000, 0x0000,
  0x0000, 0x0000, 0x0000, 0x0000, 0x0000, 0x0000, 0x0000, 0x0000, 0x0000, 0x0000, 0x0000, 0x0000,
  0x0000, 0x0000, 0x0000, 0x0000, 0x0000, 0x0000, 0x0000, 0x0000, 0x0000, 0x0000, 0x0000, 0x0000,
  0x0000, 0x0000, 0x0000, 0x0000, 0x0000, 0x0000, 0x0000, 0x0000, 0x0000, 0x0000, 0x0000, 0x0000,
  0x0000, 0x0000, 0x0000, 0x0000, 0x0000, 0x0000, 0x0000, 0x0000, 0x0000, 0x0000, 0x0000, 0x0000,
  0x0000, 0x0000, 0x0000, 0x0000, 0x0000, 0x0000, 0x0000, 0x0000, 0x0000, 0x0000, 0x0000, 0x0000,
  0x0000, 0x0000, 0x0000, 0x0000, 0x0000, 0x0000, 0x0000, 0x0000, 0x0000, 0x0000, 0x0000, 0x0000,
  0x0000, 0x0000, 0x0000, 0x0000, 0x0000, 0x0000, 0x0000, 0x0000, 0x0000, 0x0000, 0x0000, 0x0000,
  0x0000, 0x0000, 0x0000, 0x0000, 0x0000, 0x0000, 0x0000, 0x0000, 0x0000, 0x0000, 0x0000, 0x0000,
  0x0000, 0x0000, 0x0000, 0x0000, 0x0000, 0x0000, 0x0000, 0x0000, 0x0000, 0x0000, 0x0000, 0x0000,
  0x0000, 0x0820, 0x0841, 0x1061, 0x10A2, 0x18C3, 0x0841, 0x0000, 0x0000, 0x0000, 0x0000, 0x10A2,
  0x3185, 0x2103, 0x10A2, 0x2944, 0x3185, 0x2944, 0x0020, 0x0800, 0x0800, 0x0020, 0x10A2, 0x10A2,
  0x0820, 0x10A2, 0x10A2, 0x18C3, 0x10A2, 0x1020, 0x0820, 0x0841, 0x0000, 0x0000, 0x1020, 0x0800,
  0x0000, 0x0800, 0x0000, 0x0000, 0x0800, 0x0000, 0x0800, 0x0000, 0x1840, 0x0820, 0x0800, 0x1020,
  0x1840, 0x1840, 0x40A0, 0x40A0, 0x40A0, 0x50E0, 0x50E0, 0x6100, 0x8960, 0x8960, 0x8960, 0xA1C0,
  0xBA20, 0xBA20, 0xA1C0, 0xA1C0, 0x8960, 0xA1C0, 0x8960, 0x6100, 0x6100, 0x6100, 0x6100, 0x50E0,
  0x50E0, 0x50E0, 0x40A0, 0x2060, 0x2060, 0x2060, 0x0000, 0x0000, 0x1840, 0x0000, 0x0000, 0x0000,
  0x0000, 0x0000, 0x0000, 0x0820, 0x0820, 0x0800, 0x0000, 0x0000, 0x0020, 0x0841, 0x0841, 0x0800,
  0x0000, 0x0820, 0x0841, 0x1061, 0x0000, 0x0800, 0x0000, 0x0020, 0x3185, 0x0000, 0x0000, 0x0000,
  0x0000, 0x0820, 0x0841, 0x0820, 0x0020, 0x0000, 0x0000, 0x0000, 0x0800, 0x0000, 0x0800, 0x0000,
  0x0000, 0x0000, 0x0020, 0x0820, 0x0800, 0x0000, 0x0000, 0x18C3, 0x0841, 0x0000, 0x0800, 0x0000,
  0x0800, 0x0000, 0x10A2, 0x2944, 0x0000, 0x0000, 0x0000, 0x0000, 0x0000, 0x0000, 0x0000, 0x0800,
  0x0000, 0x0000, 0x0000, 0x1840, 0x1020, 0x0000, 0x0800, 0x0800, 0x0000, 0x0000, 0x1061, 0x0820,
  0x1061, 0x1061, 0x0000, 0x0000, 0x0800, 0x0000, 0x18C3, 0x1061, 0x0000, 0x0000, 0x0000, 0x0020,
  0x0020, 0x0800, 0x0800, 0x0000, 0x0000, 0x0000, 0x0820, 0x0000, 0x0000, 0x0000, 0x0000, 0x0000,
  0x0000, 0x0000, 0x0000, 0x0000, 0x0000, 0x0000, 0x0000, 0x0000, 0x0000, 0x0000, 0x0000, 0x0000,
  0x0000, 0x0000, 0x0000, 0x0000, 0x0000, 0x0000, 0x0000, 0x0000, 0x0000, 0x0000, 0x0000, 0x0000,
  0x0000, 0x0000, 0x0000, 0x0000, 0x0000, 0x0000, 0x0000, 0x0000, 0x0000, 0x0000, 0x0000, 0x0000,
  0x0000, 0x0000, 0x0000, 0x0000, 0x0000, 0x0000, 0x0000, 0x0000, 0x0000, 0x0000, 0x0000, 0x0000,
  0x0000, 0x0000, 0x0000, 0x0000, 0x0000, 0x0000, 0x0000, 0x0000, 0x0000, 0x0000, 0x0000, 0x0000,
  0x0000, 0x0000, 0x0000, 0x0000, 0x0000, 0x0000, 0x0000, 0x0000, 0x0000, 0x0000, 0x0000, 0x0000,
  0x0000, 0x0000, 0x0000, 0x0000, 0x0000, 0x0000, 0x0000, 0x0000, 0x0000, 0x0000, 0x0000, 0x0000,
  0x0000, 0x0000, 0x0000, 0x0000, 0x0000, 0x0000, 0x0000, 0x0000, 0x0000, 0x0000, 0x0000, 0x0000,
  0x0000, 0x0000, 0x0000, 0x0000, 0x0000, 0x0000, 0x0000, 0x0000, 0x0000, 0x0000, 0x0000, 0x0000,
  0x0000, 0x0000, 0x0000, 0x0000, 0x0000, 0x0000, 0x0000, 0x0000, 0x0000, 0x0000, 0x0000, 0x0000,
  0x0000, 0x0000, 0x0000, 0x0000, 0x0000, 0x0000, 0x0000, 0x0000, 0x0000, 0x0000, 0x0000, 0x0000,
  0x0000, 0x0000, 0x0000, 0x0000, 0x0000, 0x0000, 0x0000, 0x0000, 0x0000, 0x0000, 0x0000, 0x0000,
  0x0000, 0x0000, 0x0000, 0x0020, 0x0020, 0x0000, 0x0000, 0x0000, 0x0000, 0x0820, 0x0020, 0x0841,
  0x10A2, 0x1061, 0x0000, 0x0000, 0x0000, 0x0000, 0x10A2, 0x18C3, 0x1061, 0x2103, 0x2103, 0x2103,
  0x18C3, 0x0000, 0x0800, 0x18C3, 0x2103, 0x10A2, 0x0841, 0x18C3, 0x18C3, 0x10A2, 0x0020, 0x0800,
  0x0000, 0x1061, 0x0820, 0x0820, 0x1061, 0x0841, 0x0020, 0x0000, 0x0000, 0x0000, 0x0800, 0x0000,
  0x0000, 0x0000, 0x0000, 0x0000, 0x0000, 0x0000, 0x2060, 0x0000, 0x0820, 0x1020, 0x1840, 0x3080,
  0x3080, 0x40A0, 0x50E0, 0x6100, 0x6100, 0x6100, 0x7140, 0x7140, 0x7140, 0x7140, 0x8960, 0x7140,
  0x7140, 0x50E0, 0x40A0, 0x1840, 0x0000, 0x0000, 0x0000, 0x0000, 0x0000, 0x0000, 0x0000, 0x0000,
  0x0000, 0x0000, 0x0020, 0x0841, 0x1061, 0x0841, 0x0841, 0x0000, 0x0820, 0x0000, 0x0000, 0x0000,
  0x0000, 0x0000, 0x0820, 0x0800, 0x0000, 0x18C3, 0x0841, 0x0000, 0x0000, 0x0841, 0x0841, 0x0000,
  0x0000, 0x0000, 0x0000, 0x10A2, 0x1020, 0x0800, 0x0000, 0x0000, 0x2944, 0x0820, 0x0000, 0x0800,
  0x1061, 0x1061, 0x0820, 0x0000, 0x10A2, 0x10A2, 0x0000, 0x0000, 0x0800, 0x0800, 0x0000, 0x0000,
  0x1061, 0x0000, 0x0000, 0x0000, 0x0000, 0x0000, 0x0000, 0x0820, 0x0000, 0x0800, 0x0000, 0x0000,
  0x0820, 0x0000, 0x0820, 0x2103, 0x18C3, 0x0000, 0x0000, 0x0020, 0x0841, 0x0820, 0x0000, 0x0800,
  0x0000, 0x0020, 0x2103, 0x1061, 0x0000, 0x0000, 0x0000, 0x0000, 0x0820, 0x0000, 0x0800, 0x0800,
  0x0820, 0x0820, 0x0000, 0x0000, 0x0000, 0x0000, 0x0000, 0x0000, 0x0000, 0x0000, 0x0000, 0x0000,
  0x0000, 0x0000, 0x0000, 0x0000, 0x0000, 0x0000, 0x0000, 0x0000, 0x0000, 0x0000, 0x0000, 0x0000,
  0x0000, 0x0000, 0x0000, 0x0000, 0x0000, 0x0000, 0x0000, 0x0000, 0x0000, 0x0000, 0x0000, 0x0000,
  0x0000, 0x0000, 0x0000, 0x0000, 0x0000, 0x0000, 0x0000, 0x0000, 0x0000, 0x0000, 0x0000, 0x0000,
  0x0000, 0x0000, 0x0000, 0x0000, 0x0000, 0x0000, 0x0000, 0x0000, 0x0000, 0x0000, 0x0000, 0x0000,
  0x0000, 0x0000, 0x0000, 0x0000, 0x0000, 0x0000, 0x0000, 0x0000, 0x0000, 0x0000, 0x0000, 0x0000,
  0x0000, 0x0000, 0x0000, 0x0000, 0x0000, 0x0000, 0x0000, 0x0000, 0x0000, 0x0000, 0x0000, 0x0000,
  0x0000, 0x0000, 0x0000, 0x0000, 0x0000, 0x0000, 0x0000, 0x0000, 0x0000, 0x0000, 0x0000, 0x0000,
  0x0000, 0x0000, 0x0000, 0x0000, 0x0000, 0x0000, 0x0000, 0x0000, 0x0000, 0x0000, 0x0000, 0x0000,
  0x0000, 0x0000, 0x0000, 0x0000, 0x0000, 0x0000, 0x0000, 0x0000, 0x0000, 0x0000, 0x0000, 0x0000,
  0x0000, 0x0000, 0x0000, 0x0000, 0x0000, 0x0000, 0x0000, 0x0000, 0x0000, 0x0000, 0x0000, 0x0000,
  0x0000, 0x0000, 0x0000, 0x0000, 0x0000, 0x0000, 0x0000, 0x0000, 0x0000, 0x0000, 0x0000, 0x0000,
  0x0000, 0x0000, 0x0000, 0x0000, 0x0000, 0x0000, 0x0000, 0x0000, 0x0000, 0x0000, 0x0000, 0x0000,
  0x0000, 0x0000, 0x0000, 0x0000, 0x0020, 0x0000, 0x0000, 0x0000, 0x0000, 0x0000, 0x0800, 0x0000,
  0x0000, 0x0020, 0x0000, 0x0000, 0x0020, 0x0820, 0x0820, 0x0820, 0x0820, 0x0000, 0x0000, 0x0841,
  0x10A2, 0x10A2, 0x18C3, 0x18C3, 0x18C3, 0x18C3, 0x0020, 0x0000, 0x0000, 0x1061, 0x2103, 0x2103,
  0x0841, 0x2944, 0x2103, 0x18C3, 0x18C3, 0x0000, 0x0000, 0x0000, 0x0000, 0x0800, 0x0841, 0x1061,
  0x0820, 0x0020, 0x0841, 0x0000, 0x0000, 0x0000, 0x0000, 0x0000, 0x0000, 0x0000, 0x1020, 0x0000,
  0x0000, 0x0000, 0x0000, 0x0000, 0x0000, 0x0820, 0x2060, 0x1840, 0x1840, 0x1840, 0x3080, 0x1840,
  0x0000, 0x0000, 0x0000, 0x0820, 0x0800, 0x0000, 0x0000, 0x0000, 0x2103, 0x1061, 0x0820, 0x0841,
  0x0841, 0x1061, 0x0841, 0x0820, 0x0000, 0x0000, 0x1061, 0x18C3, 0x10A2, 0x0820, 0x0000, 0x0000,
  0x0820, 0x18C3, 0x0000, 0x0000, 0x0000, 0x0000, 0x0000, 0x0820, 0x0000, 0x0820, 0x2103, 0x2103,
  0x10A2, 0x0800, 0x0820, 0x0000, 0x0020, 0x0000, 0x0000, 0x0000, 0x0820, 0x2103, 0x1061, 0x0000,
  0x1061, 0x2103, 0x0000, 0x0000, 0x0800, 0x0820, 0x0000, 0x0841, 0x2103, 0x0000, 0x0000, 0x0000,
  0x0000, 0x0000, 0x0800, 0x0800, 0x0000, 0x0800, 0x0800, 0x0000, 0x3185, 0x18C3, 0x0000, 0x0020,
  0x10A2, 0x1061, 0x0000, 0x0020, 0x1061, 0x2103, 0x2103, 0x0000, 0x0000, 0x0000, 0x0000, 0x1840,
  0x1061, 0x0000, 0x1061, 0x1061, 0x0000, 0x0000, 0x0000, 0x1061, 0x0820, 0x0020, 0x0000, 0x0000,
  0x0000, 0x0000, 0x0000, 0x0000, 0x0000, 0x0000, 0x0000, 0x0000, 0x0000, 0x0000, 0x0000, 0x0000,
  0x0000, 0x0000, 0x0000, 0x0000, 0x0000, 0x0000, 0x0000, 0x0000, 0x0000, 0x0000, 0x0000, 0x0000,
  0x0000, 0x0000, 0x0000, 0x0000, 0x0000, 0x0000, 0x0000, 0x0000, 0x0000, 0x0000, 0x0020, 0x0000,
  0x0000, 0x0000, 0x0000, 0x0000, 0x0000, 0x0000, 0x0020, 0x0020, 0x0000, 0x0020, 0x0020, 0x0000,
  0x0000, 0x0020, 0x0020, 0x0000, 0x0020, 0x0000, 0x0000, 0x0000, 0x0000, 0x0000, 0x0000, 0x0000,
  0x0000, 0x0020, 0x0020, 0x0020, 0x0020, 0x0020, 0x0020, 0x0020, 0x0020, 0x0000, 0x0000, 0x0000,
  0x0020, 0x0020, 0x0000, 0x0000, 0x0020, 0x0000, 0x0000, 0x0020, 0x0000, 0x0000, 0x0000, 0x0020,
  0x0000, 0x0000, 0x0000, 0x0020, 0x0020, 0x0020, 0x0020, 0x0000, 0x0000, 0x0000, 0x0000, 0x0000,
  0x0000, 0x0000, 0x0000, 0x0020, 0x0000, 0x0000, 0x0000, 0x0000, 0x0000, 0x0000, 0x0000, 0x0000,
  0x0000, 0x0000, 0x0000, 0x0000, 0x0000, 0x0000, 0x0000, 0x0000, 0x0000, 0x0000, 0x0000, 0x0000,
  0x0000, 0x0000, 0x0000, 0x0000, 0x0000, 0x0000, 0x0000, 0x0000, 0x0000, 0x0000, 0x0000, 0x0000,
  0x0000, 0x0000, 0x0000, 0x0000, 0x0000, 0x0000, 0x0000, 0x0000, 0x0020, 0x0020, 0x0820, 0x0020,
  0x0020, 0x0000, 0x0020, 0x0000, 0x0020, 0x0000, 0x0000, 0x0000, 0x0000, 0x0000, 0x0000, 0x0000,
  0x0000, 0x0000, 0x0000, 0x0000, 0x0000, 0x0000, 0x0000, 0x0000, 0x0000, 0x0000, 0x0000, 0x0020,
  0x0000, 0x0800, 0x0000, 0x0800, 0x0800, 0x0020, 0x0800, 0x0800, 0x0000, 0x0000, 0x0820, 0x0020,
  0x0000, 0x0020, 0x0000, 0x0000, 0x0000, 0x0020, 0x1061, 0x10A2, 0x10A2, 0x2103, 0x18C3, 0x2103,
  0x10A2, 0x0000, 0x0000, 0x0000, 0x0000, 0x0000, 0x1061, 0x2944, 0x2944, 0x0841, 0x1061, 0x2103,
  0x18C3, 0x18C3, 0x10A2, 0x0000, 0x0800, 0x0000, 0x0000, 0x0000, 0x0000, 0x0000, 0x0020, 0x0000,
  0x0000, 0x0820, 0x1020, 0x0000, 0x0000, 0x0000, 0x0000, 0x0000, 0x0000, 0x0000, 0x0000, 0x0800,
  0x0000, 0x0841, 0x0000, 0x0000, 0x10A2, 0x0820, 0x0000, 0x0841, 0x1061, 0x1061, 0x0841, 0x1061,
  0x0820, 0x1840, 0x1061, 0x18C3, 0x10A2, 0x0020, 0x0000, 0x0000, 0x0000, 0x0000, 0x1061, 0x0820,
  0x0000, 0x0000, 0x0000, 0x0000, 0x0800, 0x0000, 0x2103, 0x0020, 0x0000, 0x0000, 0x0820, 0x0800,
  0x0820, 0x1061, 0x1061, 0x0020, 0x0000, 0x0841, 0x0841, 0x0800, 0x0000, 0x0000, 0x0800, 0x0000,
  0x0000, 0x0820, 0x0820, 0x0000, 0x0000, 0x0800, 0x0800, 0x0000, 0x0000, 0x0000, 0x0820, 0x0000,
  0x0000, 0x0000, 0x0800, 0x0000, 0x0000, 0x1061, 0x0841, 0x0841, 0x1061, 0x1061, 0x0000, 0x0000,
  0x18C3, 0x2944, 0x10A2, 0x0800, 0x0000, 0x0000, 0x0000, 0x1061, 0x10A2, 0x0000, 0x2944, 0x18C3,
  0x0000, 0x0820, 0x0000, 0x0020, 0x0000, 0x0841, 0x0820, 0x0000, 0x0000, 0x0000, 0x0000, 0x0000,
  0x0000, 0x0000, 0x0000, 0x0000, 0x0000, 0x0000, 0x0000, 0x0000, 0x0000, 0x0000, 0x0000, 0x0000,
  0x0000, 0x0000, 0x0000, 0x0000, 0x0000, 0x0000, 0x0000, 0x0000, 0x0000, 0x0000, 0x0000, 0x0000,
  0x0000, 0x0000, 0x0000, 0x0000, 0x0000, 0x0020, 0x0020, 0x0000, 0x0000, 0x0000, 0x0000, 0x0000,
  0x0000, 0x0000, 0x0000, 0x0000, 0x0020, 0x0000, 0x0020, 0x0020, 0x0000, 0x0000, 0x0000, 0x0000,
  0x0000, 0x0020, 0x0000, 0x0000, 0x0000, 0x0000, 0x0000, 0x0020, 0x0020, 0x0020, 0x0020, 0x0020,
  0x0020, 0x0000, 0x0000, 0x0000, 0x0000, 0x0020, 0x0020, 0x0000, 0x0020, 0x0000, 0x0000, 0x0020,
  0x0000, 0x0020, 0x0000, 0x0000, 0x0020, 0x0000, 0x0000, 0x0000, 0x0000, 0x0020, 0x0020, 0x0000,
  0x0000, 0x0000, 0x0000, 0x0020, 0x0020, 0x0000, 0x0000, 0x0000, 0x0000, 0x0000, 0x0000, 0x0000,
  0x0000, 0x0000, 0x0000, 0x0000, 0x0000, 0x0000, 0x0000, 0x0020, 0x0000, 0x0000, 0x0000, 0x0020,
  0x0000, 0x0000, 0x0000, 0x0000, 0x0000, 0x0000, 0x0000, 0x0000, 0x0000, 0x0000, 0x0000, 0x0000,
  0x0000, 0x0000, 0x0000, 0x0000, 0x0000, 0x0000, 0x0000, 0x0000, 0x0000, 0x0000, 0x1061, 0x0841,
  0x0841, 0x0000, 0x0020, 0x0820, 0x0020, 0x0000, 0x0000, 0x0000, 0x0020, 0x0000, 0x0020, 0x0020,
  0x0020, 0x0000, 0x0000, 0x0020, 0x0020, 0x0020, 0x0820, 0x0820, 0x0020, 0x0020, 0x0020, 0x0000,
  0x0820, 0x0020, 0x0000, 0x0000, 0x0000, 0x0000, 0x0000, 0x0000, 0x0000, 0x0000, 0x0000, 0x0000,
  0x0000, 0x0000, 0x0000, 0x0000, 0x0000, 0x0000, 0x0000, 0x0000, 0x0800, 0x0800, 0x0800, 0x0800,
  0x0800, 0x0020, 0x0000, 0x0000, 0x0000, 0x0000, 0x0000, 0x0000, 0x0000, 0x0000, 0x0000, 0x0000,
  0x0000, 0x0000, 0x0000, 0x1061, 0x18C3, 0x10A2, 0x18C3, 0x2103, 0x2103, 0x2944, 0x18C3, 0x0000,
  0x0000, 0x0000, 0x0000, 0x0000, 0x0000, 0x0000, 0x2103, 0x2103, 0x3185, 0x0000, 0x18C3, 0x2103,
  0x2103, 0x18C3, 0x1061, 0x0000, 0x0000, 0x0000, 0x0000, 0x0000, 0x2944, 0x2103, 0x0820, 0x0000,
  0x0000, 0x0000, 0x0000, 0x0820, 0x0820, 0x0841, 0x10A2, 0x10A2, 0x1061, 0x30C0, 0x0000, 0x0000,
  0x0841, 0x0000, 0x0000, 0x0000, 0x0000, 0x0841, 0x2944, 0x1061, 0x0000, 0x0000, 0x0000, 0x0000,
  0x0800, 0x0000, 0x0000, 0x0000, 0x0000, 0x0000, 0x0000, 0x0800, 0x18C3, 0x1061, 0x0841, 0x0020,
  0x0000, 0x0000, 0x0800, 0x0800, 0x0000, 0x0820, 0x1020, 0x0800, 0x0000, 0x0000, 0x0800, 0x0820,
  0x0000, 0x0820, 0x0800, 0x0000, 0x0000, 0x0800, 0x0800, 0x0000, 0x0000, 0x0000, 0x0800, 0x0000,
  0x0000, 0x2103, 0x1061, 0x0820, 0x0841, 0x0820, 0x0820, 0x0000, 0x0000, 0x0000, 0x0820, 0x0800,
  0x0000, 0x0000, 0x0820, 0x0820, 0x0000, 0x0000, 0x0000, 0x0800, 0x10A2, 0x2103, 0x0020, 0x0800,
  0x0800, 0x0000, 0x0000, 0x0000, 0x0000, 0x0000, 0x0000, 0x0000, 0x0000, 0x0000, 0x0000, 0x0000,
  0x0000, 0x0000, 0x0000, 0x0000, 0x0000, 0x0020, 0x0841, 0x0841, 0x1061, 0x1061, 0x1061, 0x0820,
  0x0000, 0x0000, 0x0000, 0x0000, 0x0020, 0x1061, 0x0020, 0x0000, 0x0000, 0x0841, 0x0841, 0x0000,
  0x0000, 0x0000, 0x0000, 0x0000, 0x0841, 0x0841, 0x0000, 0x0020, 0x0020, 0x0020, 0x1061, 0x0820,
  0x0000, 0x0000, 0x0000, 0x0000, 0x0020, 0x0841, 0x0841, 0x1061, 0x0820, 0x0000, 0x0000, 0x0000,
  0x0000, 0x0000, 0x0000, 0x0000, 0x0000, 0x0000, 0x0020, 0x0020, 0x0000, 0x0841, 0x10A2, 0x1061,
  0x1061, 0x0000, 0x0000, 0x0020, 0x0000, 0x0020, 0x0000, 0x0000, 0x0020, 0x0020, 0x0820, 0x1061,
  0x0000, 0x0000, 0x0000, 0x0020, 0x0000, 0x0000, 0x0000, 0x0020, 0x1061, 0x1061, 0x1061, 0x0000,
  0x0000, 0x0020, 0x0000, 0x0000, 0x0000, 0x0000, 0x0020, 0x1061, 0x0841, 0x0000, 0x0000, 0x0000,
  0x0000, 0x0000, 0x0000, 0x0000, 0x0841, 0x10A2, 0x0000, 0x0000, 0x0020, 0x0000, 0x0000, 0x0000,
  0x0000, 0x0000, 0x0000, 0x0000, 0x0000, 0x0000, 0x0000, 0x0000, 0x0000, 0x0000, 0x0000, 0x0000,
  0x0000, 0x0000, 0x0000, 0x0000, 0x0000, 0x0841, 0x10A2, 0x18C3, 0x18C3, 0x2103, 0x18C3, 0x2103,
  0x2103, 0x18C3, 0x18C3, 0x0841, 0x0000, 0x0000, 0x0020, 0x0020, 0x0020, 0x0841, 0x0020, 0x0020,
  0x0000, 0x0000, 0x0000, 0x0000, 0x0820, 0x0020, 0x0020, 0x0000, 0x0020, 0x0020, 0x0820, 0x0820,
  0x0820, 0x0820, 0x0020, 0x0020, 0x0820, 0x0820, 0x0820, 0x0020, 0x0020, 0x0000, 0x0000, 0x0000,
  0x0000, 0x0000, 0x0000, 0x0000, 0x0000, 0x0000, 0x0000, 0x0000, 0x0000, 0x0000, 0x0000, 0x0000,
  0x0000, 0x0000, 0x0000, 0x0000, 0x0000, 0x0020, 0x0020, 0x0000, 0x0000, 0x0000, 0x0000, 0x0000,
  0x0000, 0x0000, 0x0020, 0x0000, 0x0020, 0x0820, 0x0020, 0x0000, 0x0000, 0x0000, 0x0000, 0x0000,
  0x0000, 0x0000, 0x1061, 0x2103, 0x3185, 0x1061, 0x2944, 0x3185, 0x3185, 0x3185, 0x18C3, 0x0000,
  0x0000, 0x0000, 0x0000, 0x0000, 0x0841, 0x0841, 0x0000, 0x0000, 0x0000, 0x1061, 0x10A2, 0x0000,
  0x10A2, 0x10A2, 0x1061, 0x0820, 0x0000, 0x0000, 0x0000, 0x0000, 0x0000, 0x0820, 0x0020, 0x0000,
  0x0000, 0x0000, 0x0000, 0x0820, 0x0000, 0x0000, 0x0000, 0x0800, 0x0000, 0x0800, 0x0000, 0x0000,
  0x0000, 0x1020, 0x1840, 0x0000, 0x0000, 0x0020, 0x0841, 0x0000, 0x0000, 0x0000, 0x0800, 0x0000,
  0x0000, 0x1020, 0x1020, 0x0020, 0x0000, 0x0000, 0x0000, 0x0820, 0x0800, 0x0820, 0x0000, 0x0000,
  0x0000, 0x0000, 0x0000, 0x0000, 0x0000, 0x0000, 0x0800, 0x0000, 0x0000, 0x1061, 0x2103, 0x0000,
  0x0820, 0x0820, 0x0841, 0x0000, 0x0000, 0x0020, 0x0000, 0x0820, 0x0800, 0x0000, 0x0000, 0x0000,
  0x0800, 0x0800, 0x0020, 0x0820, 0x0000, 0x0000, 0x0841, 0x0000, 0x0000, 0x0000, 0x0000, 0x0000,
  0x0000, 0x0000, 0x0000, 0x0000, 0x0000, 0x0000, 0x0000, 0x0000, 0x0000, 0x0000, 0x0000, 0x0000,
  0x0000, 0x10A2, 0xFC20, 0xFBA0, 0xDB41, 0xDB41, 0xFC20, 0xA260, 0x0000, 0x0020, 0x0020, 0x0000,
  0x30C0, 0xFC20, 0x40E0, 0x0000, 0x0000, 0xB2C0, 0xA260, 0x0000, 0x0020, 0x0000, 0x0000, 0x0000,
  0xAB21, 0xFBA0, 0x30C0, 0x0000, 0x0000, 0x5940, 0xFC20, 0x7262, 0x0000, 0x0020, 0x0000, 0x0000,
  0x0820, 0xAB21, 0xFBA0, 0xFC20, 0xFBA0, 0x71C0, 0x0000, 0x0020, 0x0000, 0x0000, 0x0000, 0x0000,
  0x0000, 0x0000, 0x0020, 0x0820, 0x0000, 0x62EB, 0xD69A, 0xD69A, 0xD69A, 0xB596, 0x2944, 0x0000,
  0x0020, 0x0000, 0x0000, 0x0000, 0x0020, 0x0000, 0x7BEF, 0xF79E, 0x39C7, 0x0000, 0x0020, 0x0020,
  0x0000, 0x0020, 0x0000, 0x3185, 0xD69A, 0xD69A, 0xD69A, 0xBDF7, 0x39C7, 0x0000, 0x0820, 0x0020,
  0x0020, 0x0000, 0x1061, 0xBDF7, 0x6B4D, 0x0000, 0x0020, 0x0000, 0x0020, 0x0000, 0x0000, 0x73AE,
  0xD69A, 0xD69A, 0xB596, 0x2103, 0x0000, 0x0020, 0x0000, 0x0000, 0x0000, 0x0000, 0x0000, 0x0000,
  0x0000, 0x0000, 0x0000, 0x0000, 0x0000, 0x0000, 0x0000, 0x0000, 0x0000, 0x0000, 0x0000, 0x0000,
  0x0000, 0x0020, 0x10A2, 0x18C3, 0x18C3, 0x2103, 0x18C3, 0x1061, 0x2103, 0x2103, 0x3185, 0x10A2,
  0x0000, 0x0000, 0x0000, 0x0000, 0x0000, 0x2944, 0x3185, 0x2944, 0x2944, 0x2944, 0x2103, 0x18C3,
  0x0000, 0x0020, 0x0020, 0x0000, 0x0020, 0x0020, 0x0020, 0x0000, 0x0000, 0x0000, 0x0000, 0x0000,
  0x0000, 0x0000, 0x0020, 0x0820, 0x0820, 0x0020, 0x0020, 0x0020, 0x0020, 0x0820, 0x0820, 0x0820,
  0x0020, 0x0020, 0x0020, 0x0000, 0x0000, 0x0000, 0x0000, 0x0000, 0x0000, 0x0000, 0x0000, 0x0000,
  0x0000, 0x0000, 0x0000, 0x0000, 0x0000, 0x0000, 0x0000, 0x0000, 0x0000, 0x0000, 0x0000, 0x0000,
  0x0000, 0x0000, 0x0000, 0x0000, 0x0000, 0x0000, 0x0000, 0x0000, 0x0000, 0x0000, 0x0000, 0x0000,
  0x0000, 0x0020, 0x1061, 0x0841, 0x1061, 0x10A2, 0x0841, 0x0000, 0x0000, 0x0000, 0x0000, 0x0000,
  0x0000, 0x0000, 0x0841, 0x0820, 0x0000, 0x0020, 0x2103, 0x0820, 0x0020, 0x0020, 0x0000, 0x0000,
  0x0000, 0x0000, 0x0000, 0x0000, 0x10A2, 0x39C7, 0x18C3, 0x0000, 0x0800, 0x0000, 0x0000, 0x0000,
  0x0800, 0x0000, 0x0800, 0x0800, 0x0000, 0x1840, 0x0820, 0x0000, 0x0000, 0x1020, 0x0800, 0x0800,
  0x0000, 0x0000, 0x0000, 0x0800, 0x0800, 0x0000, 0x0800, 0x1061, 0x10A2, 0x0000, 0x0841, 0x1061,
  0x2103, 0x0000, 0x0000, 0x1020, 0x0820, 0x0820, 0x0000, 0x0000, 0x0000, 0x0000, 0x0000, 0x0000,
  0x0000, 0x0800, 0x0800, 0x0000, 0x0000, 0x0000, 0x0000, 0x0841, 0x0841, 0x0841, 0x0820, 0x0000,
  0x0020, 0x0000, 0x0000, 0x1020, 0x0800, 0x0000, 0x2103, 0x1061, 0x0000, 0x0000, 0x0800, 0x0000,
  0x0000, 0x0000, 0x0000, 0x0020, 0x0000, 0x0000, 0x0000, 0x0000, 0x0000, 0x0000, 0x0000, 0x0000,
  0x0000, 0x0000, 0x0000, 0x0000, 0x0000, 0x0000, 0x0000, 0x0000, 0x0000, 0x0820, 0x40E0, 0x5940,
  0xFBA0, 0xA260, 0x30C0, 0x30C0, 0x0000, 0x0020, 0x0020, 0x0000, 0x30C0, 0xFC20, 0x40E0, 0x0000,
  0x0000, 0xB2C0, 0xB2C0, 0x0000, 0x0000, 0x0000, 0x0000, 0x0000, 0xB2C0, 0xFBA0, 0x89E0, 0x0000,
  0x0000, 0xB2C0, 0xFBA0, 0xA260, 0x0000, 0x0020, 0x0000, 0x0000, 0x0020, 0xDB41, 0xA260, 0x2060,
  0x89E0, 0xFC20, 0x30C0, 0x0000, 0x0020, 0x0000, 0x0000, 0x0000, 0x0020, 0x0020, 0x0020, 0x0820,
  0x0000, 0x6B4D, 0xD69A, 0x4A28, 0x39C7, 0xB596, 0xBDF7, 0x0000, 0x0000, 0x0000, 0x0000, 0x0020,
  0x0000, 0x1061, 0xBDF7, 0xD69A, 0x8C51, 0x0000, 0x0020, 0x0000, 0x0000, 0x0020, 0x0000, 0x3185,
  0xD69A, 0x62EB, 0x3185, 0x94B2, 0xD69A, 0x2944, 0x0000, 0x0020, 0x0000, 0x0000, 0x1061, 0xD69A,
  0x6B4D, 0x0000, 0x0020, 0x0000, 0x0020, 0x0000, 0x73AE, 0xD69A, 0x528A, 0x3185, 0xB596, 0xBDF7,
  0x1061, 0x0000, 0x0000, 0x0000, 0x0000, 0x0000, 0x0000, 0x0000, 0x0000, 0x0000, 0x0000, 0x0000,
  0x0000, 0x0000, 0x0000, 0x0000, 0x0000, 0x0000, 0x0000, 0x0000, 0x0000, 0x0000, 0x0000, 0x0000,
  0x0020, 0x0000, 0x0020, 0x0020, 0x0841, 0x10A2, 0x1061, 0x0841, 0x0000, 0x0000, 0x0000, 0x0000,
  0x0000, 0x2944, 0x39C7, 0x2944, 0x3185, 0x3185, 0x3185, 0x3185, 0x0000, 0x0020, 0x0020, 0x0000,
  0x0020, 0x0000, 0x2103, 0x18C3, 0x2103, 0x1061, 0x18C3, 0x10A2, 0x18C3, 0x18C3, 0x0820, 0x0000,
  0x0020, 0x0020, 0x0020, 0x0000, 0x0000, 0x0000, 0x0020, 0x0000, 0x0000, 0x0020, 0x0020, 0x0020,
  0x0020, 0x0020, 0x0020, 0x0820, 0x0000, 0x0020, 0x0020, 0x0020, 0x0020, 0x0020, 0x0000, 0x0000,
  0x0000, 0x0000, 0x0000, 0x0000, 0x0000, 0x0000, 0x0000, 0x0000, 0x0000, 0x0000, 0x0000, 0x0000,
  0x0000, 0x0000, 0x0000, 0x0000, 0x0000, 0x0000, 0x0000, 0x0000, 0x0000, 0x0000, 0x0000, 0x0000,
  0x0000, 0x0000, 0x0000, 0x0000, 0x0000, 0x0000, 0x0000, 0x0000, 0x0000, 0x0820, 0x1061, 0x1061,
  0x0841, 0x0000, 0x1061, 0x0820, 0x0000, 0x0000, 0x0800, 0x0800, 0x0800, 0x0800, 0x0800, 0x0000,
  0x1061, 0x10A2, 0x18C3, 0x0841, 0x0000, 0x0000, 0x0000, 0x0000, 0x0800, 0x0000, 0x0000, 0x0000,
  0x0000, 0x0800, 0x0820, 0x0000, 0x0000, 0x0000, 0x0820, 0x1020, 0x0000, 0x0000, 0x0800, 0x0820,
  0x0000, 0x0000, 0x0800, 0x0020, 0x2103, 0x0841, 0x1061, 0x0841, 0x0820, 0x0800, 0x0000, 0x1020,
  0x1020, 0x0820, 0x0000, 0x0000, 0x0000, 0x0000, 0x0000, 0x0000, 0x0000, 0x0800, 0x0000, 0x0000,
  0x0000, 0x0800, 0x0000, 0x0820, 0x0020, 0x0020, 0x0000, 0x10A2, 0x18C3, 0x0000, 0x0000, 0x0000,
  0x0000, 0x0020, 0x0841, 0x10A2, 0x0000, 0x0000, 0x0000, 0x0000, 0x0000, 0x0000, 0x0820, 0x0820,
  0x0000, 0x0800, 0x0800, 0x0820, 0x1020, 0x1020, 0x1020, 0x1840, 0x1840, 0x1840, 0x1840, 0x2060,
  0x1840, 0x0000, 0x0000, 0x0000, 0x0000, 0x0000, 0x0000, 0x0000, 0xFB80, 0x71C0, 0x0000, 0x0000,
  0x0000, 0x0000, 0x0020, 0x0000, 0x30C0, 0xFC20, 0x5940, 0x0841, 0x1061, 0xAB21, 0xB2C0, 0x0000,
  0x0020, 0x0000, 0x0020, 0x0000, 0xB2C0, 0xDAC0, 0xDB41, 0x0841, 0x30C0, 0xDB41, 0xDB41, 0xA260,
  0x0000, 0x0020, 0x0000, 0x0000, 0x0841, 0xFB80, 0x89E0, 0x0000, 0x59C1, 0xDB41, 0x1840, 0x0000,
  0x0020, 0x0000, 0x0000, 0x0000, 0x0000, 0x0000, 0x0000, 0x0820, 0x0000, 0x6B4D, 0xD69A, 0x0000,
  0x0000, 0x6B4D, 0xBDF7, 0x0841, 0x0000, 0x0020, 0x0000, 0x0020, 0x0000, 0x528A, 0xBDF7, 0x528A,
  0xBDF7, 0x1061, 0x0000, 0x0000, 0x0000, 0x0020, 0x0000, 0x3185, 0xD69A, 0x2944, 0x0000, 0x0000,
  0xBDF7, 0x7BEF, 0x0000, 0x0020, 0x0000, 0x0000, 0x1061, 0xBDF7, 0x6B4D, 0x0000, 0x0020, 0x0000,
  0x0000, 0x0820, 0xBDF7, 0x73AE, 0x0000, 0x0000, 0x18C3, 0xD69A, 0x4A28, 0x0000, 0x0020, 0x0000,
  0x0000, 0x1840, 0x2060, 0x1840, 0x1840, 0x1840, 0x1840, 0x1020, 0x1020, 0x0820, 0x0820, 0x0800,
  0x0000, 0x0000, 0x0000, 0x0000, 0x0000, 0x0000, 0x0000, 0x0000, 0x0000, 0x0000, 0x0000, 0x0000,
  0x0000, 0x0000, 0x0000, 0x0000, 0x0000, 0x0000, 0x0000, 0x0000, 0x0000, 0x1061, 0x1061, 0x10A2,
  0x1061, 0x18C3, 0x2103, 0x2944, 0x0000, 0x0000, 0x0000, 0x0000, 0x0000, 0x0000, 0x2103, 0x39C7,
  0x39C7, 0x2103, 0x3185, 0x10A2, 0x18C3, 0x2944, 0x18C3, 0x0000, 0x0000, 0x0000, 0x0000, 0x0841,
  0x18C3, 0x1061, 0x0841, 0x1061, 0x0841, 0x0000, 0x0020, 0x0020, 0x0020, 0x0020, 0x0000, 0x0020,
  0x0000, 0x0000, 0x0020, 0x0020, 0x0020, 0x0020, 0x0020, 0x0020, 0x0020, 0x0020, 0x0020, 0x0020,
  0x0020, 0x0020, 0x0020, 0x0000, 0x0000, 0x0000, 0x0000, 0x0000, 0x0000, 0x0000, 0x0000, 0x0000,
  0x0000, 0x0000, 0x0000, 0x0000, 0x0000, 0x0000, 0x0000, 0x0000, 0x0000, 0x0000, 0x0000, 0x0000,
  0x0000, 0x18C3, 0x1061, 0x0000, 0x0000, 0x0000, 0x10A2, 0x10A2, 0x0000, 0x0000, 0x0000, 0x0000,
  0x0000, 0x0820, 0x0800, 0x0000, 0x0000, 0x0000, 0x0000, 0x0820, 0x0000, 0x1061, 0x1061, 0x0000,
  0x0000, 0x0000, 0x0000, 0x0000, 0x0000, 0x0800, 0x0000, 0x0000, 0x0000, 0x0800, 0x0000, 0x0000,
  0x0000, 0x0000, 0x0000, 0x0820, 0x0820, 0x0000, 0x0000, 0x0000, 0x0020, 0x2103, 0x0000, 0x0000,
  0x10A2, 0x1061, 0x0000, 0x0000, 0x0000, 0x0000, 0x0000, 0x0000, 0x0820, 0x0000, 0x0800, 0x0000,
  0x0000, 0x0000, 0x0000, 0x0000, 0x0800, 0x0800, 0x0000, 0x0000, 0x0000, 0x0000, 0x0000, 0x0000,
  0x0841, 0x0000, 0x0000, 0x0000, 0x10A2, 0x0841, 0x0000, 0x0800, 0x0800, 0x0000, 0x0000, 0x0000,
  0x0020, 0x0000, 0x0000, 0x0820, 0x0820, 0x0820, 0x0000, 0x10A2, 0x0800, 0x1020, 0x1840, 0x2060,
  0x3080, 0x40A0, 0x40A0, 0x40E0, 0x5940, 0x5940, 0x71C0, 0x71C0, 0x5940, 0x0000, 0x0000, 0x0000,
  0x0000, 0x0020, 0x0000, 0x0841, 0xDB41, 0x71C0, 0x0000, 0x0020, 0x0000, 0x0000, 0x0020, 0x0000,
  0x40E0, 0xFBA0, 0xDB41, 0xDB41, 0xDB41, 0xFB80, 0xB2C0, 0x0000, 0x0020, 0x0020, 0x0020, 0x0000,
  0xB2C0, 0x89E0, 0xDB41, 0x40E0, 0x71C0, 0xBA20, 0xA260, 0xA260, 0x0000, 0x0020, 0x0000, 0x0000,
  0x1061, 0xDB41, 0xFB20, 0xB2C0, 0xFB80, 0x89E0, 0x0000, 0x0000, 0x0000, 0x0000, 0x0000, 0x0000,
  0x0000, 0x0000, 0x0000, 0x0820, 0x0000, 0x62EB, 0xBDF7, 0x8C51, 0x7BEF, 0xBDF7, 0x73AE, 0x0000,
  0x0820, 0x0020, 0x0020, 0x0820, 0x0000, 0x8C51, 0x8C51, 0x0000, 0xBDF7, 0x4A28, 0x0000, 0x0820,
  0x0020, 0x0020, 0x0000, 0x3185, 0xD69A, 0x3185, 0x0000, 0x0020, 0xA514, 0x94B2, 0x0000, 0x0020,
  0x0000, 0x0000, 0x1061, 0xBDF7, 0x62EB, 0x0000, 0x0020, 0x0020, 0x0000, 0x10A2, 0xBDF7, 0x4A28,
  0x0000, 0x0841, 0x1061, 0xB596, 0x528A, 0x0000, 0x0020, 0x0000, 0x0000, 0x5940, 0x89E0, 0x71C0,
  0x7140, 0x5940, 0x50E0, 0x40E0, 0x40A0, 0x3080, 0x3080, 0x1840, 0x0820, 0x0000, 0x0000, 0x0000,
  0x0000, 0x0000, 0x0000, 0x0000, 0x0000, 0x0000, 0x0000, 0x0000, 0x0000, 0x0000, 0x0000, 0x0000,
  0x0000, 0x0000, 0x0000, 0x0000, 0x0000, 0x0000, 0x0000, 0x0000, 0x0000, 0x0000, 0x0000, 0x0000,
  0x0000, 0x0000, 0x0000, 0x0000, 0x0000, 0x0000, 0x0841, 0x10A2, 0x1061, 0x18C3, 0x18C3, 0x2103,
  0x10A2, 0x10A2, 0x18C3, 0x0000, 0x0000, 0x0000, 0x0000, 0x10A2, 0x2944, 0x10A2, 0x2944, 0x2103,
  0x2944, 0x2944, 0x2103, 0x2103, 0x18C3, 0x2944, 0x10A2, 0x0000, 0x0000, 0x0000, 0x0020, 0x0020,
  0x0020, 0x0820, 0x0000, 0x0000, 0x0000, 0x0000, 0x0000, 0x0000, 0x0000, 0x0000, 0x0000, 0x0000,
  0x0000, 0x0020, 0x0000, 0x0000, 0x0020, 0x0020, 0x0020, 0x0020, 0x0020, 0x0020, 0x0000, 0x0000,
  0x0000, 0x0000, 0x0000, 0x0000, 0x0000, 0x0000, 0x0000, 0x0000, 0x0000, 0x1061, 0x18C3, 0x1061,
  0x0000, 0x0000, 0x0020, 0x0000, 0x0000, 0x0000, 0x0000, 0x0000, 0x0000, 0x0000, 0x0000, 0x0000,
  0x0000, 0x1020, 0x1020, 0x0800, 0x0000, 0x0000, 0x0000, 0x0000, 0x0000, 0x0000, 0x0000, 0x0000,
  0x0000, 0x0000, 0x0000, 0x0000, 0x0000, 0x0000, 0x0800, 0x0800, 0x0000, 0x0820, 0x1840, 0x1020,
  0x0000, 0x0820, 0x0000, 0x0000, 0x1061, 0x1061, 0x0020, 0x0000, 0x0000, 0x0000, 0x0000, 0x0000,
  0x0820, 0x0820, 0x0000, 0x0000, 0x0800, 0x0000, 0x0800, 0x0000, 0x0000, 0x0000, 0x0000, 0x0000,
  0x0800, 0x0000, 0x0000, 0x0841, 0x10A2, 0x0000, 0x0000, 0x0000, 0x18C3, 0x10A2, 0x18C3, 0x0000,
  0x0820, 0x0000, 0x0000, 0x0000, 0x0800, 0x0000, 0x0000, 0x0000, 0x1840, 0x0820, 0x0000, 0x0800,
  0x0000, 0x1061, 0x0841, 0x0800, 0x0800, 0x0000, 0x0000, 0x0000, 0x0000, 0x0000, 0x0000, 0x0000,
  0x0000, 0x0000, 0x0000, 0x0000, 0x0000, 0x0000, 0x0000, 0x0000, 0x0000, 0x0000, 0x0000, 0x0841,
  0xFB20, 0x71C0, 0x0000, 0x0020, 0x0000, 0x0000, 0x0020, 0x0000, 0x30C0, 0xFB80, 0x7140, 0x2060,
  0x2060, 0xB2C0, 0xBA20, 0x0000, 0x0000, 0x0000, 0x0020, 0x0020, 0xDAC0, 0x71C0, 0x71C0, 0xA260,
  0xDAC0, 0x5940, 0xB2C0, 0xA260, 0x0000, 0x0020, 0x0000, 0x0000, 0x0820, 0xDAC0, 0x8960, 0x0000,
  0x3080, 0xF2C0, 0x5940, 0x0000, 0x0020, 0x0020, 0x0000, 0x0000, 0x0000, 0x0000, 0x0000, 0x0820,
  0x0000, 0x62EB, 0xBDF7, 0x73AE, 0xA514, 0x94B2, 0x0000, 0x0020, 0x0000, 0x0000, 0x0000, 0x0000,
  0x18C3, 0xB596, 0x8C51, 0x62EB, 0xB596, 0x8C51, 0x0000, 0x0020, 0x0000, 0x0000, 0x0000, 0x2944,
  0xBDF7, 0x2944, 0x0000, 0x0000, 0xA514, 0x73AE, 0x0000, 0x0020, 0x0000, 0x0000, 0x1061, 0xB596,
  0x62EB, 0x0000, 0x0820, 0x0000, 0x0000, 0x0841, 0xB596, 0x62EB, 0x0000, 0x0000, 0x10A2, 0xB596,
  0x4A28, 0x0000, 0x0020, 0x0000, 0x0000, 0x0000, 0x0000, 0x0000, 0x0000, 0x0000, 0x0000, 0x0000,
  0x0000, 0x0000, 0x0000, 0x0000, 0x0000, 0x0000, 0x0000, 0x0000, 0x0000, 0x0000, 0x0000, 0x0000,
  0x0000, 0x0000, 0x0000, 0x0000, 0x0000, 0x0000, 0x0000, 0x0000, 0x0000, 0x0000, 0x0000, 0x0000,
  0x0000, 0x0000, 0x0000, 0x0000, 0x0000, 0x0000, 0x0000, 0x0000, 0x0000, 0x0000, 0x0000, 0x0000,
  0x0000, 0x0000, 0x0000, 0x0000, 0x0000, 0x0000, 0x0000, 0x0000, 0x0000, 0x0000, 0x0000, 0x0000,
  0x0000, 0x0000, 0x0000, 0x0841, 0x2103, 0x18C3, 0x18C3, 0x18C3, 0x10A2, 0x2944, 0x2944, 0x2944,
  0x3185, 0x2103, 0x2103, 0x0000, 0x0000, 0x0000, 0x0020, 0x0000, 0x1061, 0x2103, 0x10A2, 0x2103,
  0x1061, 0x1061, 0x1061, 0x1061, 0x0820, 0x0000, 0x0000, 0x0000, 0x0000, 0x0000, 0x0000, 0x0000,
  0x0000, 0x0000, 0x0000, 0x0000, 0x0000, 0x0000, 0x0000, 0x0000, 0x0000, 0x0000, 0x0000, 0x0000,
  0x0000, 0x0000, 0x0000, 0x0000, 0x0800, 0x0000, 0x0841, 0x0000, 0x0000, 0x0000, 0x0000, 0x0000,
  0x0000, 0x0000, 0x0800, 0x0000, 0x0000, 0x0000, 0x0000, 0x0820, 0x1020, 0x0820, 0x0000, 0x0000,
  0x0000, 0x0000, 0x0000, 0x0000, 0x0000, 0x0000, 0x0000, 0x0000, 0x0000, 0x0000, 0x0000, 0x0000,
  0x0000, 0x0000, 0x0800, 0x1020, 0x1840, 0x1840, 0x0800, 0x0000, 0x1061, 0x18C3, 0x1061, 0x0800,
  0x0000, 0x0000, 0x0000, 0x0800, 0x0000, 0x0000, 0x0000, 0x0000, 0x1020, 0x0800, 0x0820, 0x0000,
  0x0000, 0x0800, 0x0000, 0x0800, 0x0000, 0x0000, 0x0000, 0x0800, 0x0800, 0x0000, 0x0000, 0x10A2,
  0x3185, 0x0000, 0x0000, 0x0820, 0x1061, 0x1061, 0x0820, 0x0000, 0x0000, 0x0000, 0x0000, 0x0000,
  0x0000, 0x0000, 0x0000, 0x0000, 0x0800, 0x0820, 0x0000, 0x0000, 0x0000, 0x0020, 0x0020, 0x0000,
  0x0000, 0x0000, 0x0000, 0x0000, 0x0000, 0x0000, 0x0000, 0x0000, 0x0000, 0x0000, 0x0000, 0x0000,
  0x0000, 0x0000, 0x0000, 0x0000, 0x0000, 0x0000, 0x0000, 0x0841, 0xF2C0, 0x71C0, 0x0000, 0x0020,
  0x0000, 0x0000, 0x0020, 0x0000, 0x30C0, 0xFB20, 0x40E0, 0x0000, 0x0000, 0xB2C0, 0xBA20, 0x0000,
  0x0000, 0x0000, 0x0000, 0x0000, 0xBA20, 0x8960, 0x1840, 0xF2C0, 0xF2C0, 0x0820, 0xBA20, 0xA1C0,
  0x0000, 0x0020, 0x0020, 0x0000, 0x0020, 0xDAC0, 0x8960, 0x0000, 0x30C0, 0xF2C0, 0x7140, 0x0000,
  0x0020, 0x0020, 0x0000, 0x0000, 0x0000, 0x0000, 0x0000, 0x0020, 0x0000, 0x528A, 0xA514, 0x0000,
  0x2944, 0xBDF7, 0x3185, 0x0000, 0x0020, 0x0000, 0x0020, 0x0000, 0x528A, 0xB596, 0x73AE, 0x73AE,
  0x7BEF, 0xB596, 0x18C3, 0x0000, 0x0020, 0x0020, 0x0000, 0x3185, 0xB596, 0x39C7, 0x10A2, 0x62EB,
  0xBDF7, 0x3185, 0x0000, 0x0020, 0x0020, 0x0000, 0x1061, 0xA514, 0x528A, 0x0000, 0x0020, 0x0000,
  0x0020, 0x0000, 0x73AE, 0xA514, 0x2103, 0x0841, 0x73AE, 0xB596, 0x10A2, 0x0000, 0x0000, 0x0000,
  0x0000, 0x0000, 0x0000, 0x0000, 0x0000, 0x0000, 0x0000, 0x0000, 0x0000, 0x0000, 0x0000, 0x0000,
  0x0020, 0x0000, 0x0000, 0x0000, 0x0000, 0x0000, 0x0000, 0x0000, 0x0000, 0x0000, 0x0000, 0x0000,
  0x0000, 0x0000, 0x0000, 0x0000, 0x0000, 0x0000, 0x0000, 0x0000, 0x0000, 0x0000, 0x0000, 0x0000,
  0x0000, 0x0000, 0x0000, 0x0000, 0x0000, 0x0000, 0x0000, 0x0000, 0x0000, 0x0000, 0x0000, 0x0000,
  0x0000, 0x0000, 0x0000, 0x0000, 0x0000, 0x0000, 0x0000, 0x0000, 0x0000, 0x0000, 0x0000, 0x0000,
  0x0000, 0x0000, 0x0000, 0x0000, 0x0000, 0x0000, 0x0820, 0x0820, 0x1061, 0x18C3, 0x1061, 0x0000,
  0x0000, 0x0000, 0x0000, 0x0000, 0x0841, 0x2103, 0x2944, 0x2103, 0x2103, 0x2944, 0x2103, 0x3185,
  0x10A2, 0x0000, 0x0000, 0x0000, 0x0000, 0x0000, 0x0000, 0x0020, 0x18C3, 0x1061, 0x1061, 0x0820,
  0x1061, 0x0841, 0x0841, 0x0020, 0x0020, 0x0000, 0x0000, 0x0000, 0x0000, 0x0000, 0x0000, 0x0000,
  0x0000, 0x0000, 0x0000, 0x0800, 0x0000, 0x0000, 0x0000, 0x0800, 0x0800, 0x0800, 0x0000, 0x0000,
  0x0800, 0x0820, 0x0820, 0x0000, 0x0000, 0x0000, 0x0000, 0x0800, 0x0000, 0x0000, 0x0000, 0x0000,
  0x0820, 0x0000, 0x0000, 0x0000, 0x0000, 0x0000, 0x0000, 0x0000, 0x0000, 0x0000, 0x0000, 0x0000,
  0x0820, 0x0000, 0x0000, 0x0020, 0x2103, 0x1061, 0x0841, 0x0000, 0x0000, 0x0000, 0x0000, 0x0000,
  0x0000, 0x0000, 0x0800, 0x1020, 0x0800, 0x0800, 0x0800, 0x0800, 0x0820, 0x0800, 0x0000, 0x0000,
  0x0000, 0x0000, 0x0000, 0x0800, 0x0000, 0x0800, 0x0000, 0x0000, 0x0841, 0x2944, 0x0841, 0x0000,
  0x0000, 0x0000, 0x0820, 0x0000, 0x0000, 0x0800, 0x0000, 0x0000, 0x0000, 0x0000, 0x0000, 0x0000,
  0x0000, 0x0000, 0x0000, 0x0000, 0x0000, 0x0000, 0x0000, 0x0000, 0x0000, 0x0000, 0x0000, 0x0000,
  0x0000, 0x0000, 0x0000, 0x0000, 0x0000, 0x0000, 0x0000, 0x0000, 0x0000, 0x0000, 0x0000, 0x0000,
  0x0000, 0x0000, 0x0000, 0x0841, 0xF2C0, 0x7140, 0x0000, 0x0020, 0x0000, 0x0000, 0x0020, 0x0000,
  0x30C0, 0xFB20, 0x40E0, 0x0000, 0x0020, 0xB2C0, 0xBA20, 0x0000, 0x0000, 0x0000, 0x0000, 0x0000,
  0xBA20, 0x8960, 0x0000, 0xD220, 0xA1C0, 0x0000, 0xBA20, 0xA1C0, 0x0000, 0x0000, 0x0000, 0x0000,
  0x0820, 0xDAC0, 0xF2C0, 0xDAC0, 0xF2C0, 0xBA20, 0x1840, 0x0000, 0x0000, 0x0000, 0x0000, 0x0000,
  0x0000, 0x0000, 0x0000, 0x0020, 0x0000, 0x528A, 0xA514, 0x10A2, 0x0000, 0x7BEF, 0x94B2, 0x0820,
  0x0000, 0x0020, 0x0020, 0x0000, 0x94B2, 0x73AE, 0x0000, 0x0000, 0x1061, 0xA514, 0x528A, 0x0000,
  0x0820, 0x0820, 0x0000, 0x3185, 0xB596, 0x94B2, 0xA514, 0xA514, 0x4A28, 0x0000, 0x0020, 0x0000,
  0x0020, 0x0000, 0x1061, 0xA514, 0x528A, 0x0000, 0x0020, 0x0020, 0x0020, 0x0000, 0x1061, 0x7BEF,
  0xA514, 0xA514, 0xA514, 0x39C7, 0x0000, 0x0020, 0x0000, 0x0000, 0x0000, 0x0000, 0x0000, 0x0000,
  0x0000, 0x0000, 0x0000, 0x0000, 0x0000, 0x0000, 0x0000, 0x0000, 0x0000, 0x0000, 0x0000, 0x0000,
  0x0020, 0x0020, 0x0000, 0x0020, 0x0000, 0x0000, 0x0000, 0x0000, 0x0000, 0x0000, 0x0020, 0x0020,
  0x0020, 0x0020, 0x0020, 0x0000, 0x0000, 0x0000, 0x0000, 0x0000, 0x0000, 0x0000, 0x0000, 0x0000,
  0x0000, 0x0000, 0x0000, 0x0000, 0x0000, 0x0000, 0x0000, 0x0000, 0x0000, 0x0000, 0x0000, 0x0000,
  0x0000, 0x0000, 0x0000, 0x0000, 0x0000, 0x0000, 0x0000, 0x0000, 0x0000, 0x0000, 0x0000, 0x0000,
  0x0000, 0x0000, 0x0000, 0x0000, 0x0000, 0x0000, 0x0000, 0x0000, 0x0000, 0x0000, 0x0000, 0x0000,
  0x0820, 0x10A2, 0x1061, 0x0000, 0x1061, 0x10A2, 0x18C3, 0x18C3, 0x10A2, 0x0000, 0x0000, 0x0000,
  0x0000, 0x0000, 0x0000, 0x0820, 0x18C3, 0x18C3, 0x2103, 0x2103, 0x2944, 0x10A2, 0x18C3, 0x10A2,
  0x18C3, 0x1061, 0x0000, 0x0000, 0x0000, 0x0000, 0x0000, 0x0000, 0x0000, 0x0000, 0x0000, 0x0800,
  0x0820, 0x0000, 0x0000, 0x0000, 0x0800, 0x0000, 0x0820, 0x1020, 0x0820, 0x0000, 0x0000, 0x0000,
  0x0000, 0x0000, 0x0800, 0x0820, 0x0000, 0x0000, 0x0820, 0x0820, 0x0800, 0x0000, 0x0800, 0x1840,
  0x0000, 0x0000, 0x0000, 0x0000, 0x0000, 0x0000, 0x0000, 0x0000, 0x0000, 0x0000, 0x0000, 0x0000,
  0x0000, 0x0000, 0x0000, 0x0800, 0x0000, 0x0000, 0x0000, 0x0000, 0x0800, 0x1020, 0x0800, 0x0000,
  0x0000, 0x0000, 0x0000, 0x0000, 0x0800, 0x0820, 0x0000, 0x0000, 0x0800, 0x0000, 0x0000, 0x0000,
  0x0000, 0x0000, 0x0800, 0x0000, 0x0820, 0x1020, 0x0000, 0x0000, 0x0000, 0x0000, 0x0000, 0x0800,
  0x0000, 0x0800, 0x0000, 0x0000, 0x0000, 0x0000, 0x0000, 0x0000, 0x0000, 0x0000, 0x0000, 0x0000,
  0x0000, 0x0800, 0x0800, 0x0000, 0x0000, 0x0000, 0x0000, 0x0000, 0x0000, 0x0000, 0x0000, 0x0000,
  0x0000, 0x0000, 0x0000, 0x0000, 0x0000, 0x0000, 0x0000, 0x0000, 0x0000, 0x0000, 0x0000, 0x0020,
  0x30C0, 0x1840, 0x0000, 0x0000, 0x0000, 0x0000, 0x0000, 0x0000, 0x0820, 0x30C0, 0x0820, 0x0000,
  0x0000, 0x2060, 0x2060, 0x0000, 0x0000, 0x0000, 0x0000, 0x0000, 0x2060, 0x1840, 0x0000, 0x1840,
  0x1840, 0x0000, 0x2060, 0x1840, 0x0000, 0x0000, 0x0000, 0x0000, 0x0020, 0x30C0, 0x3080, 0x3080,
  0x2060, 0x0000, 0x0000, 0x0000, 0x0000, 0x0000, 0x0000, 0x0000, 0x0000, 0x0000, 0x0000, 0x0000,
  0x0000, 0x10A2, 0x2103, 0x0020, 0x0000, 0x1061, 0x2944, 0x0841, 0x0000, 0x0020, 0x0000, 0x0020,
  0x2944, 0x1061, 0x0000, 0x0820, 0x0000, 0x2103, 0x2103, 0x0000, 0x0020, 0x0020, 0x0000, 0x0841,
  0x2103, 0x2103, 0x2103, 0x0841, 0x0000, 0x0000, 0x0000, 0x0000, 0x0000, 0x0000, 0x0020, 0x2944,
  0x10A2, 0x0000, 0x0000, 0x0000, 0x0000, 0x0020, 0x0000, 0x0000, 0x2944, 0x3185, 0x1061, 0x0000,
  0x0000, 0x0000, 0x0000, 0x0000, 0x0000, 0x0000, 0x0000, 0x0000, 0x0000, 0x0000, 0x0000, 0x0000,
  0x0000, 0x0000, 0x0000, 0x0000, 0x0000, 0x0000, 0x0000, 0x0000, 0x0000, 0x0000, 0x0000, 0x0000,
  0x0000, 0x0000, 0x0000, 0x0000, 0x0000, 0x0000, 0x0000, 0x0000, 0x0000, 0x0000, 0x0000, 0x0000,
  0x0000, 0x0000, 0x0000, 0x0000, 0x0000, 0x0000, 0x0000, 0x0000, 0x0000, 0x0000, 0x0000, 0x0000,
  0x0000, 0x0000, 0x0000, 0x0000, 0x0000, 0x0000, 0x0000, 0x0000, 0x0000, 0x0000, 0x0000, 0x0000,
  0x0000, 0x0000, 0x0000, 0x0000, 0x0000, 0x0000, 0x0000, 0x0000, 0x0000, 0x0000, 0x0000, 0x0000,
  0x0000, 0x0000, 0x0000, 0x0000, 0x0000, 0x0000, 0x0000, 0x0000, 0x0000, 0x0000, 0x0000, 0x0000,
  0x0000, 0x0000, 0x0000, 0x0000, 0x0000, 0x0000, 0x0000, 0x0000, 0x0000, 0x0000, 0x0000, 0x0020,
  0x18C3, 0x18C3, 0x10A2, 0x1061, 0x2103, 0x18C3, 0x2103, 0x18C3, 0x10A2, 0x10A2, 0x0000, 0x0000,
  0x0000, 0x0000, 0x0000, 0x0000, 0x0000, 0x0000, 0x0000, 0x0820, 0x0800, 0x0000, 0x0000, 0x0000,
  0x0000, 0x1020, 0x0820, 0x0000, 0x0000, 0x0000, 0x0000, 0x0000, 0x0800, 0x0000, 0x0820, 0x0800,
  0x0820, 0x0820, 0x0800, 0x0000, 0x0000, 0x0800, 0x0000, 0x0800, 0x0000, 0x0000, 0x0020, 0x0820,
  0x0000, 0x0000, 0x0000, 0x0000, 0x0000, 0x0800, 0x0820, 0x0000, 0x0000, 0x0000, 0x0000, 0x0000,
  0x0000, 0x0000, 0x0800, 0x0820, 0x0820, 0x0800, 0x0000, 0x0000, 0x0000, 0x0000, 0x0000, 0x0000,
  0x0000, 0x0800, 0x0800, 0x0000, 0x0800, 0x0000, 0x0000, 0x0000, 0x0800, 0x0000, 0x0000, 0x0000,
  0x0000, 0x0000, 0x0000, 0x0000, 0x0000, 0x0000, 0x0000, 0x1020, 0x0800, 0x0000, 0x0800, 0x0000,
  0x0000, 0x0000, 0x0000, 0x0800, 0x0000, 0x0000, 0x0800, 0x0800, 0x0000, 0x0000, 0x0000, 0x0000,
  0x0000, 0x0000, 0x0000, 0x0000, 0x0000, 0x0000, 0x0000, 0x0000, 0x0000, 0x0000, 0x0000, 0x0000,
  0x0000, 0x0000, 0x0000, 0x0000, 0x0000, 0x0000, 0x0000, 0x0000, 0x0000, 0x0000, 0x0020, 0x0000,
  0x0000, 0x0000, 0x0000, 0x0000, 0x0000, 0x0000, 0x0000, 0x0000, 0x0000, 0x0000, 0x0000, 0x0000,
  0x0000, 0x0000, 0x0000, 0x0000, 0x0000, 0x0000, 0x0020, 0x0000, 0x0000, 0x0000, 0x0000, 0x0000,
  0x0000, 0x0000, 0x0000, 0x0000, 0x0000, 0x0000, 0x0000, 0x0000, 0x0000, 0x0000, 0x0000, 0x0000,
  0x0000, 0x0000, 0x0000, 0x0000, 0x0000, 0x0000, 0x0000, 0x0000, 0x0020, 0x0000, 0x0000, 0x0000,
  0x0020, 0x0000, 0x0000, 0x0000, 0x0000, 0x0000, 0x0000, 0x0000, 0x0000, 0x0000, 0x0000, 0x0000,
  0x0020, 0x0000, 0x0000, 0x0020, 0x0000, 0x0000, 0x0000, 0x0000, 0x0000, 0x0000, 0x0000, 0x0000,
  0x0020, 0x0000, 0x0000, 0x0000, 0x0000, 0x0000, 0x0000, 0x0000, 0x0000, 0x0020, 0x0000, 0x0000,
  0x0000, 0x0000, 0x0020, 0x0000, 0x0000, 0x0000, 0x0000, 0x0020, 0x0000, 0x0000, 0x0000, 0x0000,
  0x0000, 0x0000, 0x0000, 0x0000, 0x0000, 0x0000, 0x0000, 0x0000, 0x0000, 0x0000, 0x0000, 0x0000,
  0x0000, 0x0000, 0x0000, 0x0000, 0x0000, 0x0000, 0x0000, 0x0000, 0x0000, 0x0000, 0x0000, 0x0000,
  0x0000, 0x0000, 0x0000, 0x0000, 0x0000, 0x0020, 0x0000, 0x0000, 0x0000, 0x0000, 0x0000, 0x0000,
  0x0020, 0x0020, 0x0000, 0x0000, 0x0000, 0x0000, 0x0000, 0x0000, 0x0000, 0x0000, 0x0000, 0x0000,
  0x0000, 0x0000, 0x0000, 0x0000, 0x0000, 0x0000, 0x0000, 0x0000, 0x0000, 0x0000, 0x0000, 0x0000,
  0x0000, 0x0000, 0x0000, 0x0000, 0x0000, 0x0000, 0x0000, 0x0000, 0x0000, 0x0000, 0x0000, 0x0000,
  0x0000, 0x0000, 0x0000, 0x0000, 0x0000, 0x0000, 0x0000, 0x0000, 0x0000, 0x0000, 0x0000, 0x0000,
  0x0000, 0x0000, 0x0000, 0x0000, 0x0000, 0x0000, 0x0000, 0x0000, 0x0000, 0x0000, 0x0000, 0x0000,
  0x0841, 0x0820, 0x1061, 0x1061, 0x10A2, 0x0020, 0x0000, 0x0000, 0x0000, 0x0000, 0x0000, 0x0000,
  0x0000, 0x0000, 0x0000, 0x0000, 0x0000, 0x0000, 0x0800, 0x1020, 0x0820, 0x0000, 0x0000, 0x0000,
  0x0000, 0x0000, 0x0000, 0x0000, 0x0000, 0x0800, 0x0820, 0x0820, 0x0000, 0x0000, 0x0000, 0x0000,
  0x0000, 0x0000, 0x0000, 0x0000, 0x0000, 0x0000, 0x0841, 0x1061, 0x0000, 0x0000, 0x0000, 0x0000,
  0x0000, 0x0000, 0x0000, 0x0000, 0x0000, 0x0000, 0x0000, 0x0000, 0x0800, 0x1020, 0x1020, 0x0000,
  0x0000, 0x0000, 0x0000, 0x0000, 0x0000, 0x0000, 0x0000, 0x0000, 0x0000, 0x0000, 0x0800, 0x0800,
  0x0000, 0x0800, 0x0000, 0x0000, 0x0000, 0x0000, 0x0000, 0x0000, 0x0000, 0x0000, 0x0000, 0x0000,
  0x0000, 0x0000, 0x1020, 0x1840, 0x1020, 0x0000, 0x0800, 0x0000, 0x0000, 0x0000, 0x0000, 0x0000,
  0x0800, 0x0000, 0x0800, 0x0800, 0x0000, 0x0000, 0x0000, 0x0000, 0x0000, 0x0000, 0x0000, 0x0000,
  0x0000, 0x0000, 0x0000, 0x0000, 0x0000, 0x0000, 0x0000, 0x0000, 0x0000, 0x0000, 0x0000, 0x0000,
  0x0000, 0x0000, 0x0000, 0x0000, 0x0000, 0x0000, 0x0000, 0x0000, 0x0000, 0x0000, 0x0000, 0x0000,
  0x0000, 0x0000, 0x0000, 0x0000, 0x0000, 0x0000, 0x0000, 0x0000, 0x0000, 0x0000, 0x0000, 0x0000,
  0x0000, 0x0000, 0x0000, 0x0000, 0x0000, 0x0000, 0x0000, 0x0000, 0x0000, 0x0000, 0x0000, 0x0000,
  0x0000, 0x0000, 0x0000, 0x0000, 0x0000, 0x0000, 0x0000, 0x0000, 0x0000, 0x0000, 0x0000, 0x0000,
  0x0000, 0x0000, 0x0000, 0x0000, 0x0000, 0x0020, 0x0020, 0x0000, 0x0000, 0x0020, 0x0020, 0x0000,
  0x0000, 0x0000, 0x0000, 0x0000, 0x0020, 0x0020, 0x0000, 0x0000, 0x0000, 0x0020, 0x0020, 0x0000,
  0x0000, 0x0000, 0x0000, 0x0000, 0x0020, 0x0020, 0x0020, 0x0000, 0x0000, 0x0000, 0x0000, 0x0000,
  0x0000, 0x0000, 0x0000, 0x0020, 0x0000, 0x0000, 0x0000, 0x0000, 0x0000, 0x0000, 0x0000, 0x0000,
  0x0020, 0x0020, 0x0000, 0x0000, 0x0000, 0x0000, 0x0000, 0x0000, 0x0000, 0x0000, 0x0000, 0x0000,
  0x0000, 0x0000, 0x0000, 0x0000, 0x0000, 0x0000, 0x0020, 0x0000, 0x0000, 0x0000, 0x0000, 0x0000,
  0x0000, 0x0000, 0x0000, 0x0000, 0x0000, 0x0000, 0x0000, 0x0000, 0x0020, 0x0841, 0x0841, 0x1061,
  0x0841, 0x0820, 0x0820, 0x0020, 0x0020, 0x0820, 0x0841, 0x0841, 0x0841, 0x0841, 0x0841, 0x0020,
  0x0020, 0x0000, 0x0000, 0x0000, 0x0000, 0x0000, 0x0000, 0x0000, 0x0000, 0x0000, 0x0000, 0x0000,
  0x0000, 0x0000, 0x0000, 0x0000, 0x0000, 0x0000, 0x0000, 0x0000, 0x0000, 0x0000, 0x0000, 0x0000,
  0x0000, 0x0000, 0x0000, 0x0000, 0x0000, 0x0000, 0x0000, 0x0000, 0x0000, 0x0000, 0x0000, 0x0000,
  0x0000, 0x0000, 0x0000, 0x0000, 0x0000, 0x0000, 0x0000, 0x0000, 0x0000, 0x0000, 0x0000, 0x0000,
  0x0000, 0x0000, 0x0000, 0x0000, 0x0000, 0x0000, 0x0000, 0x0000, 0x0000, 0x0000, 0x0000, 0x0000,
  0x0000, 0x0000, 0x0000, 0x0000, 0x0000, 0x0000, 0x0000, 0x0000, 0x0000, 0x0000, 0x0000, 0x0000,
  0x0800, 0x1020, 0x0820, 0x0000, 0x0000, 0x0000, 0x0000, 0x0000, 0x0000, 0x0000, 0x0000, 0x0800,
  0x1020, 0x1020, 0x0000, 0x0000, 0x0000, 0x0000, 0x0000, 0x0000, 0x0000, 0x0000, 0x0000, 0x0000,
  0x0000, 0x0020, 0x0841, 0x1061, 0x0020, 0x0000, 0x0800, 0x0000, 0x0000, 0x0000, 0x0800, 0x0000,
  0x0000, 0x0000, 0x0820, 0x1020, 0x0820, 0x0800, 0x0000, 0x0000, 0x0000, 0x0000, 0x0000, 0x0000,
  0x0800, 0x0820, 0x0000, 0x0000, 0x0000, 0x0000, 0x0000, 0x0800, 0x0000, 0x0000, 0x0000, 0x0000,
  0x0000, 0x0000, 0x0000, 0x0000, 0x0000, 0x0000, 0x0000, 0x0000, 0x0000, 0x0000, 0x0000, 0x0820,
  0x0820, 0x0000, 0x0000, 0x0000, 0x0000, 0x0000, 0x0000, 0x0000, 0x0000, 0x0000, 0x0000, 0x0000,
  0x0000, 0x0000, 0x0000, 0x0000, 0x0000, 0x0000, 0x0000, 0x0000, 0x0000, 0x0000, 0x0000, 0x0000,
  0x0000, 0x0000, 0x0000, 0x0000, 0x0000, 0x0000, 0x0000, 0x0000, 0x0000, 0x0000, 0x0000, 0x0000,
  0x0000, 0x0000, 0x0000, 0x0000, 0x0000, 0x0000, 0x0000, 0x0000, 0x0000, 0x0000, 0x0000, 0x0000,
  0x0000, 0x0000, 0x0000, 0x0000, 0x0000, 0x0000, 0x0000, 0x0000, 0x0000, 0x0000, 0x0000, 0x0000,
  0x0000, 0x0000, 0x0000, 0x0000, 0x0000, 0x0000, 0x0000, 0x0000, 0x0000, 0x0000, 0x0000, 0x0000,
  0x0000, 0x0000, 0x0000, 0x0000, 0x0000, 0x0000, 0x0000, 0x0000, 0x0000, 0x0000, 0x0000, 0x0000,
  0x0000, 0x0000, 0x0000, 0x0000, 0x0000, 0x0000, 0x0000, 0x0000, 0x0000, 0x0000, 0x0000, 0x0000,
  0x0000, 0x0000, 0x0000, 0x0000, 0x0000, 0x0000, 0x0000, 0x0000, 0x0000, 0x0000, 0x0000, 0x0000,
  0x0000, 0x0000, 0x0000, 0x0000, 0x0000, 0x0000, 0x0000, 0x0000, 0x0000, 0x0000, 0x0000, 0x0000,
  0x0000, 0x0000, 0x0000, 0x0000, 0x0000, 0x0000, 0x0000, 0x0000, 0x0000, 0x0000, 0x0000, 0x0000,
  0x0000, 0x0000, 0x0000, 0x0000, 0x0000, 0x0000, 0x0000, 0x0000, 0x0000, 0x0000, 0x0000, 0x0000,
  0x0000, 0x0000, 0x0000, 0x0000, 0x0000, 0x0000, 0x0000, 0x0000, 0x0000, 0x0000, 0x0020, 0x0000,
  0x0000, 0x0000, 0x0000, 0x0820, 0x0820, 0x0841, 0x0820, 0x0020, 0x0020, 0x0820, 0x0841, 0x0820,
  0x0841, 0x0841, 0x0841, 0x0820, 0x0820, 0x0841, 0x0841, 0x0820, 0x0020, 0x0000, 0x0000, 0x0000,
  0x0000, 0x0000, 0x0000, 0x0000, 0x0020, 0x0820, 0x0020, 0x0000, 0x0000, 0x0000, 0x0000, 0x0000,
  0x0000, 0x0820, 0x0020, 0x0000, 0x0000, 0x0000, 0x0000, 0x0000, 0x0000, 0x0000, 0x0000, 0x0000,
  0x0000, 0x0000, 0x0000, 0x0000, 0x0000, 0x0000, 0x0000, 0x0000, 0x0000, 0x0000, 0x0000, 0x0000,
  0x0000, 0x0000, 0x0000, 0x0000, 0x0000, 0x0000, 0x0000, 0x0000, 0x0000, 0x0000, 0x0000, 0x0000,
  0x0000, 0x0000, 0x0000, 0x0000, 0x0000, 0x0000, 0x0000, 0x0000, 0x0000, 0x0000, 0x0000, 0x0000,
  0x0000, 0x0000, 0x0000, 0x0000, 0x0000, 0x0000, 0x0800, 0x0820, 0x0820, 0x0000, 0x0000, 0x0000,
  0x0000, 0x0000, 0x0000, 0x0000, 0x0000, 0x0800, 0x0820, 0x1020, 0x0000, 0x0000, 0x0000, 0x0000,
  0x0000, 0x0000, 0x0000, 0x0000, 0x0000, 0x0000, 0x0000, 0x0000, 0x0820, 0x2060, 0x0841, 0x0000,
  0x0000, 0x0000, 0x0000, 0x0000, 0x0000, 0x0000, 0x0800, 0x0820, 0x0820, 0x1020, 0x0800, 0x0000,
  0x0000, 0x0000, 0x0000, 0x0000, 0x0000, 0x0000, 0x0000, 0x0000, 0x0800, 0x0820, 0x0820, 0x0000,
  0x0000, 0x0000, 0x0000, 0x0800, 0x0000, 0x0000, 0x0000, 0x0000, 0x0000, 0x0000, 0x0000, 0x0000,
  0x0000, 0x0000, 0x0000, 0x0000, 0x0000, 0x0000, 0x0000, 0x0000, 0x0000, 0x0000, 0x0000, 0x0800,
  0x0000, 0x0000, 0x0000, 0x0000, 0x0000, 0x0800, 0x0000, 0x0000, 0x0000, 0x0000, 0x0000, 0x0000,
  0x0000, 0x0000, 0x0000, 0x0000, 0x0000, 0x0000, 0x0000, 0x0000, 0x0000, 0x0000, 0x0000, 0x0000,
  0x0000, 0x0000, 0x0000, 0x0000, 0x0000, 0x0000, 0x0000, 0x0000, 0x0000, 0x0000, 0x0000, 0x0000,
  0x0000, 0x0000, 0x0000, 0x0000, 0x0000, 0x0000, 0x0000, 0x0000, 0x0000, 0x0000, 0x0000, 0x0000,
  0x0000, 0x0000, 0x0000, 0x0000, 0x0000, 0x0000, 0x0000, 0x0000, 0x0000, 0x0000, 0x0000, 0x0000,
  0x0000, 0x0000, 0x0000, 0x0000, 0x0000, 0x0000, 0x0000, 0x0000, 0x0000, 0x0000, 0x0000, 0x0000,
  0x0000, 0x0000, 0x0000, 0x0000, 0x0000, 0x0000, 0x0000, 0x0000, 0x0000, 0x0000, 0x0000, 0x0000,
  0x0000, 0x0000, 0x0000, 0x0000, 0x0000, 0x0000, 0x0000, 0x0000, 0x0000, 0x0000, 0x0000, 0x0000,
  0x0000, 0x0000, 0x0000, 0x0000, 0x0000, 0x0000, 0x0000, 0x0000, 0x0000, 0x0000, 0x0000, 0x0000,
  0x0000, 0x0000, 0x0000, 0x0000, 0x0000, 0x0000, 0x0000, 0x0000, 0x0000, 0x0000, 0x0000, 0x0000,
  0x0000, 0x0000, 0x0000, 0x0000, 0x0000, 0x0000, 0x0000, 0x0000, 0x0000, 0x0000, 0x0000, 0x0000,
  0x0000, 0x0000, 0x0000, 0x0000, 0x0000, 0x0000, 0x0000, 0x0000, 0x0000, 0x0000, 0x0000, 0x0000,
  0x0000, 0x0000, 0x0000, 0x0000, 0x0020, 0x0000, 0x0020, 0x0000, 0x0000, 0x0000, 0x0000, 0x0020,
  0x0841, 0x0820, 0x0000, 0x0020, 0x0841, 0x0841, 0x0820, 0x0820, 0x0820, 0x0820, 0x0820, 0x0820,
  0x0820, 0x0841, 0x0841, 0x0000, 0x0000, 0x0000, 0x0000, 0x0000, 0x0000, 0x0000, 0x0000, 0x0841,
  0x0841, 0x0020, 0x0000, 0x0000, 0x0000, 0x0000, 0x0000, 0x0000, 0x0000, 0x0000, 0x0000, 0x0000,
  0x0000, 0x0000, 0x0000, 0x0000, 0x0000, 0x0020, 0x1061, 0x0020, 0x0000, 0x0000, 0x0000, 0x0000,
  0x0000, 0x0000, 0x0000, 0x0000, 0x0000, 0x0000, 0x0000, 0x0000, 0x0000, 0x0000, 0x0000, 0x0000,
  0x0000, 0x0000, 0x0000, 0x0000, 0x0000, 0x0000, 0x0000, 0x0000, 0x0000, 0x0000, 0x0000, 0x0000,
  0x0000, 0x0000, 0x0000, 0x0000, 0x0000, 0x0000, 0x0000, 0x0000, 0x0000, 0x0000, 0x0000, 0x0000,
  0x0820, 0x0820, 0x0800, 0x0000, 0x0000, 0x0000, 0x0000, 0x0000, 0x0000, 0x0000, 0x0000, 0x0800,
  0x0820, 0x0800, 0x0000, 0x0000, 0x0000, 0x0000, 0x0000, 0x0000, 0x0000, 0x0000, 0x0000, 0x0800,
  0x0800, 0x0000, 0x0000, 0x0000, 0x0000, 0x0800, 0x0000, 0x0000, 0x0000, 0x0000, 0x0000, 0x0000,
  0x0000, 0x0800, 0x0820, 0x0820, 0x0800, 0x0000, 0x0000, 0x0000, 0x0000, 0x0000, 0x0000, 0x0000,
  0x0000, 0x0800, 0x0000, 0x0000, 0x0000, 0x0800, 0x0800, 0x0000, 0x0000, 0x0000, 0x0000, 0x0800,
  0x0800, 0x0000, 0x0000, 0x0000, 0x0000, 0x0000, 0x0000, 0x0000, 0x0000, 0x0000, 0x0000, 0x0000,
  0x0000, 0x0000, 0x0000, 0x0000, 0x0000, 0x0800, 0x0000, 0x0000, 0x0000, 0x0000, 0x0000, 0x0000,
  0x0000, 0x0000, 0x0800, 0x0000, 0x0000, 0x0000, 0x0000, 0x0000, 0x0000, 0x0000, 0x0000, 0x0000,
  0x0000, 0x0000, 0x0000, 0x0000, 0x0000, 0x0000, 0x0000, 0x0000, 0x0000, 0x0000, 0x0000, 0x0000,
  0x0000, 0x0000, 0x0000, 0x0000, 0x0000, 0x0000, 0x0000, 0x0000, 0x0000, 0x2103, 0x4A28, 0x4A28,
  0x0020, 0x0000, 0x0000, 0x0000, 0x0000, 0x0000, 0x0000, 0x0000, 0x0000, 0x0000, 0x0000, 0x2944,
  0x4A28, 0x39C7, 0x0000, 0x0000, 0x0000, 0x0000, 0x0000, 0x0000, 0x0000, 0x0000, 0x0000, 0x0000,
  0x0000, 0x0000, 0x0000, 0x0000, 0x0000, 0x0000, 0x0000, 0x0000, 0x0000, 0x0000, 0x0000, 0x39C7,
  0x4A28, 0x4A28, 0x39C7, 0x0000, 0x0000, 0x0000, 0x0000, 0x0000, 0x0000, 0x10A2, 0x2944, 0x0000,
  0x0000, 0x0000, 0x0000, 0x0000, 0x0000, 0x0000, 0x0000, 0x0000, 0x0000, 0x0000, 0x0000, 0x0000,
  0x0000, 0x0000, 0x0000, 0x0000, 0x0000, 0x0000, 0x0000, 0x0000, 0x0000, 0x0000, 0x0000, 0x0000,
  0x0000, 0x0841, 0x2944, 0x0000, 0x0000, 0x0000, 0x0000, 0x2944, 0x2103, 0x0000, 0x0000, 0x0000,
  0x0000, 0x0000, 0x0000, 0x0000, 0x0000, 0x0000, 0x0000, 0x0000, 0x0000, 0x0000, 0x0000, 0x0000,
  0x0000, 0x0000, 0x0000, 0x0000, 0x0000, 0x0000, 0x0000, 0x0000, 0x0000, 0x0000, 0x0020, 0x0820,
  0x0000, 0x0000, 0x0000, 0x0000, 0x0020, 0x0020, 0x0020, 0x0020, 0x0820, 0x0000, 0x0000, 0x0000,
  0x0000, 0x0000, 0x0820, 0x0820, 0x0820, 0x0820, 0x0820, 0x0820, 0x0841, 0x0841, 0x0841, 0x0000,
  0x0000, 0x0000, 0x0000, 0x0000, 0x0000, 0x0000, 0x0000, 0x0000, 0x0000, 0x0000, 0x0000, 0x0000,
  0x0000, 0x0000, 0x0000, 0x0000, 0x0000, 0x0000, 0x0020, 0x0020, 0x0020, 0x0000, 0x0000, 0x0000,
  0x0000, 0x0000, 0x0000, 0x0000, 0x0820, 0x0820, 0x0000, 0x0000, 0x0000, 0x0000, 0x0000, 0x0000,
  0x0000, 0x0000, 0x0000, 0x0000, 0x0000, 0x0000, 0x0000, 0x0000, 0x0000, 0x0000, 0x0000, 0x0000,
  0x0000, 0x0000, 0x0000, 0x0000, 0x0000, 0x0000, 0x0000, 0x0000, 0x0000, 0x0000, 0x0000, 0x0000,
  0x0000, 0x0000, 0x0000, 0x0000, 0x0000, 0x0000, 0x0000, 0x0000, 0x0000, 0x0000, 0x0000, 0x0000,
  0x0000, 0x0000, 0x0000, 0x0000, 0x0000, 0x0800, 0x0820, 0x0800, 0x0000, 0x0000, 0x0000, 0x0000,
  0x0000, 0x0000, 0x0000, 0x0000, 0x0000, 0x0000, 0x0000, 0x0800, 0x0000, 0x0000, 0x0000, 0x0000,
  0x0000, 0x0000, 0x0000, 0x0000, 0x0000, 0x0000, 0x0000, 0x0800, 0x0820, 0x0820, 0x0000, 0x0000,
  0x0000, 0x0000, 0x0000, 0x0000, 0x0000, 0x0000, 0x0000, 0x0000, 0x0800, 0x0800, 0x0800, 0x0000,
  0x0000, 0x0000, 0x0000, 0x0000, 0x0000, 0x0000, 0x0000, 0x0000, 0x0800, 0x0000, 0x0000, 0x0000,
  0x0000, 0x0000, 0x0000, 0x0000, 0x0000, 0x0000, 0x0000, 0x0000, 0x0000, 0x0000, 0x0000, 0x0000,
  0x0000, 0x0800, 0x0000, 0x0000, 0x0000, 0x0000, 0x0000, 0x0000, 0x0000, 0x0000, 0x0000, 0x0000,
  0x0000, 0x0000, 0x0000, 0x0000, 0x0000, 0x0000, 0x0000, 0x0000, 0x0000, 0x0000, 0x0000, 0x0000,
  0x0000, 0x0000, 0x0000, 0x0000, 0x0000, 0x0000, 0x0000, 0x0000, 0x0000, 0x0000, 0x0000, 0x0000,
  0x0000, 0x0000, 0x0000, 0x0000, 0x0000, 0x73AE, 0x62EB, 0x62EB, 0x73AE, 0x0000, 0x0820, 0x0020,
  0x0000, 0x0020, 0x0820, 0x0000, 0x0000, 0x0000, 0x0000, 0x7BEF, 0x528A, 0x6B4D, 0x528A, 0x0000,
  0x0000, 0x0000, 0x18C3, 0x0000, 0x0000, 0x0000, 0x10A2, 0x10A2, 0x0841, 0x0020, 0x0000, 0x0000,
  0x2103, 0x0000, 0x0000, 0x0000, 0x0000, 0x0000, 0x0020, 0x39C7, 0x7BEF, 0x7BEF, 0x39C7, 0x0020,
  0x0000, 0x10A2, 0x10A2, 0x0000, 0x0000, 0x3185, 0x73AE, 0x1061, 0x0020, 0x0000, 0x0000, 0x0020,
  0x10A2, 0x0000, 0x1061, 0x1061, 0x0000, 0x0000, 0x0000, 0x18C3, 0x1061, 0x0000, 0x0000, 0x0000,
  0x1061, 0x10A2, 0x0000, 0x0000, 0x0000, 0x0841, 0x18C3, 0x0000, 0x0000, 0x18C3, 0x73AE, 0x1061,
  0x0820, 0x0000, 0x0000, 0x3185, 0x2944, 0x0000, 0x0000, 0x0000, 0x0000, 0x0000, 0x0000, 0x0000,
  0x0000, 0x0000, 0x0000, 0x0000, 0x0000, 0x0000, 0x0000, 0x0000, 0x0000, 0x0000, 0x0020, 0x0000,
  0x0000, 0x0000, 0x0000, 0x0000, 0x0000, 0x0000, 0x0020, 0x0820, 0x0820, 0x0820, 0x0841, 0x0000,
  0x0820, 0x0020, 0x0020, 0x0820, 0x0820, 0x0820, 0x0000, 0x0000, 0x0000, 0x0000, 0x0820, 0x0820,
  0x0820, 0x0820, 0x0820, 0x0820, 0x0820, 0x0841, 0x0020, 0x0000, 0x0000, 0x0000, 0x0000, 0x0000,
  0x0000, 0x0000, 0x0000, 0x0000, 0x0000, 0x0000, 0x0000, 0x0000, 0x0000, 0x0000, 0x0000, 0x0000,
  0x0000, 0x0820, 0x0820, 0x0020, 0x0000, 0x0000, 0x0000, 0x0000, 0x0000, 0x0020, 0x0841, 0x0820,
  0x0841, 0x1061, 0x0841, 0x0820, 0x0000, 0x0000, 0x0000, 0x0000, 0x0000, 0x0000, 0x0020, 0x0000,
  0x0000, 0x0000, 0x0000, 0x0000, 0x0000, 0x0000, 0x0000, 0x0000, 0x0000, 0x0000, 0x0000, 0x0000,
  0x0000, 0x0000, 0x0000, 0x0000, 0x0000, 0x0000, 0x0000, 0x0000, 0x0000, 0x0000, 0x0000, 0x0000,
  0x0000, 0x0000, 0x0000, 0x0000, 0x0000, 0x0000, 0x0020, 0x0000, 0x0020, 0x0020, 0x0020, 0x0020,
  0x0820, 0x1020, 0x0000, 0x0000, 0x0000, 0x0000, 0x0000, 0x0000, 0x0000, 0x0000, 0x0000, 0x0800,
  0x0000, 0x0000, 0x0000, 0x0000, 0x0000, 0x0000, 0x0000, 0x0000, 0x0000, 0x0000, 0x0000, 0x0000,
  0x0000, 0x0000, 0x0800, 0x0000, 0x0000, 0x0000, 0x0000, 0x0000, 0x0000, 0x0000, 0x0000, 0x0000,
  0x0000, 0x0000, 0x0000, 0x0000, 0x0000, 0x0000, 0x0800, 0x0800, 0x0000, 0x0000, 0x0000, 0x0000,
  0x0000, 0x0000, 0x0000, 0x0000, 0x0800, 0x0000, 0x0000, 0x0000, 0x0000, 0x0800, 0x0000, 0x0000,
  0x0000, 0x0000, 0x0000, 0x0000, 0x0000, 0x0000, 0x0000, 0x0000, 0x0000, 0x0000, 0x0000, 0x0000,
  0x0000, 0x0000, 0x0000, 0x0000, 0x0000, 0x0000, 0x0000, 0x0000, 0x0000, 0x0000, 0x0000, 0x0000,
  0x0000, 0x0000, 0x0000, 0x0000, 0x0800, 0x0800, 0x0800, 0x0800, 0x0800, 0x0800, 0x0800, 0x0820,
  0x0820, 0x0820, 0x0820, 0x0820, 0x0820, 0x0820, 0x0820, 0x0000, 0x0000, 0x0000, 0x0000, 0x0000,
  0x0000, 0x6B4D, 0x3185, 0x39C7, 0x6B4D, 0x0000, 0x18C3, 0x6B4D, 0x0000, 0x6B4D, 0x1061, 0x0000,
  0x0000, 0x0000, 0x0000, 0x6B4D, 0x0841, 0x2944, 0x73AE, 0x0000, 0x0841, 0x62EB, 0x6B4D, 0x528A,
  0x0000, 0x0841, 0x528A, 0x73AE, 0x73AE, 0x0000, 0x0000, 0x528A, 0x6B4D, 0x62EB, 0x0000, 0x0000,
  0x0000, 0x0000, 0x0000, 0x0000, 0x4A28, 0x4A28, 0x0000, 0x0000, 0x2944, 0x6B4D, 0x73AE, 0x2944,
  0x0000, 0x3185, 0x8C51, 0x6B4D, 0x62EB, 0x0000, 0x0000, 0x73AE, 0x6B4D, 0x73AE, 0x62EB, 0x73AE,
  0x1061, 0x0000, 0x3185, 0x62EB, 0x73AE, 0x18C3, 0x0000, 0x3185, 0x7BEF, 0x6B4D, 0x2944, 0x0000,
  0x10A2, 0x6B4D, 0x73AE, 0x4A28, 0x0000, 0x10A2, 0x8C51, 0x62EB, 0x6B4D, 0x0841, 0x0000, 0x4A28,
  0x39C7, 0x0000, 0x0000, 0x0000, 0x0000, 0x0000, 0x0800, 0x0820, 0x0820, 0x0820, 0x0820, 0x0820,
  0x0820, 0x0820, 0x0800, 0x0820, 0x0841, 0x0841, 0x0841, 0x0841, 0x0820, 0x0820, 0x0020, 0x0020,
  0x0820, 0x0020, 0x0020, 0x0020, 0x0820, 0x0820, 0x0020, 0x0020, 0x0820, 0x0820, 0x0000, 0x0020,
  0x0000, 0x0820, 0x0841, 0x0000, 0x0000, 0x0000, 0x0020, 0x0820, 0x0820, 0x0820, 0x0820, 0x0820,
  0x0820, 0x0820, 0x0000, 0x0000, 0x0000, 0x0000, 0x0000, 0x0000, 0x0000, 0x0000, 0x0000, 0x0000,
  0x0000, 0x0820, 0x0841, 0x0020, 0x0000, 0x0000, 0x0000, 0x0000, 0x0020, 0x0841, 0x0000, 0x0000,
  0x0000, 0x0841, 0x0020, 0x0020, 0x0841, 0x0841, 0x0841, 0x0841, 0x0841, 0x0841, 0x0841, 0x0820,
  0x0841, 0x0020, 0x0000, 0x0820, 0x0000, 0x0000, 0x0820, 0x0020, 0x0000, 0x0000, 0x0000, 0x0000,
  0x0000, 0x0000, 0x0000, 0x0000, 0x0000, 0x0000, 0x0000, 0x0000, 0x0000, 0x0000, 0x0000, 0x0020,
  0x0000, 0x0000, 0x0000, 0x0000, 0x0000, 0x0000, 0x0000, 0x0000, 0x0000, 0x0000, 0x0000, 0x0000,
  0x0000, 0x0000, 0x0000, 0x0020, 0x0820, 0x0000, 0x0020, 0x0020, 0x0020, 0x0020, 0x0020, 0x0020,
  0x0020, 0x0020, 0x0020, 0x0020, 0x0020, 0x0020, 0x0020, 0x0020, 0x0020, 0x0020, 0x0020, 0x0020,
  0x0020, 0x0820, 0x0020, 0x0020, 0x0020, 0x0020, 0x0020, 0x0020, 0x0820, 0x0820, 0x0020, 0x0020,
  0x0020, 0x0020, 0x0020, 0x0020, 0x0020, 0x0020, 0x0020, 0x0020, 0x0000, 0x0000, 0x0000, 0x0000,
  0x0000, 0x0800, 0x0020, 0x0000, 0x0000, 0x0000, 0x0000, 0x0800, 0x0800, 0x0000, 0x0000, 0x0000,
  0x0000, 0x0800, 0x0000, 0x0000, 0x0000, 0x0000, 0x0000, 0x0000, 0x0000, 0x0000, 0x0000, 0x0000,
  0x0000, 0x0000, 0x0000, 0x0000, 0x0000, 0x0000, 0x0000, 0x0000, 0x0000, 0x0000, 0x0000, 0x0000,
  0x0000, 0x0000, 0x0000, 0x0000, 0x0000, 0x0000, 0x0000, 0x0000, 0x0000, 0x0820, 0x1020, 0x1840,
  0x1840, 0x3080, 0x3080, 0x40A0, 0x40A0, 0x40E0, 0x40E0, 0x50E0, 0x5940, 0x5940, 0x40E0, 0x5940,
  0x5940, 0x5940, 0x5940, 0x30C0, 0x0000, 0x0000, 0x0000, 0x0020, 0x0000, 0x6B4D, 0x62EB, 0x62EB,
  0x62EB, 0x0000, 0x0000, 0x6B4D, 0x39C7, 0x62EB, 0x0000, 0x0000, 0x0000, 0x0000, 0x0000, 0x73AE,
  0x73AE, 0x8C51, 0x18C3, 0x0000, 0x39C7, 0x8C51, 0x39C7, 0x7BEF, 0x1061, 0x0000, 0x0000, 0x62EB,
  0x18C3, 0x0000, 0x0000, 0x39C7, 0x528A, 0x8C51, 0x0841, 0x0000, 0x0000, 0x0000, 0x0000, 0x0000,
  0x4A28, 0x4A28, 0x0000, 0x0000, 0x18C3, 0x39C7, 0x73AE, 0x528A, 0x0000, 0x3185, 0x62EB, 0x0000,
  0x73AE, 0x0841, 0x0000, 0x73AE, 0x0000, 0x62EB, 0x10A2, 0x528A, 0x3185, 0x0000, 0x2103, 0x4A28,
  0x7BEF, 0x39C7, 0x0000, 0x2944, 0x73AE, 0x4A28, 0x10A2, 0x0000, 0x528A, 0x73AE, 0x4A28, 0x7BEF,
  0x0000, 0x18C3, 0x6B4D, 0x0000, 0x528A, 0x39C7, 0x0000, 0x528A, 0x39C7, 0x0000, 0x0000, 0x0000,
  0x0000, 0x0000, 0x40E0, 0x59C1, 0x5940, 0x5940, 0x5940, 0x5940, 0x5940, 0x5940, 0x50E0, 0x50E0,
  0x40E0, 0x40E0, 0x40A0, 0x30C0, 0x3080, 0x2060, 0x1840, 0x1840, 0x1020, 0x0820, 0x0820, 0x0820,
  0x0820, 0x0820, 0x0820, 0x0820, 0x0841, 0x0841, 0x0820, 0x0000, 0x0000, 0x0820, 0x0820, 0x0820,
  0x0000, 0x0000, 0x0820, 0x0820, 0x0820, 0x0841, 0x0820, 0x0000, 0x0000, 0x0000, 0x0000, 0x0000,
  0x0000, 0x0000, 0x0000, 0x0000, 0x0000, 0x0000, 0x0000, 0x0841, 0x0841, 0x0841, 0x0841, 0x0841,
  0x0820, 0x0020, 0x0000, 0x0020, 0x0820, 0x0820, 0x0020, 0x0820, 0x0820, 0x0820, 0x0820, 0x1061,
  0x0841, 0x0820, 0x0841, 0x0841, 0x0820, 0x0820, 0x0820, 0x0841, 0x0841, 0x1061, 0x0841, 0x0841,
  0x0020, 0x0000, 0x0000, 0x0820, 0x0841, 0x0820, 0x0000, 0x0000, 0x0000, 0x0000, 0x0000, 0x0000,
  0x0000, 0x0000, 0x0000, 0x0000, 0x0000, 0x0000, 0x0000, 0x0000, 0x0000, 0x0000, 0x0000, 0x0020,
  0x0020, 0x0020, 0x0020, 0x0000, 0x0000, 0x0000, 0x0000, 0x0000, 0x0020, 0x0020, 0x0000, 0x0000,
  0x0000, 0x0000, 0x0020, 0x0020, 0x0020, 0x0020, 0x0020, 0x0020, 0x0020, 0x0820, 0x0020, 0x0020,
  0x0020, 0x0020, 0x0020, 0x0020, 0x0020, 0x0020, 0x0020, 0x0020, 0x0020, 0x0020, 0x0020, 0x0020,
  0x0020, 0x0020, 0x0020, 0x0020, 0x0020, 0x0020, 0x0020, 0x0000, 0x0000, 0x0000, 0x0020, 0x0020,
  0x0020, 0x0020, 0x0020, 0x0020, 0x0020, 0x0020, 0x0000, 0x0000, 0x0000, 0x0820, 0x0020, 0x0000,
  0x0000, 0x0000, 0x0000, 0x0000, 0x0000, 0x0000, 0x0000, 0x0000, 0x0000, 0x0000, 0x0000, 0x0000,
  0x0000, 0x0000, 0x0000, 0x0000, 0x0000, 0x0000, 0x0000, 0x0000, 0x0000, 0x0000, 0x0000, 0x0000,
  0x0000, 0x0000, 0x0000, 0x0000, 0x0000, 0x0000, 0x0000, 0x0000, 0x0000, 0x0000, 0x0000, 0x0000,
  0x0000, 0x0000, 0x0000, 0x0000, 0x0000, 0x0000, 0x0000, 0x0000, 0x0000, 0x0000, 0x0000, 0x0000,
  0x0000, 0x0000, 0x0000, 0x0000, 0x0000, 0x0000, 0x0000, 0x0000, 0x0000, 0x0000, 0x0000, 0x0000,
  0x0000, 0x0000, 0x0000, 0x0000, 0x0000, 0x6B4D, 0x2944, 0x0841, 0x7BEF, 0x0841, 0x0000, 0x2944,
  0x8C51, 0x2944, 0x0000, 0x0000, 0x0000, 0x0000, 0x0000, 0x6B4D, 0x0820, 0x528A, 0x39C7, 0x0000,
  0x2944, 0x6B4D, 0x2944, 0x39C7, 0x0000, 0x0000, 0x6B4D, 0x528A, 0x0000, 0x0000, 0x18C3, 0x7BEF,
  0x3185, 0x7BEF, 0x0841, 0x0000, 0x0000, 0x0000, 0x0000, 0x0000, 0x4A28, 0x4A28, 0x0000, 0x0000,
  0x62EB, 0x528A, 0x62EB, 0x528A, 0x0000, 0x2944, 0x528A, 0x0000, 0x73AE, 0x0820, 0x0000, 0x6B4D,
  0x0820, 0x62EB, 0x10A2, 0x528A, 0x3185, 0x0000, 0x73AE, 0x4A28, 0x73AE, 0x39C7, 0x0000, 0x2103,
  0x2944, 0x6B4D, 0x4A28, 0x0000, 0x4A28, 0x62EB, 0x2944, 0x3185, 0x0000, 0x10A2, 0x73AE, 0x0841,
  0x6B4D, 0x3185, 0x0000, 0x4A28, 0x39C7, 0x0000, 0x0000, 0x0000, 0x0000, 0x0000, 0x0000, 0x0000,
  0x0000, 0x0000, 0x0000, 0x0000, 0x0000, 0x0000, 0x0020, 0x0020, 0x0000, 0x0020, 0x0020, 0x0020,
  0x0020, 0x0020, 0x0020, 0x0020, 0x0020, 0x0020, 0x0020, 0x0020, 0x0020, 0x0820, 0x0820, 0x0820,
  0x0820, 0x0000, 0x0020, 0x0000, 0x0000, 0x0020, 0x0820, 0x0000, 0x0000, 0x0000, 0x0820, 0x0820,
  0x0820, 0x0000, 0x0000, 0x0000, 0x0000, 0x0841, 0x1840, 0x1020, 0x0000, 0x0000, 0x0000, 0x0000,
  0x0000, 0x0000, 0x0841, 0x1061, 0x0841, 0x0000, 0x0820, 0x0841, 0x0841, 0x0820, 0x0841, 0x0820,
  0x0820, 0x0820, 0x0841, 0x0841, 0x0820, 0x0820, 0x0820, 0x0841, 0x0841, 0x0841, 0x0841, 0x0820,
  0x0820, 0x0820, 0x0820, 0x0841, 0x0841, 0x0841, 0x0841, 0x0841, 0x0841, 0x0841, 0x0841, 0x0841,
  0x0841, 0x0841, 0x0841, 0x1061, 0x0841, 0x0000, 0x0820, 0x0020, 0x0000, 0x0820, 0x0000, 0x0000,
  0x0000, 0x0000, 0x0000, 0x0000, 0x0000, 0x0000, 0x0000, 0x0000, 0x0000, 0x0000, 0x0000, 0x0000,
  0x0000, 0x0000, 0x0000, 0x0000, 0x0000, 0x0000, 0x1061, 0x0000, 0x0000, 0x0020, 0x0020, 0x0820,
  0x0820, 0x0820, 0x0841, 0x0841, 0x0841, 0x0841, 0x0841, 0x1061, 0x1061, 0x1061, 0x1061, 0x1061,
  0x1061, 0x1061, 0x1061, 0x1061, 0x1061, 0x1061, 0x1061, 0x1061, 0x1061, 0x1061, 0x1061, 0x1061,
  0x1061, 0x1061, 0x1061, 0x1061, 0x1061, 0x1061, 0x0841, 0x0841, 0x0841, 0x0841, 0x0841, 0x0841,
  0x0841, 0x0841, 0x0841, 0x0820, 0x0820, 0x0020, 0x0020, 0x0020, 0x0020, 0x0020, 0x0020, 0x0000,
  0x0000, 0x0000, 0x0000, 0x0000, 0x0000, 0x0000, 0x0000, 0x0000, 0x0000, 0x0000, 0x0000, 0x0000,
  0x0000, 0x0000, 0x0000, 0x0000, 0x0000, 0x0000, 0x0000, 0x0000, 0x0000, 0x0000, 0x0000, 0x0000,
  0x0000, 0x0000, 0x0000, 0x0000, 0x0000, 0x0000, 0x0000, 0x0000, 0x0000, 0x0000, 0x0000, 0x0000,
  0x0000, 0x0000, 0x0000, 0x0000, 0x0000, 0x0000, 0x0000, 0x0000, 0x0000, 0x0000, 0x0000, 0x0000,
  0x0000, 0x0000, 0x0000, 0x0000, 0x0000, 0x0000, 0x0000, 0x0000, 0x0000, 0x0000, 0x0000, 0x0000,
  0x0000, 0x39C7, 0x62EB, 0x62EB, 0x2944, 0x0000, 0x0000, 0x0841, 0x7BEF, 0x0020, 0x0000, 0x0000,
  0x0000, 0x0000, 0x0000, 0x39C7, 0x0020, 0x10A2, 0x528A, 0x0000, 0x0000, 0x3185, 0x528A, 0x39C7,
  0x0000, 0x0841, 0x6B4D, 0x62EB, 0x528A, 0x0020, 0x0000, 0x4A28, 0x528A, 0x4A28, 0x0020, 0x0000,
  0x0000, 0x0000, 0x0000, 0x0000, 0x2944, 0x2944, 0x0000, 0x0000, 0x2103, 0x528A, 0x528A, 0x2944,
  0x0000, 0x18C3, 0x39C7, 0x0000, 0x4A28, 0x0020, 0x0000, 0x39C7, 0x0020, 0x39C7, 0x1061, 0x3185,
  0x18C3, 0x0000, 0x3185, 0x62EB, 0x528A, 0x2103, 0x0000, 0x2103, 0x62EB, 0x4A28, 0x10A2, 0x0000,
  0x0820, 0x4A28, 0x528A, 0x2944, 0x0000, 0x1061, 0x528A, 0x62EB, 0x4A28, 0x0000, 0x0000, 0x2944,
  0x2103, 0x0000, 0x0000, 0x0000, 0x0000, 0x0000, 0x0000, 0x0000, 0x0000, 0x0000, 0x0000, 0x0000,
  0x0000, 0x0000, 0x0020, 0x0820, 0x0820, 0x0820, 0x0020, 0x0020, 0x0020, 0x0020, 0x0020, 0x0020,
  0x0020, 0x0020, 0x0020, 0x0020, 0x0020, 0x0020, 0x0820, 0x0000, 0x0000, 0x0000, 0x0000, 0x0820,
  0x0841, 0x0000, 0x0800, 0x0000, 0x0000, 0x0000, 0x0000, 0x0841, 0x0020, 0x0000, 0x0000, 0x0000,
  0x0000, 0x0000, 0x0000, 0x0000, 0x0000, 0x1840, 0x0800, 0x0000, 0x0000, 0x1020, 0x1020, 0x1840,
  0x0820, 0x0841, 0x0841, 0x0841, 0x0841, 0x0820, 0x0841, 0x0820, 0x0820, 0x0820, 0x0841, 0x0841,
  0x0841, 0x0841, 0x0820, 0x0820, 0x0820, 0x0841, 0x0841, 0x0820, 0x0820, 0x0820, 0x0820, 0x0820,
  0x0820, 0x0820, 0x0820, 0x0841, 0x0841, 0x0841, 0x0841, 0x0820, 0x0820, 0x0841, 0x0841, 0x0841,
  0x0841, 0x0841, 0x0841, 0x1061, 0x1061, 0x0841, 0x0820, 0x0020, 0x0000, 0x0000, 0x0000, 0x0000,
  0x0000, 0x0000, 0x0000, 0x0000, 0x0000, 0x0000, 0x0000, 0x0000, 0x0000, 0x0000, 0x0000, 0x0000,
  0x0000, 0x0000, 0x0841, 0x0020, 0x0020, 0x0000, 0x0020, 0x0020, 0x0020, 0x0020, 0x0000, 0x0020,
  0x0020, 0x0020, 0x0020, 0x0820, 0x0820, 0x0820, 0x0820, 0x0820, 0x0841, 0x0841, 0x0841, 0x0841,
  0x0841, 0x0820, 0x0841, 0x0841, 0x0841, 0x0841, 0x0841, 0x0841, 0x0841, 0x0841, 0x0841, 0x0841,
  0x0841, 0x0841, 0x0841, 0x0841, 0x0841, 0x0841, 0x0841, 0x0841, 0x0841, 0x0841, 0x0841, 0x0841,
  0x0841, 0x0820, 0x0820, 0x0820, 0x0820, 0x0820, 0x0020, 0x0020, 0x0020, 0x0820, 0x0820, 0x0020,
  0x0020, 0x0020, 0x0020, 0x0000, 0x0000, 0x0000, 0x0000, 0x0000, 0x0000, 0x0000, 0x0000, 0x0000,
  0x0000, 0x0000, 0x0000, 0x0000, 0x0000, 0x0000, 0x0000, 0x0000, 0x0000, 0x0000, 0x0000, 0x0000,
  0x0000, 0x0000, 0x0000, 0x0000, 0x0000, 0x0000, 0x0000, 0x0000, 0x0000, 0x0000, 0x0000, 0x0000,
  0x0000, 0x0000, 0x0000, 0x0000, 0x0000, 0x0000, 0x0000, 0x0000, 0x0000, 0x0000, 0x0000, 0x0000,
  0x0000, 0x0000, 0x0000, 0x0000, 0x0000, 0x0000, 0x0000, 0x0000, 0x0000, 0x0000, 0x0000, 0x0000,
  0x0000, 0x0000, 0x0000, 0x528A, 0x39C7, 0x0000, 0x0000, 0x0000, 0x0000, 0x0000, 0x0000, 0x0000,
  0x0000, 0x0000, 0x0000, 0x0000, 0x0000, 0x0000, 0x0000, 0x0000, 0x0000, 0x0000, 0x0000, 0x0000,
  0x0000, 0x0000, 0x0000, 0x0000, 0x0000, 0x0000, 0x0000, 0x0000, 0x0000, 0x0000, 0x0000, 0x0000,
  0x0000, 0x0000, 0x0000, 0x0000, 0x0000, 0x0000, 0x0000, 0x0000, 0x0000, 0x0000, 0x0000, 0x0000,
  0x0000, 0x0000, 0x0000, 0x0000, 0x0000, 0x0000, 0x0000, 0x0000, 0x0000, 0x0000, 0x0000, 0x0000,
  0x0000, 0x0000, 0x0000, 0x0000, 0x0000, 0x0000, 0x0000, 0x0000, 0x0000, 0x0000, 0x0000, 0x0000,
  0x0000, 0x0000, 0x0000, 0x0000, 0x0000, 0x0000, 0x0000, 0x0000, 0x0000, 0x0000, 0x0000, 0x0000,
  0x0000, 0x0000, 0x0000, 0x0000, 0x0000, 0x0000, 0x0000, 0x0000, 0x0000, 0x0000, 0x0000, 0x0820,
  0x0000, 0x0000, 0x0000, 0x0000, 0x0000, 0x0020, 0x0020, 0x0020, 0x0020, 0x0020, 0x0820, 0x0820,
  0x0020, 0x0020, 0x0820, 0x0000, 0x0000, 0x0000, 0x0000, 0x0020, 0x0820, 0x1840, 0x3080, 0x0000,
  0x0000, 0x0000, 0x0000, 0x0000, 0x0000, 0x0000, 0x0000, 0x0000, 0x0000, 0x0000, 0x0000, 0x0000,
  0x0000, 0x1840, 0x1840, 0x1840, 0x1020, 0x1840, 0x1840, 0x1840, 0x0020, 0x1020, 0x0841, 0x0020,
  0x0020, 0x0000, 0x0020, 0x0841, 0x0841, 0x0841, 0x0841, 0x0820, 0x0841, 0x0841, 0x0841, 0x0841,
  0x0820, 0x0820, 0x0820, 0x0820, 0x0820, 0x0820, 0x0820, 0x0820, 0x0820, 0x0820, 0x0820, 0x0841,
  0x0841, 0x0820, 0x0820, 0x0820, 0x0820, 0x0841, 0x0841, 0x0841, 0x0841, 0x0841, 0x0841, 0x0841,
  0x0841, 0x0841, 0x0841, 0x0841, 0x1061, 0x0020, 0x0000, 0x0000, 0x0000, 0x0000, 0x0000, 0x0000,
  0x0000, 0x0000, 0x0000, 0x0000, 0x0000, 0x0000, 0x0000, 0x0000, 0x0000, 0x0000, 0x0841, 0x0820,
  0x0020, 0x0020, 0x1061, 0x0841, 0x0841, 0x0820, 0x0841, 0x0820, 0x0841, 0x1061, 0x0820, 0x0020,
  0x0820, 0x0020, 0x0820, 0x0820, 0x0020, 0x0020, 0x0020, 0x0020, 0x0020, 0x0020, 0x0020, 0x0020,
  0x0020, 0x0020, 0x0020, 0x0020, 0x0020, 0x0020, 0x0020, 0x0020, 0x0020, 0x0020, 0x0020, 0x0020,
  0x0020, 0x0020, 0x0020, 0x0020, 0x0020, 0x0000, 0x0020, 0x0020, 0x0020, 0x0020, 0x0020, 0x0020,
  0x0000, 0x0000, 0x0000, 0x0000, 0x0000, 0x0000, 0x0000, 0x0000, 0x0000, 0x0000, 0x0000, 0x0000,
  0x0000, 0x0000, 0x0000, 0x0000, 0x0000, 0x0000, 0x0000, 0x0000, 0x0000, 0x0000, 0x0000, 0x0000,
  0x0000, 0x0000, 0x0000, 0x0000, 0x0000, 0x0000, 0x0000, 0x0000, 0x0000, 0x0000, 0x0000, 0x0000,
  0x0000, 0x0000, 0x0000, 0x0000, 0x0000, 0x0000, 0x0000, 0x0000, 0x0000, 0x0000, 0x0000, 0x0000,
  0x0000, 0x0000, 0x0000, 0x0000, 0x0000, 0x0000, 0x0000, 0x0000, 0x0000, 0x0000, 0x0000, 0x0000,
  0x0000, 0x0000, 0x0000, 0x0000, 0x0000, 0x0000, 0x0000, 0x0000, 0x0000, 0x0000, 0x0000, 0x1061,
  0x0000, 0x0000, 0x0000, 0x0000, 0x0000, 0x0000, 0x0000, 0x0000, 0x0000, 0x0000, 0x0000, 0x0000,
  0x0000, 0x0000, 0x0000, 0x0000, 0x0000, 0x0000, 0x0000, 0x0000, 0x0000, 0x0000, 0x0000, 0x0000,
  0x0000, 0x0000, 0x0000, 0x0000, 0x0000, 0x0000, 0x0000, 0x0000, 0x0000, 0x0000, 0x0000, 0x0000,
  0x0000, 0x0000, 0x0000, 0x0000, 0x0000, 0x0000, 0x0000, 0x0000, 0x0000, 0x0000, 0x0000, 0x0000,
  0x0000, 0x0000, 0x0000, 0x0000, 0x0000, 0x0000, 0x0000, 0x0000, 0x0000, 0x0000, 0x0000, 0x0000,
  0x0000, 0x0000, 0x0000, 0x0000, 0x0000, 0x0000, 0x0000, 0x0000, 0x0000, 0x0000, 0x0000, 0x0000,
  0x0000, 0x0000, 0x0000, 0x0000, 0x0000, 0x0000, 0x0000, 0x0000, 0x0000, 0x0000, 0x0000, 0x0000,
  0x0000, 0x0000, 0x0000, 0x0000, 0x0000, 0x0020, 0x0020, 0x0000, 0x0000, 0x0000, 0x0000, 0x0000,
  0x0000, 0x0020, 0x0820, 0x0820, 0x1840, 0x1840, 0x1840, 0x0020, 0x0820, 0x0020, 0x0820, 0x0820,
  0x0020, 0x0000, 0x0020, 0x0841, 0x0820, 0x1840, 0x0841, 0x0820, 0x0000, 0x0000, 0x0000, 0x0000,
  0x0000, 0x0000, 0x1840, 0x30C0, 0x1020, 0x2060, 0x1840, 0x0800, 0x0000, 0x0020, 0x0800, 0x1020,
  0x2060, 0x1840, 0x1840, 0x0800, 0x0000, 0x1020, 0x1840, 0x1840, 0x2060, 0x2060, 0x2060, 0x2060,
  0x1840, 0x1840, 0x1020, 0x1840, 0x1840, 0x0841, 0x0841, 0x0841, 0x0820, 0x0020, 0x0020, 0x0020,
  0x0020, 0x0020, 0x0020, 0x0820, 0x0020, 0x0020, 0x0820, 0x0820, 0x0841, 0x0841, 0x0841, 0x0841,
  0x0841, 0x0841, 0x0841, 0x0841, 0x0841, 0x0841, 0x0841, 0x0841, 0x1061, 0x0841, 0x0841, 0x0000,
  0x0000, 0x0000, 0x0000, 0x0000, 0x0000, 0x0000, 0x0000, 0x0000, 0x0000, 0x0000, 0x0000, 0x0000,
  0x0000, 0x0000, 0x0000, 0x0000, 0x0000, 0x0000, 0x0820, 0x0841, 0x0020, 0x0020, 0x0841, 0x0820,
  0x0000, 0x30C0, 0x7140, 0x3080, 0x0020, 0x0820, 0x0820, 0x0820, 0x0820, 0x0820, 0x0820, 0x0020,
  0x0020, 0x0020, 0x0020, 0x0820, 0x0820, 0x0020, 0x0020, 0x0020, 0x0020, 0x0020, 0x0020, 0x0020,
  0x0020, 0x0020, 0x0020, 0x0020, 0x0020, 0x0020, 0x0020, 0x0020, 0x0020, 0x0020, 0x0020, 0x0020,
  0x0020, 0x0020, 0x0020, 0x0020, 0x0020, 0x0820, 0x0841, 0x0820, 0x0820, 0x0820, 0x0820, 0x0820,
  0x0820, 0x0020, 0x0020, 0x0020, 0x0020, 0x0020, 0x0000, 0x0000, 0x0000, 0x0000, 0x0000, 0x0000,
  0x0000, 0x0000, 0x0000, 0x0000, 0x0000, 0x0000, 0x0000, 0x0000, 0x0000, 0x0000, 0x0000, 0x0000,
  0x0000, 0x0000, 0x0000, 0x0000, 0x0000, 0x0000, 0x0000, 0x0000, 0x0000, 0x0000, 0x0000, 0x0000,
  0x0000, 0x0000, 0x0000, 0x0000, 0x0000, 0x0000, 0x0000, 0x0000, 0x0000, 0x0000, 0x0000, 0x0000,
  0x0000, 0x0000, 0x0000, 0x0000, 0x0000, 0x0000, 0x0000, 0x0000, 0x0000, 0x0000, 0x0000, 0x0000,
  0x0000, 0x0000, 0x0000, 0x0000, 0x0000, 0x0000, 0x0000, 0x0000, 0x0000, 0x0000, 0x0000, 0x0000,
  0x0000, 0x0000, 0x0000, 0x0000, 0x0000, 0x0000, 0x0000, 0x0000, 0x0000, 0x0000, 0x0000, 0x0000,
  0x0000, 0x0000, 0x0000, 0x0000, 0x0000, 0x0000, 0x0000, 0x0000, 0x0000, 0x0000, 0x0000, 0x0000,
  0x0000, 0x0000, 0x0000, 0x0000, 0x0000, 0x0000, 0x0800, 0x0000, 0x0000, 0x0000, 0x0000, 0x0000,
  0x0000, 0x0000, 0x0000, 0x0000, 0x0000, 0x0000, 0x0000, 0x0000, 0x0000, 0x0000, 0x0000, 0x0000,
  0x0000, 0x0000, 0x0000, 0x0000, 0x0000, 0x0000, 0x0000, 0x0000, 0x0000, 0x0000, 0x0000, 0x0000,
  0x0000, 0x0000, 0x0000, 0x0000, 0x0000, 0x0000, 0x0000, 0x0000, 0x0000, 0x0000, 0x0000, 0x0000,
  0x0000, 0x0000, 0x0000, 0x0000, 0x0000, 0x0000, 0x0000, 0x0000, 0x0000, 0x0000, 0x0000, 0x0000,
  0x0000, 0x0000, 0x0000, 0x0000, 0x0000, 0x0000, 0x0000, 0x0000, 0x0000, 0x0000, 0x0820, 0x0820,
  0x3080, 0xDB41, 0x7140, 0x2060, 0x1840, 0x0020, 0x0820, 0x0820, 0x0820, 0x0000, 0x0820, 0x0820,
  0x1840, 0x2060, 0x0020, 0x0820, 0x0000, 0x0000, 0x0000, 0x0000, 0x0000, 0x0000, 0x1840, 0x40A0,
  0x1020, 0x0820, 0x0800, 0x0000, 0x1020, 0x1020, 0x1840, 0x0020, 0x0000, 0x1840, 0x50E0, 0x7140,
  0x3080, 0x1840, 0x1020, 0x1020, 0x1840, 0x1840, 0x1840, 0x1840, 0x1840, 0x3080, 0xA260, 0x8960,
  0x1840, 0x0820, 0x0020, 0x0020, 0x0841, 0x1840, 0x1840, 0x2060, 0x2060, 0x2060, 0x3080, 0x3080,
  0x3080, 0x2060, 0x1840, 0x0820, 0x0020, 0x0820, 0x0841, 0x0841, 0x0841, 0x0820, 0x0020, 0x0820,
  0x0020, 0x0000, 0x0820, 0x0820, 0x0020, 0x0020, 0x0000, 0x0000, 0x0800, 0x0800, 0x0000, 0x0000,
  0x0000, 0x0000, 0x0000, 0x0000, 0x0000, 0x0000, 0x0000, 0x0000, 0x0000, 0x0000, 0x0000, 0x0000,
  0x0000, 0x0000, 0x0020, 0x1061, 0x0841, 0x0000, 0x0841, 0x0841, 0x0820, 0x2060, 0x40E0, 0x40E0,
  0x0820, 0x0820, 0x0820, 0x0820, 0x0820, 0x0820, 0x0820, 0x0820, 0x0820, 0x0820, 0x0820, 0x0820,
  0x0820, 0x0820, 0x0820, 0x0820, 0x0820, 0x0020, 0x0020, 0x0820, 0x0020, 0x0020, 0x0020, 0x0020,
  0x0020, 0x0020, 0x0020, 0x0020, 0x0020, 0x0020, 0x0020, 0x0020, 0x0020, 0x0020, 0x0820, 0x0020,
  0x0020, 0x0020, 0x0841, 0x0820, 0x0820, 0x0841, 0x0820, 0x0820, 0x0820, 0x0020, 0x0020, 0x0020,
  0x0020, 0x0020, 0x0020, 0x0000, 0x0000, 0x0000, 0x0000, 0x0000, 0x0000, 0x0000, 0x0000, 0x0000,
  0x0000, 0x0000, 0x0000, 0x0000, 0x0000, 0x0000, 0x0000, 0x0000, 0x0000, 0x0000, 0x0000, 0x0000,
  0x0000, 0x0000, 0x0000, 0x0000, 0x0000, 0x0000, 0x0000, 0x0000, 0x0000, 0x0000, 0x0000, 0x0000,
  0x0000, 0x0000, 0x0000, 0x0000, 0x0000, 0x0000, 0x0000, 0x0000, 0x0000, 0x0000, 0x0000, 0x0000,
  0x0000, 0x0000, 0x0000, 0x0000, 0x0000, 0x0000, 0x0000, 0x0000, 0x0000, 0x0000, 0x0000, 0x0000,
  0x0000, 0x0000, 0x0000, 0x0000, 0x0000, 0x0000, 0x0000, 0x0000, 0x0000, 0x0000, 0x0000, 0x0000,
  0x0000, 0x0000, 0x0000, 0x0000, 0x0000, 0x0000, 0x0000, 0x0000, 0x0000, 0x0000, 0x0000, 0x0000,
  0x0000, 0x0000, 0x0000, 0x0000, 0x0000, 0x0000, 0x0000, 0x0000, 0x0000, 0x0000, 0x0000, 0x0000,
  0x0000, 0x0000, 0x0800, 0x0000, 0x0000, 0x0000, 0x0000, 0x0000, 0x0000, 0x0000, 0x0000, 0x0000,
  0x0000, 0x0000, 0x0000, 0x0000, 0x0000, 0x0000, 0x0000, 0x0000, 0x0000, 0x0000, 0x0000, 0x0000,
  0x0000, 0x0000, 0x0000, 0x0000, 0x0000, 0x0000, 0x0000, 0x0000, 0x0000, 0x0000, 0x0000, 0x0000,
  0x0000, 0x0000, 0x0000, 0x0000, 0x0000, 0x0000, 0x0000, 0x0000, 0x0000, 0x0000, 0x0000, 0x0000,
  0x0000, 0x0000, 0x0000, 0x0000, 0x0000, 0x0000, 0x0000, 0x0000, 0x0000, 0x0000, 0x0000, 0x0000,
  0x0000, 0x0000, 0x0000, 0x0000, 0x0000, 0x0000, 0x0820, 0x0020, 0x2060, 0x89E0, 0x40E0, 0x1840,
  0x3080, 0x2060, 0x0020, 0x0020, 0x0820, 0x0820, 0x0000, 0x1020, 0x30C0, 0x0820, 0x0000, 0x0020,
  0x0000, 0x0000, 0x0000, 0x0000, 0x0000, 0x0000, 0x0000, 0x0000, 0x0000, 0x0000, 0x0000, 0x0000,
  0x0000, 0x0000, 0x1840, 0x1020, 0x3080, 0x50E0, 0xDB41, 0xFC20, 0x50E0, 0x3080, 0x2060, 0x1840,
  0x0820, 0x0820, 0x0020, 0x0020, 0x0841, 0x2060, 0xAB21, 0x89E0, 0x1840, 0x0820, 0x0820, 0x1840,
  0x1840, 0x2060, 0x1840, 0x1061, 0x0841, 0x0841, 0x0820, 0x1020, 0x1840, 0x2060, 0x3080, 0x40A0,
  0x3080, 0x0841, 0x0020, 0x0820, 0x0020, 0x0000, 0x0000, 0x0000, 0x0000, 0x0000, 0x1061, 0x0820,
  0x0000, 0x0000, 0x0000, 0x0000, 0x0000, 0x0800, 0x0000, 0x0000, 0x0000, 0x0000, 0x0000, 0x0000,
  0x0000, 0x0000, 0x0000, 0x0000, 0x0000, 0x0000, 0x0000, 0x0000, 0x0000, 0x0000, 0x0000, 0x0820,
  0x0020, 0x0000, 0x0000, 0x0020, 0x0020, 0x0000, 0x0000, 0x0000, 0x0020, 0x0000, 0x0020, 0x0020,
  0x0020, 0x0020, 0x0020, 0x0020, 0x0020, 0x0020, 0x0020, 0x0020, 0x0020, 0x0020, 0x0020, 0x0020,
  0x0020, 0x0020, 0x0020, 0x0020, 0x0020, 0x0020, 0x0020, 0x0020, 0x0020, 0x0020, 0x0020, 0x0020,
  0x0020, 0x0020, 0x0020, 0x0020, 0x0020, 0x0020, 0x0020, 0x0020, 0x0020, 0x0020, 0x0020, 0x0020,
  0x0020, 0x0020, 0x0020, 0x0020, 0x0020, 0x0020, 0x0000, 0x0000, 0x0020, 0x0000, 0x0000, 0x0000,
  0x0000, 0x0000, 0x0000, 0x0000, 0x0000, 0x0000, 0x0000, 0x0000, 0x0000, 0x0000, 0x0000, 0x0000,
  0x0000, 0x0000, 0x0000, 0x0000, 0x0000, 0x0000, 0x0000, 0x0000, 0x0000, 0x0000, 0x0000, 0x0000,
  0x0000, 0x0000, 0x0000, 0x0000, 0x0000, 0x0000, 0x0000, 0x0000, 0x0000, 0x0000, 0x0000, 0x0000,
  0x0000, 0x0000, 0x0000, 0x0000, 0x0000, 0x0000, 0x0000, 0x0000, 0x0000, 0x0000, 0x0000, 0x0000,
  0x0000, 0x0000, 0x0000, 0x0000, 0x0000, 0x0000, 0x0000, 0x0000, 0x0000, 0x0000, 0x0000, 0x0000,
  0x0000, 0x0000, 0x0000, 0x0000, 0x0000, 0x0000, 0x0000, 0x0000, 0x0000, 0x0000, 0x0820, 0x0000,
  0x0000, 0x0000, 0x0000, 0x0000, 0x0000, 0x0000, 0x0000, 0x0000, 0x0000, 0x0000, 0x0000, 0x0000,
  0x0000, 0x0000, 0x0000, 0x0000, 0x0000, 0x0000, 0x0000, 0x0000, 0x0000, 0x0000, 0x2060, 0x1020,
  0x0000, 0x0000, 0x0000, 0x0000, 0x0000, 0x0000, 0x0000, 0x0000, 0x0000, 0x0000, 0x0000, 0x0000,
  0x0000, 0x0000, 0x0000, 0x0000, 0x0000, 0x0000, 0x0000, 0x0000, 0x0000, 0x0000, 0x0000, 0x0000,
  0x0000, 0x0000, 0x0000, 0x0000, 0x0000, 0x0000, 0x0000, 0x0000, 0x0000, 0x0000, 0x0000, 0x0000,
  0x0000, 0x0000, 0x0000, 0x0000, 0x0000, 0x0000, 0x0000, 0x0000, 0x0000, 0x0000, 0x0000, 0x0000,
  0x0000, 0x0000, 0x0000, 0x0000, 0x0000, 0x0000, 0x0000, 0x0000, 0x0000, 0x0000, 0x0000, 0x0000,
  0x0000, 0x0000, 0x0820, 0x0020, 0x0820, 0x0800, 0x0820, 0x0020, 0x0020, 0x1840, 0x2060, 0x0000,
  0x0000, 0x0841, 0x0820, 0x40A0, 0x1020, 0x0020, 0x0000, 0x0000, 0x0020, 0x0000, 0x0000, 0x0000,
  0x0000, 0x0000, 0x0000, 0x0000, 0x0000, 0x0000, 0x0000, 0x0000, 0x0000, 0x0841, 0x1840, 0x40E0,
  0x40E0, 0x3080, 0x50E0, 0x50E0, 0x2060, 0x2060, 0x3080, 0x50E0, 0x2060, 0x0020, 0x0820, 0x0820,
  0x0820, 0x1020, 0x1840, 0x1840, 0x0841, 0x2060, 0x2060, 0x0841, 0x0820, 0x0020, 0x0820, 0x0820,
  0x0820, 0x0820, 0x0820, 0x0020, 0x0020, 0x0020, 0x0020, 0x0820, 0x2060, 0x40A0, 0x2060, 0x0841,
  0x0820, 0x0841, 0x0820, 0x0000, 0x0000, 0x0000, 0x1061, 0x0820, 0x0000, 0x0000, 0x0000, 0x0000,
  0x0000, 0x0000, 0x0000, 0x0000, 0x0000, 0x0000, 0x0000, 0x0000, 0x0000, 0x0000, 0x0000, 0x0000,
  0x0000, 0x0000, 0x0000, 0x0000, 0x0000, 0x0000, 0x0000, 0x0000, 0x0000, 0x0000, 0x0000, 0x0000,
  0x0000, 0x0000, 0x0000, 0x0000, 0x0000, 0x0000, 0x0000, 0x0020, 0x0020, 0x0020, 0x0020, 0x0020,
  0x0020, 0x0020, 0x0020, 0x0000, 0x0000, 0x0000, 0x0020, 0x0000, 0x0000, 0x0020, 0x0020, 0x0000,
  0x0000, 0x0000, 0x0000, 0x0000, 0x0000, 0x0000, 0x0000, 0x0000, 0x0020, 0x0020, 0x0020, 0x0020,
  0x0000, 0x0000, 0x0000, 0x0000, 0x0000, 0x0000, 0x0000, 0x0000, 0x0000, 0x0000, 0x0000, 0x0000,
  0x0000, 0x0000, 0x0000, 0x0000, 0x0000, 0x0000, 0x0000, 0x0000, 0x0000, 0x0000, 0x0000, 0x0000,
  0x0000, 0x0000, 0x0000, 0x0000, 0x0000, 0x0000, 0x0000, 0x0000, 0x0000, 0x0000, 0x0000, 0x0000,
  0x0000, 0x0000, 0x0000, 0x0000, 0x0000, 0x0000, 0x0000, 0x0000, 0x0000, 0x0000, 0x0000, 0x0000,
  0x0000, 0x0000, 0x0000, 0x0000, 0x0000, 0x0000, 0x0000, 0x0000, 0x0000, 0x0000, 0x0000, 0x0000,
  0x0000, 0x0000, 0x0000, 0x0000, 0x0000, 0x0000, 0x0000, 0x0000, 0x0000, 0x0000, 0x0000, 0x0000,
  0x0000, 0x0000, 0x0000, 0x0000, 0x0000, 0x0000, 0x0000, 0x0000, 0x0000, 0x0000, 0x0000, 0x0000,
  0x0000, 0x0000, 0x0000, 0x0000, 0x0000, 0x0000, 0x1840, 0x0000, 0x0000, 0x0000, 0x0000, 0x0000,
  0x0000, 0x0000, 0x0000, 0x0000, 0x0000, 0x0000, 0x0000, 0x0000, 0x0000, 0x0000, 0x0000, 0x0000,
  0x0000, 0x0000, 0x0000, 0x0000, 0x0000, 0x0000, 0x40E0, 0x1840, 0x0000, 0x0000, 0x0000, 0x0000,
  0x0000, 0x0000, 0x0000, 0x0000, 0x0000, 0x0000, 0x0000, 0x0000, 0x0000, 0x0000, 0x0000, 0x0000,
  0x0000, 0x0000, 0x0000, 0x0000, 0x0000, 0x0000, 0x0000, 0x0000, 0x0000, 0x0000, 0x0000, 0x0000,
  0x0000, 0x0000, 0x0000, 0x0000, 0x0000, 0x0000, 0x0000, 0x0000, 0x0000, 0x0000, 0x0000, 0x0000,
  0x0000, 0x0000, 0x0000, 0x0000, 0x0000, 0x0000, 0x0000, 0x0000, 0x0000, 0x0000, 0x0000, 0x0000,
  0x0000, 0x0000, 0x0000, 0x0000, 0x0000, 0x0000, 0x0000, 0x0000, 0x0000, 0x0020, 0x0820, 0x0020,
  0x0820, 0x0820, 0x0820, 0x0020, 0x0020, 0x0000, 0x1020, 0x2060, 0x0820, 0x0841, 0x40A0, 0x2060,
  0x0000, 0x0020, 0x0000, 0x0000, 0x0000, 0x0000, 0x0000, 0x0000, 0x0000, 0x0000, 0x0000, 0x0000,
  0x0000, 0x0000, 0x0000, 0x0000, 0x0000, 0x0000, 0x40A0, 0x40A0, 0x1840, 0x1840, 0x1840, 0x2060,
  0x1840, 0x1840, 0x1840, 0x1840, 0x3080, 0x2060, 0x0820, 0x1020, 0x0020, 0x0820, 0x0820, 0x1840,
  0x3080, 0x1840, 0x0841, 0x0841, 0x0841, 0x0820, 0x0020, 0x0020, 0x0820, 0x0820, 0x0820, 0x0820,
  0x0841, 0x1061, 0x1840, 0x1840, 0x0800, 0x1020, 0x2060, 0x40A0, 0x1840, 0x0820, 0x0820, 0x0000,
  0x0000, 0x0000, 0x0020, 0x0000, 0x0000, 0x0000, 0x0000, 0x0000, 0x0000, 0x0000, 0x0000, 0x0000,
  0x0000, 0x0000, 0x0000, 0x0000, 0x0000, 0x0000, 0x0000, 0x0000, 0x0000, 0x0000, 0x0000, 0x0000,
  0x0000, 0x0000, 0x0000, 0x0020, 0x0000, 0x0000, 0x0000, 0x0000, 0x0000, 0x0000, 0x0020, 0x0020,
  0x0020, 0x0020, 0x0020, 0x0020, 0x0020, 0x0020, 0x0020, 0x0020, 0x0020, 0x0020, 0x0020, 0x0020,
  0x0020, 0x0020, 0x0020, 0x0841, 0x0841, 0x0000, 0x0000, 0x1840, 0x3080, 0x40A0, 0x40A0, 0x40A0,
  0x3080, 0x2060, 0x1840, 0x0820, 0x0000, 0x0000, 0x0020, 0x0020, 0x0020, 0x0000, 0x0000, 0x0020,
  0x0000, 0x0000, 0x0000, 0x0000, 0x0000, 0x0000, 0x0000, 0x0000, 0x0000, 0x0000, 0x0000, 0x0000,
  0x0000, 0x0000, 0x0000, 0x0000, 0x0000, 0x0000, 0x0000, 0x0000, 0x0000, 0x0000, 0x0000, 0x0000,
  0x0000, 0x0000, 0x0000, 0x0000, 0x0000, 0x0000, 0x0000, 0x0000, 0x0000, 0x0000, 0x0000, 0x0000,
  0x0000, 0x0000, 0x0000, 0x0000, 0x0000, 0x0000, 0x0000, 0x0000, 0x0000, 0x0000, 0x0000, 0x0000,
  0x0000, 0x0000, 0x0000, 0x0000, 0x0000, 0x0000, 0x0000, 0x0000, 0x0000, 0x0000, 0x0000, 0x0000,
  0x0000, 0x0000, 0x0000, 0x0000, 0x0000, 0x0000, 0x0000, 0x0000, 0x0000, 0x0000, 0x0000, 0x0000,
  0x0000, 0x0000, 0x0000, 0x0000, 0x0000, 0x0000, 0x0000, 0x0000, 0x0000, 0x0000, 0x0000, 0x0000,
  0x0000, 0x0800, 0x3080, 0x0000, 0x0000, 0x0000, 0x0000, 0x0000, 0x0000, 0x0000, 0x0000, 0x0000,
  0x0000, 0x0000, 0x0000, 0x0000, 0x0000, 0x0000, 0x0000, 0x0000, 0x0000, 0x0000, 0x0000, 0x0000,
  0x0800, 0x0000, 0x40E0, 0x2060, 0x0000, 0x0000, 0x0000, 0x0000, 0x0000, 0x0000, 0x0000, 0x0000,
  0x0000, 0x0000, 0x0000, 0x0000, 0x0000, 0x0000, 0x0000, 0x0000, 0x0000, 0x0000, 0x0000, 0x0000,
  0x0000, 0x0000, 0x0000, 0x0000, 0x0000, 0x0000, 0x0000, 0x0000, 0x0000, 0x0000, 0x0000, 0x0000,
  0x0000, 0x0000, 0x0000, 0x0000, 0x0000, 0x0000, 0x0000, 0x0000, 0x0000, 0x0000, 0x0000, 0x0000,
  0x0000, 0x0000, 0x0000, 0x0000, 0x0000, 0x0000, 0x0000, 0x0000, 0x0000, 0x0000, 0x0000, 0x0000,
  0x0000, 0x0000, 0x0000, 0x0000, 0x0000, 0x0820, 0x0820, 0x0820, 0x0820, 0x0020, 0x0020, 0x1020,
  0x1020, 0x0841, 0x0020, 0x1840, 0x2060, 0x1840, 0x40A0, 0x0000, 0x0000, 0x0000, 0x0000, 0x0000,
  0x0000, 0x0000, 0x0000, 0x0000, 0x0000, 0x0000, 0x0000, 0x0000, 0x0000, 0x0000, 0x0000, 0x0000,
  0x1840, 0x71C0, 0x50E0, 0x0820, 0x0800, 0x0820, 0x1020, 0x0820, 0x1840, 0x1020, 0x0820, 0x0000,
  0x0000, 0x2060, 0x2060, 0x0841, 0x0000, 0x0000, 0x1840, 0x2060, 0x0841, 0x0841, 0x0841, 0x0820,
  0x0820, 0x1020, 0x1840, 0x0841, 0x0841, 0x1020, 0x0820, 0x0820, 0x1840, 0x1840, 0x0841, 0x0841,
  0x0841, 0x0841, 0x0820, 0x0841, 0x3080, 0x3080, 0x0020, 0x0000, 0x0000, 0x0000, 0x0000, 0x0000,
  0x0000, 0x0000, 0x0000, 0x0000, 0x0000, 0x0000, 0x0000, 0x0000, 0x0000, 0x0000, 0x0800, 0x0000,
  0x0000, 0x0000, 0x0000, 0x0000, 0x0000, 0x0000, 0x0000, 0x0000, 0x0000, 0x0000, 0x0000, 0x0020,
  0x0000, 0x0000, 0x0000, 0x0020, 0x0020, 0x0020, 0x0020, 0x0020, 0x0020, 0x0020, 0x0820, 0x0020,
  0x0820, 0x0020, 0x0820, 0x1061, 0x0841, 0x0841, 0x0841, 0x1061, 0x0820, 0x0020, 0x1061, 0x0841,
  0x1840, 0x5940, 0x7262, 0xAB21, 0xA260, 0x71C0, 0x5940, 0x50E0, 0x40E0, 0x40E0, 0x40A0, 0x40A0,
  0x3080, 0x1840, 0x0000, 0x1061, 0x1061, 0x1020, 0x0841, 0x0820, 0x0000, 0x0000, 0x0000, 0x0000,
  0x0000, 0x0020, 0x0000, 0x0000, 0x0000, 0x0000, 0x0000, 0x0000, 0x0000, 0x0000, 0x0000, 0x0000,
  0x0820, 0x0820, 0x0000, 0x0000, 0x0000, 0x0000, 0x0000, 0x0000, 0x0000, 0x0000, 0x0000, 0x0000,
  0x0000, 0x0000, 0x0000, 0x0000, 0x0000, 0x0000, 0x0000, 0x0000, 0x0000, 0x0000, 0x0000, 0x0000,
  0x0000, 0x0000, 0x0000, 0x0000, 0x0000, 0x0000, 0x0000, 0x0000, 0x0000, 0x0000, 0x0000, 0x0000,
  0x0000, 0x0000, 0x0000, 0x0000, 0x0000, 0x0000, 0x0000, 0x0000, 0x0000, 0x0000, 0x0000, 0x0000,
  0x0000, 0x0000, 0x0000, 0x0000, 0x0000, 0x0000, 0x0000, 0x0000, 0x0000, 0x0000, 0x0000, 0x0000,
  0x0000, 0x0000, 0x0000, 0x0000, 0x0000, 0x0000, 0x0000, 0x0000, 0x0000, 0x0800, 0x3080, 0x0000,
  0x0000, 0x0000, 0x0000, 0x0000, 0x0000, 0x0000, 0x0000, 0x0000, 0x0000, 0x0000, 0x0000, 0x0000,
  0x0000, 0x0000, 0x0000, 0x0000, 0x0000, 0x0000, 0x0000, 0x0000, 0x0800, 0x0800, 0x40E0, 0x2060,
  0x0000, 0x0000, 0x0000, 0x0000, 0x0000, 0x0000, 0x0000, 0x0000, 0x0000, 0x0000, 0x0000, 0x0000,
  0x0000, 0x0000, 0x0000, 0x0000, 0x0000, 0x0000, 0x0000, 0x0000, 0x0000, 0x0000, 0x0000, 0x0000,
  0x0000, 0x0000, 0x0000, 0x0000, 0x0000, 0x0000, 0x0000, 0x0000, 0x0000, 0x0000, 0x0000, 0x0000,
  0x0000, 0x0000, 0x0000, 0x0000, 0x0000, 0x0000, 0x0820, 0x0000, 0x0000, 0x0000, 0x0000, 0x0000,
  0x0000, 0x0000, 0x0000, 0x0000, 0x0000, 0x0000, 0x0000, 0x0000, 0x0000, 0x0000, 0x0000, 0x0000,
  0x0000, 0x0820, 0x0820, 0x0820, 0x0820, 0x0020, 0x0020, 0x0820, 0x0820, 0x0820, 0x1020, 0x1020,
  0x7140, 0xDB41, 0x1840, 0x1020, 0x0000, 0x0000, 0x0000, 0x0000, 0x0000, 0x0000, 0x0000, 0x0000,
  0x0000, 0x0000, 0x0000, 0x0000, 0x0000, 0x0000, 0x0000, 0x0000, 0x2060, 0x89E0, 0x3080, 0x0000,
  0x0000, 0x0000, 0x0800, 0x0820, 0x0820, 0x1020, 0x0820, 0x1020, 0x1840, 0x1020, 0x40A0, 0x2060,
  0x0000, 0x1840, 0x3080, 0x0820, 0x0841, 0x0820, 0x0020, 0x0820, 0x0820, 0x0020, 0x0820, 0x0841,
  0x2060, 0x3080, 0x40E0, 0x40A0, 0x0841, 0x0820, 0x0820, 0x0820, 0x0841, 0x0841, 0x0820, 0x0820,
  0x0020, 0x1840, 0x1840, 0x1020, 0x1840, 0x0000, 0x0000, 0x0000, 0x0000, 0x0000, 0x0000, 0x0000,
  0x0000, 0x0000, 0x0000, 0x0000, 0x0000, 0x0000, 0x0000, 0x0000, 0x0000, 0x0000, 0x0000, 0x0000,
  0x0000, 0x0000, 0x0000, 0x0000, 0x0000, 0x0000, 0x0000, 0x0020, 0x0020, 0x0000, 0x0841, 0x0841,
  0x0841, 0x0020, 0x0020, 0x0020, 0x0020, 0x0020, 0x0820, 0x0020, 0x0020, 0x0000, 0x0020, 0x40E0,
  0x40A0, 0x2060, 0x0820, 0x0820, 0x0020, 0x0820, 0x0820, 0x5940, 0xAB21, 0xAB21, 0x59C1, 0x2060,
  0x0820, 0x0000, 0x0000, 0x0000, 0x0000, 0x0000, 0x0820, 0x1840, 0x3080, 0x50E0, 0x40A0, 0x0000,
  0x1840, 0x50E0, 0x3080, 0x0000, 0x0000, 0x0000, 0x0000, 0x0820, 0x0820, 0x0841, 0x0820, 0x0000,
  0x0000, 0x0020, 0x0020, 0x0820, 0x0020, 0x0020, 0x0820, 0x0020, 0x0841, 0x0841, 0x0000, 0x0000,
  0x0000, 0x0000, 0x0000, 0x0000, 0x0000, 0x0000, 0x0000, 0x0000, 0x0000, 0x0000, 0x0000, 0x0000,
  0x0000, 0x0000, 0x0000, 0x0000, 0x0000, 0x0000, 0x0000, 0x0000, 0x0000, 0x0000, 0x0000, 0x0000,
  0x0000, 0x0000, 0x0000, 0x0000, 0x0000, 0x0000, 0x0000, 0x0820, 0x0000, 0x0000, 0x0000, 0x0000,
  0x0000, 0x0000, 0x0000, 0x0000, 0x0000, 0x0000, 0x0000, 0x0000, 0x0000, 0x0000, 0x0000, 0x0000,
  0x0000, 0x0000, 0x0000, 0x0000, 0x0000, 0x0000, 0x0000, 0x0000, 0x0000, 0x0000, 0x0000, 0x0000,
  0x0000, 0x0000, 0x0000, 0x0000, 0x0000, 0x0020, 0x40A0, 0x0000, 0x0000, 0x0000, 0x0000, 0x0000,
  0x0000, 0x0000, 0x0000, 0x0000, 0x0000, 0x0000, 0x0000, 0x0000, 0x0000, 0x0000, 0x0000, 0x0000,
  0x0000, 0x0000, 0x0000, 0x0000, 0x0820, 0x0020, 0x40E0, 0x2060, 0x0800, 0x0000, 0x0000, 0x0000,
  0x0000, 0x0000, 0x0000, 0x0000, 0x0000, 0x0000, 0x0000, 0x0000, 0x0000, 0x0000, 0x0000, 0x0000,
  0x0000, 0x0000, 0x0000, 0x0000, 0x0000, 0x0000, 0x0000, 0x0000, 0x0000, 0x0000, 0x0000, 0x0000,
  0x0000, 0x0000, 0x0000, 0x0000, 0x0000, 0x0000, 0x0000, 0x0000, 0x0000, 0x0000, 0x0000, 0x0000,
  0x0000, 0x0000, 0x1840, 0x0000, 0x0000, 0x0000, 0x0000, 0x0000, 0x0000, 0x0000, 0x0000, 0x0000,
  0x0000, 0x0000, 0x0000, 0x0000, 0x0000, 0x0000, 0x0000, 0x0000, 0x0000, 0x0020, 0x0820, 0x0820,
  0x0820, 0x0820, 0x0820, 0x1840, 0x2060, 0x1840, 0x1840, 0x0820, 0x40E0, 0xA260, 0x3080, 0x0800,
  0x0000, 0x0000, 0x0000, 0x0000, 0x0000, 0x0000, 0x0000, 0x0000, 0x0000, 0x0000, 0x0000, 0x0000,
  0x0000, 0x0000, 0x0000, 0x0000, 0x0800, 0x0000, 0x0000, 0x0000, 0x0820, 0x1020, 0x0800, 0x0000,
  0x0800, 0x0820, 0x0820, 0x2060, 0x1840, 0x1840, 0x1840, 0x40A0, 0x3080, 0x1840, 0x0020, 0x0820,
  0x0820, 0x0820, 0x0820, 0x0820, 0x0841, 0x2060, 0x2060, 0x1840, 0x1840, 0x40A0, 0xFBA0, 0x6100,
  0x0820, 0x0841, 0x0841, 0x0841, 0x0820, 0x0841, 0x0841, 0x0841, 0x0000, 0x0000, 0x2060, 0x89E0,
  0x40E0, 0x0800, 0x0000, 0x0000, 0x0000, 0x0800, 0x0000, 0x0000, 0x0000, 0x0000, 0x0000, 0x0000,
  0x0000, 0x0800, 0x0820, 0x0000, 0x0000, 0x0000, 0x0000, 0x0000, 0x0000, 0x0000, 0x0000, 0x0000,
  0x0000, 0x0000, 0x0000, 0x0020, 0x0000, 0x0000, 0x0020, 0x0820, 0x0820, 0x30C0, 0x40E0, 0x40E0,
  0x5940, 0x0020, 0x0020, 0x0020, 0x0020, 0x0000, 0x0000, 0x1840, 0x1840, 0x1840, 0x0820, 0x1020,
  0x1840, 0x2060, 0x7262, 0x9BED, 0x59C1, 0x0800, 0x0000, 0x0841, 0x0841, 0x1061, 0x1061, 0x1061,
  0x0841, 0x1020, 0x0820, 0x0800, 0x0800, 0x0820, 0x40E0, 0x40E0, 0x0020, 0x1020, 0x1840, 0x0020,
  0x0000, 0x0000, 0x0000, 0x0020, 0x0841, 0x0020, 0x0020, 0x0000, 0x0000, 0x0000, 0x0020, 0x0841,
  0x0020, 0x0000, 0x1061, 0x10A2, 0x0000, 0x0841, 0x0000, 0x0000, 0x0000, 0x0000, 0x0000, 0x0000,
  0x0000, 0x0000, 0x0000, 0x0000, 0x0000, 0x0000, 0x0000, 0x0000, 0x0000, 0x0000, 0x0000, 0x0000,
  0x0000, 0x0000, 0x0000, 0x0000, 0x0000, 0x0000, 0x0000, 0x0000, 0x0000, 0x0000, 0x0000, 0x0000,
  0x0000, 0x0000, 0x0000, 0x0820, 0x0000, 0x0000, 0x0000, 0x0000, 0x0000, 0x0000, 0x0000, 0x0000,
  0x0000, 0x0000, 0x0000, 0x0000, 0x0000, 0x0000, 0x0000, 0x0000, 0x0000, 0x0000, 0x0000, 0x0000,
  0x0800, 0x0000, 0x0000, 0x0000, 0x0000, 0x0000, 0x0000, 0x0000, 0x0000, 0x0000, 0x0000, 0x0000,
  0x0000, 0x0800, 0x40A0, 0x0000, 0x0000, 0x0000, 0x0000, 0x0000, 0x0000, 0x0000, 0x0000, 0x0000,
  0x0000, 0x0000, 0x0000, 0x0000, 0x0000, 0x0000, 0x0000, 0x0000, 0x0000, 0x0000, 0x0000, 0x0000,
  0x0820, 0x0800, 0x71C0, 0x40E0, 0x0800, 0x0800, 0x0000, 0x0000, 0x0000, 0x0000, 0x0000, 0x0000,
  0x0000, 0x0000, 0x0000, 0x0000, 0x0000, 0x0000, 0x0000, 0x0000, 0x0000, 0x0000, 0x0000, 0x0000,
  0x0000, 0x0000, 0x0000, 0x0000, 0x0000, 0x0000, 0x0000, 0x0000, 0x0000, 0x0000, 0x0000, 0x0000,
  0x0000, 0x0000, 0x0000, 0x0000, 0x0000, 0x0000, 0x0000, 0x0000, 0x0000, 0x0000, 0x2060, 0x0800,
  0x0000, 0x0000, 0x0000, 0x0000, 0x0000, 0x0000, 0x0000, 0x0000, 0x0000, 0x0000, 0x0000, 0x0000,
  0x0000, 0x0000, 0x0000, 0x0000, 0x0000, 0x0000, 0x0020, 0x0820, 0x0820, 0x1840, 0x1840, 0x1840,
  0x2060, 0x1840, 0x1020, 0x1020, 0x0800, 0x0000, 0x3080, 0x0820, 0x0000, 0x0000, 0x0000, 0x0000,
  0x0000, 0x0000, 0x0000, 0x0000, 0x0000, 0x0000, 0x0000, 0x0000, 0x0000, 0x0000, 0x0000, 0x0800,
  0x3080, 0x40E0, 0x40E0, 0x40A0, 0x40E0, 0x5940, 0x40A0, 0x3080, 0x1840, 0x1020, 0x0000, 0x0000,
  0x0820, 0x2060, 0x1020, 0x40A0, 0x40E0, 0x0820, 0x1840, 0x0820, 0x0020, 0x0820, 0x0820, 0x2060,
  0x3080, 0x1840, 0x0841, 0x0820, 0x0820, 0x2060, 0x50E0, 0x3080, 0x1020, 0x0841, 0x0820, 0x0820,
  0x0820, 0x0000, 0x0841, 0x0020, 0x0000, 0x0000, 0x1840, 0xB2C0, 0x6100, 0x0820, 0x0000, 0x0000,
  0x0000, 0x0000, 0x0000, 0x0000, 0x0000, 0x0800, 0x0820, 0x1020, 0x1020, 0x0820, 0x1020, 0x0820,
  0x0820, 0x0800, 0x0800, 0x0000, 0x0000, 0x0000, 0x0000, 0x0000, 0x0000, 0x0000, 0x0000, 0x0020,
  0x0000, 0x0000, 0x0820, 0x0000, 0x2060, 0x89E0, 0x5940, 0x30C0, 0x5940, 0x0000, 0x0820, 0x0020,
  0x0020, 0x0000, 0x0000, 0x0020, 0x0020, 0x0820, 0x1840, 0x1840, 0x3080, 0xAB21, 0xAB21, 0x1020,
  0x0000, 0x2944, 0x2103, 0x18C3, 0x18C3, 0x18C3, 0x2103, 0x2103, 0x18C3, 0x10A2, 0x10A2, 0x2060,
  0x0841, 0x0020, 0x0000, 0x3080, 0x40E0, 0x1840, 0x6100, 0x3080, 0x0000, 0x0000, 0x0000, 0x0000,
  0x0020, 0x0820, 0x0000, 0x0020, 0x0000, 0x0000, 0x0020, 0x0000, 0x0000, 0x0020, 0x0000, 0x0000,
  0x0000, 0x0820, 0x0000, 0x0000, 0x0000, 0x0000, 0x0000, 0x0000, 0x0000, 0x0000, 0x0000, 0x0000,
  0x0000, 0x0000, 0x0000, 0x0000, 0x0000, 0x0000, 0x0000, 0x0000, 0x0000, 0x0000, 0x0000, 0x0000,
  0x0000, 0x0000, 0x0000, 0x0000, 0x0000, 0x0000, 0x0000, 0x0000, 0x0000, 0x0000, 0x0000, 0x2060,
  0x0800, 0x0000, 0x0000, 0x0000, 0x0000, 0x0000, 0x0000, 0x0000, 0x0000, 0x0000, 0x0000, 0x0000,
  0x0000, 0x0000, 0x0000, 0x0000, 0x0000, 0x0000, 0x0000, 0x0000, 0x0820, 0x0800, 0x0000, 0x0000,
  0x0000, 0x0000, 0x0000, 0x0000, 0x0000, 0x0000, 0x0000, 0x0000, 0x0000, 0x0820, 0x40A0, 0x0000,
  0x0000, 0x0000, 0x0000, 0x0000, 0x0000, 0x0000, 0x0000, 0x0000, 0x0000, 0x0000, 0x1020, 0x0000,
  0x0000, 0x0000, 0x0000, 0x0000, 0x0000, 0x0000, 0x0000, 0x0800, 0x1020, 0x0800, 0x71C0, 0x40E0,
  0x0800, 0x0820, 0x0000, 0x0000, 0x0000, 0x0000, 0x0000, 0x0000, 0x0000, 0x0000, 0x0000, 0x0000,
  0x0000, 0x0000, 0x0000, 0x0000, 0x0000, 0x0000, 0x0000, 0x0000, 0x0000, 0x0000, 0x0000, 0x0000,
  0x0000, 0x0000, 0x0000, 0x0000, 0x0000, 0x0000, 0x0000, 0x0000, 0x0000, 0x0000, 0x0000, 0x0000,
  0x0000, 0x0000, 0x0000, 0x0000, 0x0000, 0x0000, 0x40A0, 0x0820, 0x0000, 0x0000, 0x0000, 0x0000,
  0x0000, 0x0000, 0x0000, 0x0000, 0x0000, 0x0000, 0x0000, 0x0800, 0x0000, 0x0000, 0x0000, 0x0000,
  0x0000, 0x0000, 0x0000, 0x0020, 0x0820, 0x0020, 0x0820, 0x0020, 0x0000, 0x0000, 0x0000, 0x0820,
  0x0000, 0x0000, 0x1020, 0x3080, 0x1840, 0x0820, 0x0000, 0x0000, 0x0000, 0x0000, 0x0000, 0x0000,
  0x0000, 0x0000, 0x0000, 0x0000, 0x0000, 0x0000, 0x1020, 0x40A0, 0x40E0, 0x2060, 0x1840, 0x1840,
  0x1840, 0x3080, 0x1840, 0x1020, 0x3080, 0x50E0, 0x40A0, 0x2060, 0x1840, 0x1840, 0x1840, 0x1840,
  0x30C0, 0x1840, 0x0820, 0x0841, 0x0820, 0x1020, 0x2060, 0x1840, 0x0820, 0x0841, 0x0820, 0x0820,
  0x0820, 0x0841, 0x1840, 0x1840, 0x1840, 0x0841, 0x0841, 0x0820, 0x0841, 0x0000, 0x0820, 0x1020,
  0x0000, 0x1020, 0x1840, 0x1020, 0x1840, 0x0800, 0x0000, 0x0800, 0x0000, 0x0000, 0x0000, 0x0820,
  0x1840, 0x0820, 0x0000, 0x0000, 0x0000, 0x0000, 0x0800, 0x0000, 0x0000, 0x0000, 0x0800, 0x0820,
  0x0800, 0x0000, 0x0000, 0x0000, 0x0000, 0x0000, 0x0000, 0x0020, 0x0000, 0x0000, 0x0020, 0x0020,
  0x1840, 0x2060, 0x2060, 0x1020, 0x1840, 0x0020, 0x0820, 0x0020, 0x0000, 0x0000, 0x0000, 0x0000,
  0x0000, 0x1840, 0x1840, 0x1840, 0xAB21, 0xA260, 0x0000, 0x10A2, 0x2944, 0x10A2, 0x10A2, 0x10A2,
  0x18C3, 0x18C3, 0x18C3, 0x1061, 0x0820, 0x0020, 0x0020, 0x0841, 0x1061, 0x1061, 0x10A2, 0x0820,
  0x3080, 0x40E0, 0x0800, 0x0820, 0x0000, 0x0000, 0x0000, 0x0000, 0x0000, 0x0000, 0x0000, 0x0000,
  0x0000, 0x0000, 0x0000, 0x0000, 0x0000, 0x0000, 0x0000, 0x0000, 0x0000, 0x0000, 0x0000, 0x0000,
  0x0000, 0x0000, 0x0000, 0x0000, 0x0000, 0x0000, 0x0000, 0x0000, 0x0000, 0x0000, 0x0000, 0x0000,
  0x0000, 0x0000, 0x0000, 0x0000, 0x0000, 0x0000, 0x0000, 0x0000, 0x0000, 0x0000, 0x0000, 0x0000,
  0x0000, 0x0000, 0x0000, 0x0000, 0x0000, 0x0000, 0x0000, 0x2060, 0x0800, 0x0000, 0x0000, 0x0000,
  0x0000, 0x0000, 0x0000, 0x0000, 0x0000, 0x0000, 0x0000, 0x0000, 0x0000, 0x0000, 0x0000, 0x0000,
  0x0000, 0x0000, 0x0000, 0x0000, 0x2060, 0x1020, 0x0000, 0x0000, 0x0000, 0x0000, 0x0000, 0x0000,
  0x0000, 0x0000, 0x0000, 0x0000, 0x0000, 0x0820, 0x40E0, 0x0000, 0x0000, 0x0000, 0x0000, 0x0000,
  0x0000, 0x0000, 0x0000, 0x0000, 0x0000, 0x0000, 0x1840, 0x0800, 0x0000, 0x0000, 0x0000, 0x0000,
  0x0000, 0x0000, 0x0000, 0x0800, 0x1020, 0x0800, 0xA260, 0x5940, 0x0000, 0x0820, 0x0000, 0x0000,
  0x0000, 0x0000, 0x0000, 0x0000, 0x0000, 0x0000, 0x0000, 0x0000, 0x0000, 0x0000, 0x0000, 0x0000,
  0x1020, 0x0000, 0x0000, 0x0000, 0x0000, 0x0000, 0x0000, 0x0820, 0x1020, 0x0000, 0x0000, 0x0000,
  0x0000, 0x0000, 0x0000, 0x0000, 0x0000, 0x0000, 0x0000, 0x0000, 0x0000, 0x0000, 0x0000, 0x0000,
  0x0000, 0x0000, 0x40A0, 0x1020, 0x0000, 0x0000, 0x0000, 0x0000, 0x0000, 0x0000, 0x0000, 0x0000,
  0x0000, 0x0000, 0x0000, 0x0800, 0x0000, 0x0000, 0x0000, 0x0000, 0x0000, 0x0000, 0x0000, 0x0020,
  0x0820, 0x0820, 0x0841, 0x0000, 0x0000, 0x0000, 0x0000, 0x1020, 0x0000, 0x0000, 0x0000, 0x1840,
  0x0820, 0x0820, 0x1020, 0x0820, 0x0000, 0x0000, 0x0000, 0x1840, 0x0000, 0x0000, 0x0000, 0x0000,
  0x1020, 0x1840, 0x1840, 0x0820, 0x0820, 0x0820, 0x0820, 0x0820, 0x1020, 0x1840, 0x1840, 0x1840,
  0x1020, 0x1840, 0x3080, 0x3080, 0x2060, 0x1840, 0x1840, 0x0820, 0x1020, 0x2060, 0x0841, 0x0841,
  0x0841, 0x1840, 0x1020, 0x0820, 0x0841, 0x0820, 0x0820, 0x0841, 0x0841, 0x0841, 0x0841, 0x0820,
  0x0841, 0x0841, 0x0820, 0x0820, 0x0841, 0x0020, 0x0000, 0x0000, 0x1020, 0x0800, 0x0000, 0x0000,
  0x0000, 0x0800, 0x0000, 0x0000, 0x0000, 0x0000, 0x1020, 0x0820, 0x0000, 0x0000, 0x0000, 0x0000,
  0x0000, 0x0800, 0x1020, 0x0000, 0x0000, 0x0000, 0x0000, 0x0000, 0x0800, 0x0820, 0x0000, 0x0000,
  0x0000, 0x0000, 0x0000, 0x0020, 0x0000, 0x0000, 0x0000, 0x0000, 0x0000, 0x0000, 0x0000, 0x0000,
  0x0000, 0x0000, 0x0000, 0x0820, 0x0020, 0x0000, 0x0000, 0x0000, 0x0820, 0x1840, 0x1020, 0xA260,
  0xAB21, 0x0000, 0x30C0, 0x18C3, 0x0841, 0x0841, 0x0841, 0x18C3, 0x2944, 0x10A2, 0x0020, 0x0820,
  0x0841, 0x0820, 0x0020, 0x0820, 0x1840, 0x1840, 0x2060, 0x18C3, 0x1061, 0x40A0, 0x2060, 0x0000,
  0x0000, 0x0000, 0x0000, 0x0000, 0x0000, 0x0000, 0x0000, 0x0000, 0x0000, 0x0000, 0x0000, 0x0000,
  0x1020, 0x0000, 0x0000, 0x0000, 0x0000, 0x0000, 0x0000, 0x0000, 0x0000, 0x0000, 0x0000, 0x0000,
  0x0000, 0x0000, 0x0000, 0x0000, 0x0000, 0x0000, 0x0000, 0x0000, 0x0000, 0x0000, 0x0000, 0x0000,
  0x0000, 0x0000, 0x0000, 0x0000, 0x0000, 0x0000, 0x0000, 0x0000, 0x0000, 0x0000, 0x0000, 0x0000,
  0x0000, 0x0000, 0x0000, 0x40A0, 0x0820, 0x0000, 0x0000, 0x0000, 0x0000, 0x0000, 0x0000, 0x0000,
  0x0000, 0x0000, 0x0000, 0x0000, 0x0000, 0x0000, 0x0000, 0x0000, 0x0000, 0x0000, 0x0000, 0x0000,
  0x40A0, 0x1840, 0x0000, 0x0000, 0x0000, 0x0000, 0x0000, 0x0000, 0x0800, 0x0800, 0x0000, 0x0000,
  0x0000, 0x0820, 0x40E0, 0x0800, 0x0000, 0x0000, 0x0000, 0x0000, 0x0000, 0x0000, 0x0000, 0x0000,
  0x0000, 0x0000, 0x2060, 0x0800, 0x0000, 0x0000, 0x0000, 0x0000, 0x0000, 0x0000, 0x0800, 0x0820,
  0x1840, 0x0800, 0xB2C0, 0x71C0, 0x0820, 0x1020, 0x0800, 0x0000, 0x0000, 0x0000, 0x0000, 0x0000,
  0x0000, 0x0000, 0x0000, 0x0000, 0x0000, 0x0000, 0x0800, 0x0800, 0x2060, 0x0000, 0x0000, 0x0000,
  0x0000, 0x0000, 0x0000, 0x0820, 0x1020, 0x0000, 0x0000, 0x0000, 0x0000, 0x0000, 0x0000, 0x0000,
  0x0000, 0x0000, 0x0000, 0x0000, 0x0000, 0x0000, 0x0000, 0x0000, 0x0800, 0x0000, 0x40E0, 0x0820,
  0x0000, 0x0000, 0x0000, 0x0000, 0x0000, 0x0000, 0x0000, 0x0000, 0x0000, 0x0000, 0x0000, 0x1840,
  0x0800, 0x0000, 0x0000, 0x0000, 0x0000, 0x0000, 0x0000, 0x0000, 0x0020, 0x0841, 0x0841, 0x0000,
  0x0000, 0x0800, 0x0000, 0x0800, 0x0000, 0x0000, 0x0000, 0x0800, 0x2060, 0x0000, 0x0000, 0x0820,
  0x1840, 0x40A0, 0x1840, 0x0800, 0x0000, 0x0000, 0x0800, 0x1840, 0x0820, 0x0000, 0x0820, 0x0820,
  0x0841, 0x1020, 0x1020, 0x0820, 0x1020, 0x1020, 0x0820, 0x1020, 0x1840, 0x1840, 0x1020, 0x0820,
  0x0020, 0x1840, 0x3080, 0x1840, 0x0000, 0x1840, 0x1020, 0x0820, 0x1840, 0x0820, 0x0820, 0x0841,
  0x0820, 0x0841, 0x1840, 0x1020, 0x1020, 0x0820, 0x0820, 0x1020, 0x1840, 0x0841, 0x0820, 0x0820,
  0x0841, 0x0841, 0x0000, 0x0000, 0x0000, 0x0000, 0x0000, 0x0000, 0x0000, 0x0820, 0x0000, 0x0000,
  0x0000, 0x1840, 0x0820, 0x0000, 0x0000, 0x0000, 0x0820, 0x1020, 0x1020, 0x0820, 0x1840, 0x0820,
  0x0820, 0x0820, 0x0000, 0x0000, 0x0000, 0x0000, 0x0820, 0x0000, 0x0000, 0x0000, 0x0000, 0x0020,
  0x0000, 0x0000, 0x0000, 0x0000, 0x0000, 0x0000, 0x0000, 0x0000, 0x0000, 0x0000, 0x0800, 0x0820,
  0x0020, 0x0000, 0x0000, 0x0000, 0x1020, 0x1020, 0x71C0, 0xAB21, 0x0820, 0x1840, 0x1840, 0x0820,
  0x1061, 0x0841, 0x10A2, 0x2944, 0x18C3, 0x10A2, 0x18C3, 0x10A2, 0x0841, 0x0020, 0x0000, 0x0000,
  0x0000, 0x0000, 0x0820, 0x1840, 0x2060, 0x0841, 0x40A0, 0x0820, 0x1020, 0x0820, 0x1020, 0x0000,
  0x0000, 0x0000, 0x0000, 0x0000, 0x0820, 0x1840, 0x0820, 0x0020, 0x1020, 0x1840, 0x1840, 0x0800,
  0x0000, 0x0000, 0x0000, 0x0000, 0x0000, 0x0000, 0x0000, 0x0000, 0x0000, 0x0000, 0x0000, 0x0000,
  0x0000, 0x0000, 0x0000, 0x0000, 0x0000, 0x0000, 0x0000, 0x0000, 0x0000, 0x0800, 0x0000, 0x0000,
  0x0000, 0x0000, 0x0000, 0x0000, 0x0000, 0x0000, 0x0000, 0x0000, 0x0000, 0x0800, 0x0800, 0x40A0,
  0x0820, 0x0000, 0x0000, 0x0000, 0x0000, 0x0000, 0x0000, 0x0000, 0x0000, 0x0800, 0x0000, 0x0820,
  0x0000, 0x0000, 0x0000, 0x0000, 0x0000, 0x0000, 0x0800, 0x0800, 0x40A0, 0x1840, 0x0000, 0x0800,
  0x0000, 0x0800, 0x0800, 0x0000, 0x1020, 0x1020, 0x0000, 0x0800, 0x0800, 0x1020, 0x40E0, 0x0820,
  0x0820, 0x0800, 0x0800, 0x0800, 0x0800, 0x0000, 0x0800, 0x0800, 0x0800, 0x0820, 0x3080, 0x0820,
  0x0800, 0x0000, 0x0800, 0x0800, 0x0000, 0x0800, 0x0800, 0x1020, 0x1840, 0x2060, 0xDB41, 0x89E0,
  0x0820, 0x1840, 0x0820, 0x0800, 0x0800, 0x0800, 0x0800, 0x0000, 0x0800, 0x0800, 0x0800, 0x0000,
  0x0800, 0x0800, 0x0800, 0x0820, 0x3080, 0x0800, 0x0800, 0x0000, 0x0800, 0x0800, 0x0000, 0x1840,
  0x2060, 0x0000, 0x0820, 0x0800, 0x0800, 0x0800, 0x0800, 0x0000, 0x0800, 0x0000, 0x0000, 0x0000,
  0x0000, 0x0000, 0x0000, 0x0800, 0x0800, 0x0800, 0x40A0, 0x1020, 0x0800, 0x0800, 0x0000, 0x0000,
  0x0000, 0x0000, 0x0000, 0x0000, 0x0000, 0x0800, 0x0000, 0x2060, 0x0820, 0x0000, 0x0000, 0x0000,
  0x0000, 0x0000, 0x0000, 0x0000, 0x0000, 0x0820, 0x0841, 0x0020, 0x0820, 0x1840, 0x0000, 0x0000,
  0x0800, 0x0000, 0x0000, 0x0000, 0x2060, 0x0820, 0x0000, 0x0000, 0x1840, 0x6100, 0x1020, 0x0000,
  0x0000, 0x1020, 0x1840, 0x0000, 0x0000, 0x0841, 0x0841, 0x0841, 0x0841, 0x0820, 0x0820, 0x0820,
  0x0820, 0x0820, 0x0820, 0x0841, 0x0841, 0x1020, 0x1020, 0x1020, 0x0841, 0x0000, 0x1840, 0x2060,
  0x1840, 0x1840, 0x1840, 0x1840, 0x0800, 0x0000, 0x0841, 0x0841, 0x0820, 0x1020, 0x1840, 0x0020,
  0x1840, 0x3080, 0x0820, 0x1840, 0x1840, 0x0841, 0x0841, 0x0841, 0x0841, 0x0820, 0x0000, 0x0000,
  0x0000, 0x0000, 0x0000, 0x0000, 0x0800, 0x0000, 0x0000, 0x0000, 0x1840, 0x0820, 0x0000, 0x0000,
  0x0820, 0x1020, 0x0800, 0x0000, 0x0000, 0x0000, 0x1020, 0x0000, 0x0000, 0x0800, 0x0820, 0x0820,
  0x0000, 0x0000, 0x0000, 0x1020, 0x0000, 0x0000, 0x0000, 0x0020, 0x0000, 0x0000, 0x0020, 0x0820,
  0x0020, 0x0020, 0x0020, 0x0020, 0x0020, 0x0820, 0x0841, 0x0820, 0x0020, 0x0000, 0x0000, 0x0820,
  0x1020, 0x3080, 0xAB21, 0x3080, 0x0800, 0x1840, 0x0820, 0x0841, 0x0820, 0x10A2, 0x2103, 0x1061,
  0x18C3, 0x2103, 0x18C3, 0x0841, 0x0820, 0x0020, 0x0000, 0x0000, 0x0000, 0x0000, 0x0000, 0x0000,
  0x1020, 0x1840, 0x1840, 0x1840, 0x40A0, 0x50E0, 0x50E0, 0x0820, 0x0000, 0x0000, 0x0000, 0x0000,
  0x1020, 0x2060, 0x2060, 0x3080, 0x2060, 0x0841, 0x1840, 0x1840, 0x0820, 0x0000, 0x0000, 0x0000,
  0x0000, 0x0000, 0x0000, 0x0000, 0x0000, 0x0000, 0x0000, 0x0000, 0x0000, 0x0000, 0x0000, 0x0000,
  0x0000, 0x0000, 0x0000, 0x0000, 0x0000, 0x0000, 0x0000, 0x0000, 0x0000, 0x0000, 0x0000, 0x0000,
  0x0000, 0x0000, 0x0000, 0x0000, 0x0000, 0x0000, 0x0000, 0x40E0, 0x0820, 0x0000, 0x0000, 0x0000,
  0x0000, 0x0000, 0x0000, 0x0000, 0x0000, 0x0000, 0x0000, 0x1840, 0x0000, 0x0000, 0x0000, 0x0000,
  0x0000, 0x0000, 0x0800, 0x0000, 0x40E0, 0x1840, 0x0000, 0x0800, 0x0000, 0x0000, 0x0000, 0x0000,
  0x1840, 0x1840, 0x0000, 0x0000, 0x0800, 0x1020, 0x40E0, 0x0820, 0x0800, 0x0000, 0x0800, 0x0000,
  0x0000, 0x0000, 0x0000, 0x0000, 0x0800, 0x0800, 0x40E0, 0x1020, 0x0800, 0x0000, 0x0800, 0x0000,
  0x0000, 0x0000, 0x0800, 0x1020, 0x1840, 0x2060, 0xDB41, 0x89E0, 0x0820, 0x1020, 0x0820, 0x0800,
  0x0000, 0x0000, 0x0000, 0x0800, 0x0820, 0x0000, 0x0000, 0x0000, 0x0000, 0x0000, 0x0800, 0x0800,
  0x40E0, 0x0820, 0x0800, 0x0000, 0x0000, 0x0000, 0x0000, 0x1840, 0x2060, 0x0000, 0x0800, 0x0820,
  0x0820, 0x0000, 0x0000, 0x0000, 0x0000, 0x0000, 0x0800, 0x1020, 0x0000, 0x0000, 0x0000, 0x0000,
  0x0800, 0x0800, 0x50E0, 0x1840, 0x0000, 0x0000, 0x0000, 0x0000, 0x0800, 0x0000, 0x0000, 0x0000,
  0x0000, 0x0000, 0x0000, 0x3080, 0x0820, 0x0000, 0x0000, 0x0000, 0x0000, 0x0000, 0x0000, 0x0000,
  0x0000, 0x0000, 0x0020, 0x0820, 0x0841, 0x0820, 0x0000, 0x0000, 0x0000, 0x0000, 0x0000, 0x0000,
  0x1020, 0x2060, 0x0000, 0x0000, 0x0000, 0x0000, 0x0000, 0x0000, 0x1840, 0x1840, 0x1840, 0x0800,
  0x0000, 0x0020, 0x0841, 0x0820, 0x0820, 0x0820, 0x0820, 0x0020, 0x0820, 0x0820, 0x0820, 0x0820,
  0x0820, 0x0820, 0x0820, 0x0820, 0x0820, 0x0000, 0x0000, 0x1020, 0x2060, 0x40A0, 0x7140, 0x3080,
  0x0800, 0x0000, 0x0000, 0x0820, 0x0841, 0x0841, 0x0841, 0x0841, 0x0820, 0x1840, 0x0841, 0x0841,
  0x0841, 0x0841, 0x0820, 0x0841, 0x0020, 0x0000, 0x0000, 0x0000, 0x0000, 0x0000, 0x0800, 0x0000,
  0x0800, 0x0000, 0x0000, 0x1020, 0x0820, 0x0000, 0x0000, 0x1020, 0x0820, 0x0000, 0x0000, 0x0000,
  0x0000, 0x0800, 0x1840, 0x0800, 0x0000, 0x0000, 0x0000, 0x0800, 0x0820, 0x0000, 0x0000, 0x0000,
  0x0000, 0x0000, 0x0000, 0x0020, 0x0000, 0x0000, 0x0841, 0x0820, 0x0820, 0x0020, 0x0020, 0x0020,
  0x0841, 0x0820, 0x0841, 0x0820, 0x0020, 0x0000, 0x0000, 0x1020, 0x1020, 0xA260, 0x89E0, 0x0000,
  0x1840, 0x0020, 0x0820, 0x0020, 0x0841, 0x10A2, 0x0000, 0x0020, 0x10A2, 0x10A2, 0x1061, 0x1061,
  0x0841, 0x0020, 0x0000, 0x0000, 0x0000, 0x0000, 0x0000, 0x0000, 0x0000, 0x0800, 0x1840, 0x1840,
  0x1020, 0x1840, 0x1020, 0x0000, 0x0000, 0x0820, 0x0820, 0x0000, 0x0000, 0x0000, 0x0820, 0x2060,
  0x1061, 0x0841, 0x0820, 0x0841, 0x1020, 0x1840, 0x3080, 0x0800, 0x0000, 0x0000, 0x0000, 0x0000,
  0x0000, 0x0000, 0x0000, 0x0000, 0x0000, 0x0000, 0x0000, 0x0000, 0x0000, 0x0000, 0x0000, 0x0000,
  0x0000, 0x0000, 0x0000, 0x0000, 0x0000, 0x0000, 0x0000, 0x0000, 0x0000, 0x0000, 0x0000, 0x0000,
  0x0000, 0x0800, 0x0800, 0x40E0, 0x0820, 0x0000, 0x0000, 0x0000, 0x0000, 0x0000, 0x0000, 0x0000,
  0x0000, 0x0000, 0x0000, 0x1840, 0x0000, 0x0000, 0x0000, 0x0000, 0x0000, 0x0800, 0x0800, 0x0800,
  0x40A0, 0x1840, 0x0800, 0x0800, 0x0000, 0x0000, 0x0000, 0x0000, 0x3080, 0x3080, 0x0000, 0x0820,
  0x0820, 0x1020, 0x40E0, 0x1020, 0x0820, 0x0800, 0x0800, 0x0800, 0x0000, 0x0000, 0x0800, 0x0000,
  0x0820, 0x1020, 0x40E0, 0x1840, 0x0820, 0x0800, 0x0800, 0x0000, 0x0000, 0x0800, 0x0820, 0x1020,
  0x1840, 0x2060, 0xDB41, 0xA260, 0x2060, 0x1840, 0x0820, 0x0800, 0x0000, 0x0000, 0x0800, 0x0820,
  0x2060, 0x0800, 0x0800, 0x0000, 0x0000, 0x0800, 0x1020, 0x1020, 0x40A0, 0x0800, 0x0800, 0x0000,
  0x0000, 0x0800, 0x0800, 0x2060, 0x30C0, 0x0000, 0x0800, 0x1840, 0x1840, 0x0800, 0x0800, 0x0000,
  0x0000, 0x0000, 0x0800, 0x1020, 0x0000, 0x0000, 0x0000, 0x0000, 0x0800, 0x0800, 0x50E0, 0x1840,
  0x0800, 0x0800, 0x0000, 0x0000, 0x0000, 0x0000, 0x0000, 0x0000, 0x0000, 0x0000, 0x0000, 0x3080,
  0x1020, 0x0000, 0x0000, 0x0000, 0x0000, 0x0800, 0x0000, 0x0000, 0x0000, 0x0000, 0x0000, 0x0000,
  0x0000, 0x0820, 0x0020, 0x0000, 0x0000, 0x0000, 0x0000, 0x0000, 0x0000, 0x2060, 0x0000, 0x0000,
  0x0000, 0x0000, 0x0000, 0x1020, 0x0820, 0x0800, 0xA260, 0x3080, 0x0000, 0x0820, 0x0820, 0x0820,
  0x0820, 0x0820, 0x0820, 0x0820, 0x0820, 0x0820, 0x0820, 0x0820, 0x0820, 0x0820, 0x0841, 0x0841,
  0x0820, 0x0820, 0x0000, 0x2060, 0x40E0, 0x50E0, 0xFBA0, 0x50E0, 0x0800, 0x0000, 0x0000, 0x0000,
  0x0841, 0x0841, 0x0820, 0x0000, 0x0000, 0x0000, 0x0841, 0x1840, 0x2060, 0x1020, 0x0820, 0x0000,
  0x0000, 0x0000, 0x0000, 0x0000, 0x0000, 0x0000, 0x0000, 0x0800, 0x0000, 0x0000, 0x0000, 0x1020,
  0x0000, 0x0000, 0x1020, 0x0820, 0x0000, 0x0000, 0x0800, 0x1840, 0x1840, 0x1840, 0x2060, 0x1840,
  0x1840, 0x0820, 0x0000, 0x0000, 0x0800, 0x0820, 0x0000, 0x0000, 0x0000, 0x0000, 0x0000, 0x0020,
  0x0000, 0x0000, 0x0020, 0x0020, 0x0020, 0x5940, 0x71C0, 0x5940, 0x5940, 0x0820, 0x0020, 0x0020,
  0x0020, 0x0000, 0x0800, 0x1020, 0x3080, 0xAB21, 0x2060, 0x0800, 0x0820, 0x0020, 0x0020, 0x0000,
  0x10A2, 0x0820, 0x0000, 0x0841, 0x0841, 0x1061, 0x10A2, 0x1061, 0x0841, 0x0020, 0x0000, 0x0000,
  0x0000, 0x0000, 0x0000, 0x0000, 0x0000, 0x0000, 0x0800, 0x1840, 0x0000, 0x0000, 0x0000, 0x0000,
  0x0000, 0x0020, 0x0820, 0x0820, 0x0820, 0x2060, 0x18C3, 0x18C3, 0x1061, 0x0820, 0x0000, 0x0000,
  0x0000, 0x0000, 0x1020, 0x1840, 0x0000, 0x0000, 0x0000, 0x0000, 0x0000, 0x0000, 0x0000, 0x0000,
  0x0000, 0x0000, 0x0800, 0x0000, 0x0000, 0x0000, 0x0000, 0x0000, 0x0000, 0x0000, 0x0000, 0x0000,
  0x0000, 0x0000, 0x0000, 0x0000, 0x0000, 0x0000, 0x0000, 0x0000, 0x0000, 0x0820, 0x0800, 0x40A0,
  0x0820, 0x0000, 0x0800, 0x0800, 0x0000, 0x0800, 0x0000, 0x0000, 0x0000, 0x0000, 0x0000, 0x40A0,
  0x0800, 0x0800, 0x0800, 0x0000, 0x0000, 0x0800, 0x0820, 0x0000, 0x5940, 0x3080, 0x0800, 0x0820,
  0x0000, 0x0000, 0x0800, 0x0000, 0x2060, 0x2060, 0x0000, 0x0820, 0x0820, 0x1840, 0x5940, 0x1020,
  0x0820, 0x0820, 0x0800, 0x0800, 0x0800, 0x0800, 0x0800, 0x0800, 0x1020, 0x1840, 0x5940, 0x1020,
  0x0800, 0x0800, 0x0820, 0x0800, 0x0800, 0x0820, 0x0820, 0x1840, 0x2060, 0x50E0, 0xDB41, 0xBA20,
  0x40E0, 0x1840, 0x1020, 0x0800, 0x0800, 0x0800, 0x0800, 0x1020, 0x3080, 0x0820, 0x0820, 0x0800,
  0x0800, 0x0800, 0x0820, 0x1020, 0x40E0, 0x0800, 0x0820, 0x0800, 0x0800, 0x0800, 0x0800, 0x2060,
  0x40A0, 0x0820, 0x0820, 0x3080, 0x2060, 0x0800, 0x0800, 0x0000, 0x0000, 0x0000, 0x1840, 0x3080,
  0x0000, 0x0800, 0x0000, 0x0800, 0x0820, 0x1020, 0x40E0, 0x1840, 0x0800, 0x0800, 0x0800, 0x0800,
  0x2060, 0x0800, 0x0000, 0x0000, 0x0000, 0x0000, 0x0000, 0x40A0, 0x1020, 0x0000, 0x0000, 0x0000,
  0x0000, 0x0000, 0x0000, 0x0000, 0x0000, 0x0000, 0x0000, 0x0000, 0x0000, 0x0000, 0x0020, 0x0000,
  0x0020, 0x0841, 0x0820, 0x0820, 0x0000, 0x1020, 0x0800, 0x0000, 0x0000, 0x0000, 0x1020, 0x1020,
  0x0000, 0x0800, 0x1840, 0x0820, 0x0000, 0x0000, 0x0820, 0x0020, 0x0820, 0x0820, 0x0820, 0x0820,
  0x0820, 0x0820, 0x0820, 0x0820, 0x0020, 0x0820, 0x0841, 0x0820, 0x0020, 0x0841, 0x1020, 0x1840,
  0x1840, 0x1840, 0x40A0, 0x2060, 0x0820, 0x0000, 0x0000, 0x0000, 0x0841, 0x0841, 0x0000, 0x0000,
  0x0000, 0x0000, 0x0020, 0x1840, 0x30C0, 0x0841, 0x0000, 0x0000, 0x0000, 0x0020, 0x0020, 0x0000,
  0x0000, 0x0000, 0x0000, 0x0000, 0x0000, 0x0000, 0x1020, 0x0800, 0x0000, 0x0800, 0x1020, 0x0000,
  0x0000, 0x1840, 0x2060, 0x0820, 0x0000, 0x0000, 0x1840, 0x0000, 0x0000, 0x1840, 0x1840, 0x0000,
  0x0000, 0x0000, 0x0800, 0x0000, 0x0000, 0x0000, 0x0000, 0x0020, 0x0000, 0x0000, 0x0820, 0x0020,
  0x0020, 0x7140, 0x5940, 0x40E0, 0x5940, 0x0841, 0x0020, 0x0020, 0x0000, 0x0000, 0x0820, 0x0800,
  0x71C0, 0xA260, 0x0000, 0x1020, 0x0020, 0x0020, 0x0000, 0x0841, 0x1061, 0x0000, 0x0841, 0x0820,
  0x0020, 0x0841, 0x1061, 0x10A2, 0x1061, 0x0820, 0x0000, 0x0000, 0x0000, 0x0000, 0x0000, 0x0000,
  0x0000, 0x0000, 0x0000, 0x0820, 0x0820, 0x0000, 0x0000, 0x0000, 0x1840, 0x1840, 0x0020, 0x0000,
  0x0020, 0x30C0, 0x2103, 0x10A2, 0x0820, 0x0000, 0x0000, 0x0000, 0x0000, 0x0000, 0x0000, 0x0000,
  0x0820, 0x0000, 0x0000, 0x0000, 0x0000, 0x0000, 0x0000, 0x0000, 0x0000, 0x0000, 0x1840, 0x0820,
  0x0000, 0x0000, 0x0000, 0x0000, 0x0000, 0x0800, 0x0000, 0x0000, 0x0000, 0x0000, 0x0000, 0x0800,
  0x0000, 0x0000, 0x0000, 0x0000, 0x0000, 0x0820, 0x0800, 0x50E0, 0x1840, 0x0800, 0x0800, 0x0800,
  0x0000, 0x2060, 0x0820, 0x0800, 0x0000, 0x0800, 0x0800, 0x40A0, 0x1020, 0x0800, 0x0800, 0x0000,
  0x0000, 0x0800, 0x1020, 0x0820, 0x6100, 0x40A0, 0x0820, 0x0820, 0x0800, 0x0800, 0x0820, 0x0000,
  0x3080, 0x30C0, 0x1840, 0x1840, 0x0820, 0x1840, 0x5940, 0x0820, 0x1020, 0x0820, 0x0820, 0x0820,
  0x1020, 0x1020, 0x1020, 0x0820, 0x1020, 0x1020, 0x5940, 0x1840, 0x1020, 0x0820, 0x0820, 0x0820,
  0x0820, 0x0820, 0x1020, 0x1840, 0x3080, 0x8960, 0xDB41, 0xBA20, 0x40E0, 0x1840, 0x1840, 0x0820,
  0x0820, 0x0820, 0x0820, 0x1840, 0x50E0, 0x0800, 0x1020, 0x0820, 0x0800, 0x0800, 0x0800, 0x1020,
  0x40E0, 0x1840, 0x1020, 0x0820, 0x0800, 0x0820, 0x0820, 0x3080, 0x40E0, 0x0820, 0x0820, 0x3080,
  0x2060, 0x0800, 0x0800, 0x0800, 0x0800, 0x0000, 0x1840, 0x3080, 0x0000, 0x0800, 0x0800, 0x0800,
  0x1020, 0x0820, 0x40E0, 0x1840, 0x0800, 0x0800, 0x0820, 0x0820, 0x40A0, 0x0800, 0x0800, 0x0000,
  0x0000, 0x0800, 0x0000, 0x40A0, 0x1840, 0x0000, 0x0000, 0x0000, 0x0000, 0x0000, 0x0000, 0x0820,
  0x0800, 0x0000, 0x0000, 0x0000, 0x0000, 0x0000, 0x0000, 0x0820, 0x0841, 0x0020, 0x0820, 0x0841,
  0x0820, 0x1840, 0x1840, 0x0000, 0x0000, 0x0820, 0x1020, 0x0000, 0x0000, 0x0000, 0x0000, 0x0000,
  0x0000, 0x0000, 0x0020, 0x0820, 0x0820, 0x0820, 0x0841, 0x0820, 0x0020, 0x0020, 0x0820, 0x0820,
  0x0820, 0x0820, 0x0820, 0x0820, 0x0820, 0x0820, 0x1840, 0x0800, 0x0820, 0x0820, 0x0000, 0x0800,
  0x0000, 0x0000, 0x0000, 0x0000, 0x0820, 0x0841, 0x0000, 0x0000, 0x0000, 0x1020, 0x0000, 0x0820,
  0x0020, 0x0841, 0x0820, 0x0000, 0x0000, 0x0020, 0x0020, 0x0000, 0x0000, 0x0800, 0x0800, 0x0000,
  0x0000, 0x0000, 0x1020, 0x0000, 0x0000, 0x1020, 0x0000, 0x0000, 0x1020, 0x3080, 0x0000, 0x0000,
  0x0000, 0x0820, 0x2060, 0x0800, 0x0000, 0x0000, 0x1020, 0x1840, 0x0000, 0x0000, 0x0800, 0x0800,
  0x0000, 0x0000, 0x0000, 0x0020, 0x0000, 0x0000, 0x0020, 0x0020, 0x0020, 0x0841, 0x0000, 0x0820,
  0x0841, 0x0000, 0x0020, 0x0020, 0x0000, 0x0000, 0x0820, 0x0820, 0xA260, 0x5940, 0x0000, 0x0820,
  0x0000, 0x0000, 0x0000, 0x1061, 0x0820, 0x0820, 0x1061, 0x0000, 0x0020, 0x0820, 0x0841, 0x1061,
  0x10A2, 0x0841, 0x0000, 0x0000, 0x0000, 0x0000, 0x0000, 0x0000, 0x0000, 0x0000, 0x0000, 0x0000,
  0x1020, 0x0000, 0x0000, 0x0000, 0x0000, 0x1840, 0x2060, 0x1840, 0x1840, 0x1840, 0x1020, 0x0000,
  0x0820, 0x0020, 0x0000, 0x0000, 0x0000, 0x0000, 0x0000, 0x0000, 0x0800, 0x0000, 0x0000, 0x0000,
  0x0000, 0x0000, 0x0000, 0x0000, 0x0800, 0x0000, 0x40A0, 0x1840, 0x0000, 0x0000, 0x0000, 0x0000,
  0x0000, 0x0800, 0x0000, 0x0000, 0x0000, 0x0000, 0x0000, 0x1840, 0x0820, 0x0800, 0x0800, 0x0800,
  0x0800, 0x0820, 0x0800, 0x7140, 0x1840, 0x0820, 0x0800, 0x0800, 0x0000, 0x40A0, 0x1020, 0x0800,
  0x0800, 0x0820, 0x1840, 0x40E0, 0x0820, 0x0800, 0x0800, 0x0800, 0x0800, 0x0820, 0x2060, 0x3080,
  0x7140, 0x40A0, 0x0820, 0x1840, 0x0800, 0x0820, 0x1020, 0x0800, 0x40A0, 0x30C0, 0x1840, 0x2060,
  0x0000, 0x1840, 0x71C0, 0x0820, 0x1840, 0x1840, 0x1020, 0x0820, 0x1840, 0x1840, 0x1020, 0x1020,
  0x1840, 0x1020, 0x5940, 0x1840, 0x1840, 0x1020, 0x1020, 0x0820, 0x0820, 0x1020, 0x1840, 0x2060,
  0x3080, 0xA1C0, 0xDB41, 0xD220, 0x6100, 0x2060, 0x1840, 0x1020, 0x1020, 0x1020, 0x1020, 0x2060,
  0x50E0, 0x0800, 0x1020, 0x1020, 0x0820, 0x1020, 0x1840, 0x1840, 0x7140, 0x1840, 0x1840, 0x0820,
  0x0820, 0x0820, 0x0820, 0x30C0, 0x40E0, 0x1020, 0x1020, 0x40E0, 0x30C0, 0x0820, 0x0820, 0x0820,
  0x0820, 0x0800, 0x1840, 0x3080, 0x0000, 0x0800, 0x0800, 0x0820, 0x1020, 0x0800, 0x5940, 0x1840,
  0x0820, 0x0820, 0x0820, 0x1020, 0x2060, 0x0820, 0x0820, 0x0800, 0x0000, 0x0800, 0x0000, 0x40A0,
  0x1840, 0x0800, 0x0000, 0x0000, 0x0820, 0x0000, 0x0000, 0x0800, 0x0800, 0x0000, 0x0000, 0x0000,
  0x0000, 0x0000, 0x0000, 0x0000, 0x1840, 0x0841, 0x0820, 0x0020, 0x0020, 0x1840, 0x1840, 0x0000,
  0x0800, 0x1840, 0x0000, 0x0000, 0x0000, 0x0000, 0x0000, 0x0000, 0x0000, 0x0000, 0x0000, 0x0820,
  0x0820, 0x0020, 0x0000, 0x0020, 0x0820, 0x0820, 0x0820, 0x0820, 0x0820, 0x0820, 0x0820, 0x0820,
  0x0820, 0x0820, 0x0820, 0x0841, 0x1840, 0x0000, 0x0000, 0x0000, 0x0000, 0x0000, 0x0000, 0x0000,
  0x0020, 0x0841, 0x0000, 0x0000, 0x0000, 0x0820, 0x0000, 0x0000, 0x0000, 0x0820, 0x0000, 0x0000,
  0x0000, 0x0000, 0x0020, 0x0000, 0x0000, 0x0000, 0x0000, 0x0000, 0x0000, 0x0820, 0x0820, 0x0000,
  0x0800, 0x0820, 0x0000, 0x0000, 0x2060, 0x0000, 0x0000, 0x1020, 0x2060, 0x1840, 0x1840, 0x1840,
  0x1840, 0x0000, 0x0000, 0x0800, 0x1020, 0x0000, 0x0000, 0x0820, 0x0000, 0x0000, 0x0000, 0x0020,
  0x0000, 0x0000, 0x0000, 0x0000, 0x0000, 0x0000, 0x0000, 0x0000, 0x0000, 0x0000, 0x0800, 0x0820,
  0x0000, 0x0800, 0x0820, 0x1840, 0xA260, 0x2060, 0x0000, 0x0020, 0x0000, 0x0000, 0x0020, 0x1061,
  0x0020, 0x1061, 0x0020, 0x0000, 0x0000, 0x0020, 0x0820, 0x0841, 0x1061, 0x1061, 0x0000, 0x0000,
  0x0000, 0x0000, 0x0000, 0x0000, 0x0000, 0x0000, 0x0000, 0x0000, 0x0820, 0x0820, 0x0000, 0x0000,
  0x0000, 0x0000, 0x0000, 0x1840, 0x2060, 0x1840, 0x0820, 0x0000, 0x0020, 0x0820, 0x0000, 0x0000,
  0x0000, 0x0000, 0x0000, 0x0000, 0x0000, 0x0820, 0x0000, 0x0000, 0x0000, 0x0000, 0x0000, 0x0000,
  0x0800, 0x0000, 0x3080, 0x1840, 0x0000, 0x0000, 0x0000, 0x0000, 0x0000, 0x0820, 0x0000, 0x0000,
  0x0000, 0x0820, 0x0800, 0x3080, 0x0820, 0x0800, 0x0800, 0x0800, 0x0800, 0x1020, 0x1020, 0x7140,
  0x1840, 0x0820, 0x0820, 0x0820, 0x1020, 0x50E0, 0x1840, 0x0820, 0x0800, 0x0820, 0x1020, 0x5940,
  0x0820, 0x0820, 0x0800, 0x0820, 0x0820, 0x1020, 0x3080, 0x3080, 0x7140, 0x40A0, 0x1840, 0x2060,
  0x0820, 0x1020, 0x1020, 0x0800, 0x40A0, 0x40A0, 0x3080, 0x40A0, 0x1020, 0x2060, 0x89E0, 0x1020,
  0x2060, 0x1840, 0x1840, 0x1020, 0x1840, 0x2060, 0x1020, 0x1840, 0x1840, 0x1840, 0x71C0, 0x1840,
  0x40A0, 0x1840, 0x1840, 0x0820, 0x1020, 0x1840, 0x3080, 0x40A0, 0x40A0, 0xBA20, 0xDB41, 0xDAC0,
  0x89E0, 0x40A0, 0x3080, 0x1020, 0x1020, 0x0820, 0x1020, 0x3080, 0x71C0, 0x1020, 0x1840, 0x1020,
  0x1020, 0x1840, 0x3080, 0x2060, 0x71C0, 0x1020, 0x1020, 0x0820, 0x0820, 0x1020, 0x0820, 0x40A0,
  0x5940, 0x1840, 0x2060, 0x40E0, 0x40E0, 0x0820, 0x0820, 0x0820, 0x1020, 0x0800, 0x1840, 0x40A0,
  0x0820, 0x1020, 0x0820, 0x0820, 0x1020, 0x1020, 0x7140, 0x2060, 0x1020, 0x0820, 0x0820, 0x0800,
  0x40A0, 0x1020, 0x0820, 0x0800, 0x0800, 0x0820, 0x0000, 0x40A0, 0x1840, 0x0800, 0x0800, 0x0800,
  0x1840, 0x0000, 0x0000, 0x0800, 0x0000, 0x0000, 0x0000, 0x0000, 0x1020, 0x0000, 0x0000, 0x1020,
  0x1020, 0x0841, 0x0820, 0x0020, 0x0020, 0x0820, 0x2060, 0x0820, 0x1840, 0x0000, 0x0000, 0x0000,
  0x0000, 0x0000, 0x0000, 0x0000, 0x0000, 0x0000, 0x0000, 0x0000, 0x0000, 0x0000, 0x0000, 0x0000,
  0x0000, 0x0820, 0x0820, 0x0820, 0x0820, 0x0820, 0x0820, 0x0820, 0x0820, 0x0820, 0x0841, 0x0841,
  0x0820, 0x0000, 0x0000, 0x0000, 0x0000, 0x0000, 0x0000, 0x0000, 0x0000, 0x0000, 0x0000, 0x0000,
  0x0000, 0x0000, 0x0000, 0x0020, 0x0000, 0x0000, 0x0000, 0x0000, 0x0000, 0x0000, 0x0020, 0x0020,
  0x0000, 0x0000, 0x0000, 0x0000, 0x0000, 0x0820, 0x0800, 0x0000, 0x1020, 0x0800, 0x0000, 0x1840,
  0x1840, 0x0000, 0x1020, 0x3080, 0x0000, 0x0000, 0x0820, 0x0000, 0x1020, 0x1840, 0x0000, 0x0000,
  0x1020, 0x0000, 0x0000, 0x0800, 0x0000, 0x0000, 0x0000, 0x0020, 0x0000, 0x0000, 0x0000, 0x0000,
  0x0000, 0x0000, 0x0000, 0x0000, 0x0000, 0x0000, 0x0820, 0x0820, 0x0000, 0x0800, 0x0800, 0x3080,
  0xA1C0, 0x0800, 0x0800, 0x0000, 0x0000, 0x0000, 0x0020, 0x0841, 0x1061, 0x0841, 0x0000, 0x0000,
  0x0000, 0x0000, 0x0020, 0x0020, 0x0841, 0x10A2, 0x0020, 0x0000, 0x0000, 0x0000, 0x0000, 0x0000,
  0x0000, 0x0000, 0x0000, 0x0000, 0x0820, 0x1840, 0x0000, 0x0000, 0x0800, 0x0800, 0x0000, 0x0820,
  0x0820, 0x0820, 0x0000, 0x0000, 0x0000, 0x0820, 0x0020, 0x0000, 0x0000, 0x0000, 0x0000, 0x0000,
  0x0000, 0x0820, 0x0000, 0x0000, 0x0000, 0x0000, 0x0000, 0x0000, 0x0800, 0x0800, 0x40A0, 0x1840,
  0x0000, 0x0000, 0x0000, 0x0000, 0x0000, 0x1020, 0x0800, 0x0000, 0x0000, 0x0820, 0x0820, 0x40E0,
  0x1840, 0x0820, 0x0800, 0x0820, 0x1840, 0x1840, 0x1840, 0x71C0, 0x1840, 0x1020, 0x1840, 0x2060,
  0x1840, 0x50E0, 0x1840, 0x1020, 0x0820, 0x0820, 0x0820, 0x40E0, 0x1840, 0x1840, 0x1840, 0x1840,
  0x1020, 0x0820, 0x2060, 0x40A0, 0x8960, 0x50E0, 0x2060, 0x40E0, 0x0820, 0x1840, 0x1840, 0x1840,
  0x7140, 0x50E0, 0x40A0, 0x40E0, 0x1020, 0x3080, 0xA1C0, 0x1840, 0x30C0, 0x2060, 0x1840, 0x1840,
  0x3080, 0x50E0, 0x1840, 0x1840, 0x1840, 0x2060, 0xA260, 0x3080, 0x5940, 0x1840, 0x1840, 0x1840,
  0x1840, 0x1840, 0x40A0, 0x50E0, 0x7140, 0xE260, 0xDB41, 0xF2C0, 0x8960, 0x40E0, 0x40E0, 0x1020,
  0x1840, 0x40A0, 0x1840, 0x3080, 0x89E0, 0x1840, 0x40E0, 0x40A0, 0x1840, 0x1840, 0x1840, 0x3080,
  0xA1C0, 0x1840, 0x1840, 0x1840, 0x1840, 0x1840, 0x3080, 0x6100, 0x71C0, 0x1840, 0x40A0, 0x50E0,
  0x50E0, 0x0820, 0x1840, 0x2060, 0x1020, 0x0820, 0x3080, 0x5940, 0x1020, 0x1840, 0x1020, 0x1840,
  0x2060, 0x1840, 0x8960, 0x2060, 0x1020, 0x1020, 0x1840, 0x1020, 0x50E0, 0x1840, 0x1840, 0x0820,
  0x0800, 0x0820, 0x0820, 0x6100, 0x2060, 0x0800, 0x0800, 0x1020, 0x40E0, 0x0000, 0x0800, 0x0000,
  0x0800, 0x0000, 0x0000, 0x0000, 0x0820, 0x0000, 0x0800, 0x1840, 0x0820, 0x0820, 0x0820, 0x0820,
  0x0820, 0x0820, 0x2060, 0x2060, 0x1840, 0x0000, 0x0000, 0x0000, 0x0000, 0x0000, 0x0000, 0x0000,
  0x0000, 0x0000, 0x0000, 0x0000, 0x0000, 0x0000, 0x0000, 0x0000, 0x0000, 0x0841, 0x0820, 0x0820,
  0x0820, 0x0820, 0x0820, 0x0820, 0x0820, 0x0820, 0x0841, 0x0020, 0x0000, 0x0000, 0x0000, 0x0000,
  0x0000, 0x0000, 0x0000, 0x0000, 0x0000, 0x0000, 0x0000, 0x0000, 0x0000, 0x0000, 0x0820, 0x0841,
  0x0820, 0x0000, 0x0000, 0x0020, 0x1061, 0x0000, 0x0000, 0x0000, 0x0000, 0x0000, 0x0000, 0x0000,
  0x0000, 0x0820, 0x0000, 0x0000, 0x1020, 0x0000, 0x0000, 0x2060, 0x0800, 0x0000, 0x2060, 0x0800,
  0x0000, 0x0000, 0x0000, 0x0000, 0x0000, 0x1020, 0x0820, 0x0000, 0x0800, 0x0820, 0x0000, 0x0000,
  0x0000, 0x0000, 0x0000, 0x0020, 0x0000, 0x0000, 0x0820, 0x0820, 0x0820, 0x0020, 0x0020, 0x0020,
  0x0820, 0x0841, 0x0841, 0x0820, 0x0000, 0x0800, 0x0000, 0x50E0, 0x89E0, 0x0000, 0x0820, 0x0000,
  0x0000, 0x0000, 0x0820, 0x0841, 0x18C3, 0x0841, 0x0000, 0x0000, 0x0000, 0x0000, 0x0000, 0x0000,
  0x0000, 0x0841, 0x0841, 0x0000, 0x0000, 0x0000, 0x0000, 0x0000, 0x0000, 0x0000, 0x0000, 0x0000,
  0x0020, 0x1840, 0x0000, 0x0000, 0x1840, 0x2060, 0x1840, 0x1840, 0x0020, 0x0020, 0x0000, 0x0000,
  0x0000, 0x0000, 0x0020, 0x0000, 0x0000, 0x0000, 0x0000, 0x0000, 0x0800, 0x0820, 0x0800, 0x0000,
  0x0000, 0x0800, 0x0800, 0x0800, 0x0820, 0x0800, 0x40E0, 0x2060, 0x1020, 0x1020, 0x1020, 0x0820,
  0x0820, 0x1840, 0x1020, 0x1020, 0x1020, 0x1020, 0x0820, 0x50E0, 0x2060, 0x1840, 0x1840, 0x2060,
  0x40A0, 0x3080, 0x2060, 0xA1C0, 0x3080, 0x2060, 0x3080, 0x40E0, 0x2060, 0x71C0, 0x3080, 0x1840,
  0x1840, 0x1840, 0x1840, 0x7140, 0x3080, 0x3080, 0x40E0, 0x40A0, 0x2060, 0x1840, 0x30C0, 0x50E0,
  0x8960, 0x7140, 0x50E0, 0x5940, 0x2060, 0x2060, 0x2060, 0x3080, 0x89E0, 0x6100, 0x40E0, 0x5940,
  0x2060, 0x6100, 0xBA20, 0x40A0, 0x50E0, 0x3080, 0x40A0, 0x3080, 0x40E0, 0x5940, 0x2060, 0x30C0,
  0x40E0, 0x50E0, 0xB2C0, 0x40E0, 0x71C0, 0x3080, 0x40E0, 0x40A0, 0x3080, 0x40E0, 0x50E0, 0x71C0,
  0x8960, 0xDAC0, 0xFB80, 0xDAC0, 0xA1C0, 0x7140, 0x71C0, 0x2060, 0x3080, 0x6100, 0x40A0, 0x50E0,
  0xBA20, 0x3080, 0x5940, 0x50E0, 0x3080, 0x2060, 0x2060, 0x40A0, 0xBA20, 0x40A0, 0x40E0, 0x50E0,
  0x3080, 0x3080, 0x50E0, 0x7140, 0x89E0, 0x3080, 0x5940, 0x71C0, 0x71C0, 0x3080, 0x3080, 0x50E0,
  0x1840, 0x2060, 0x40E0, 0x7140, 0x2060, 0x2060, 0x2060, 0x6100, 0x40A0, 0x2060, 0xA1C0, 0x40A0,
  0x2060, 0x2060, 0x3080, 0x3080, 0x7140, 0x3080, 0x2060, 0x1840, 0x1840, 0x1840, 0x2060, 0x8960,
  0x3080, 0x1840, 0x1840, 0x1840, 0x50E0, 0x1020, 0x1020, 0x0800, 0x1020, 0x0800, 0x0820, 0x0820,
  0x0800, 0x0800, 0x0800, 0x1840, 0x1840, 0x1020, 0x0841, 0x1840, 0x1840, 0x1840, 0x50E0, 0x40A0,
  0x1840, 0x0841, 0x0841, 0x0020, 0x0000, 0x0000, 0x0000, 0x0000, 0x0000, 0x0000, 0x0000, 0x0000,
  0x0000, 0x0000, 0x0000, 0x0000, 0x0000, 0x0820, 0x0841, 0x0820, 0x0820, 0x0841, 0x0841, 0x0841,
  0x0820, 0x0841, 0x0020, 0x0000, 0x0000, 0x0000, 0x0000, 0x0820, 0x0820, 0x0000, 0x0000, 0x0000,
  0x0000, 0x0000, 0x0000, 0x0000, 0x0800, 0x0820, 0x0000, 0x0820, 0x0841, 0x0000, 0x0020, 0x0841,
  0x1061, 0x0020, 0x0000, 0x0000, 0x0000, 0x0000, 0x0000, 0x0000, 0x0000, 0x0820, 0x0800, 0x0800,
  0x1840, 0x0800, 0x0820, 0x2060, 0x0800, 0x0820, 0x2060, 0x0000, 0x0000, 0x2060, 0x8960, 0x1840,
  0x0000, 0x0800, 0x1840, 0x0000, 0x0800, 0x1020, 0x0000, 0x0000, 0x0000, 0x0000, 0x0000, 0x0020,
  0x0000, 0x0000, 0x0820, 0x0820, 0x0020, 0x0841, 0x0820, 0x2060, 0x1020, 0x0020, 0x0020, 0x0800,
  0x0000, 0x0800, 0x0000, 0x6100, 0x8960, 0x0000, 0x0820, 0x0000, 0x0000, 0x0000, 0x0020, 0x1061,
  0x2103, 0x0020, 0x0000, 0x0000, 0x0000, 0x0000, 0x0000, 0x0000, 0x0000, 0x0000, 0x0820, 0x0000,
  0x0000, 0x0000, 0x0000, 0x0000, 0x0000, 0x0000, 0x0000, 0x0000, 0x0000, 0x2060, 0x0800, 0x0820,
  0x0800, 0x0000, 0x0000, 0x0800, 0x0000, 0x0000, 0x0000, 0x0000, 0x0000, 0x0000, 0x0000, 0x0000,
  0x0000, 0x0000, 0x0000, 0x0000, 0x0000, 0x0820, 0x0000, 0x0000, 0x0000, 0x0000, 0x0000, 0x0800,
  0x1020, 0x0820, 0x6100, 0x2060, 0x0000, 0x0820, 0x1840, 0x1840, 0x0800, 0x0820, 0x0800, 0x0820,
  0x0820, 0x1020, 0x0820, 0x5940, 0x2060, 0x1840, 0x1840, 0x3080, 0x40A0, 0x1840, 0x1840, 0x8960,
  0x2060, 0x1840, 0x2060, 0x40E0, 0x1020, 0x7140, 0x2060, 0x1840, 0x1840, 0x1840, 0x1840, 0x8960,
  0x2060, 0x1020, 0x3080, 0x3080, 0x1020, 0x1840, 0x40A0, 0x5940, 0x8960, 0x50E0, 0x40A0, 0x50E0,
  0x1840, 0x1840, 0x1840, 0x0820, 0x8960, 0x6100, 0x50E0, 0x6100, 0x0800, 0x50E0, 0xA1C0, 0x3080,
  0x5940, 0x30C0, 0x40E0, 0x1840, 0x40A0, 0x7140, 0x1020, 0x2060, 0x3080, 0x40E0, 0xB2C0, 0x3080,
  0x89E0, 0x40A0, 0x3080, 0x1840, 0x1840, 0x50E0, 0x50E0, 0x71C0, 0x7140, 0xD220, 0xFB80, 0xDAC0,
  0xA1C0, 0x8960, 0x71C0, 0x1840, 0x1840, 0x5940, 0x1840, 0x50E0, 0xA1C0, 0x1840, 0x40E0, 0x40A0,
  0x1020, 0x1840, 0x2060, 0x50E0, 0xBA20, 0x3080, 0x40A0, 0x40E0, 0x1840, 0x2060, 0x1840, 0x50E0,
  0x8960, 0x1840, 0x40E0, 0x8960, 0x7140, 0x0820, 0x1840, 0x40E0, 0x1840, 0x1840, 0x40A0, 0x7140,
  0x0820, 0x1840, 0x1840, 0x50E0, 0x1840, 0x1840, 0x8960, 0x40A0, 0x1840, 0x2060, 0x3080, 0x2060,
  0x7140, 0x1840, 0x1020, 0x0800, 0x0820, 0x1020, 0x1840, 0x7140, 0x3080, 0x1020, 0x0820, 0x1020,
  0x40E0, 0x0800, 0x0800, 0x0800, 0x0800, 0x0000, 0x0000, 0x0000, 0x0000, 0x0000, 0x0000, 0x1020,
  0x1840, 0x1020, 0x0820, 0x1840, 0x40E0, 0x50E0, 0xFC20, 0xA1C0, 0x1840, 0x0841, 0x0841, 0x1061,
  0x0000, 0x0000, 0x0000, 0x0000, 0x0000, 0x0000, 0x0000, 0x0000, 0x0000, 0x0000, 0x0000, 0x0000,
  0x0000, 0x0000, 0x0841, 0x0820, 0x0841, 0x0841, 0x0841, 0x0820, 0x0841, 0x0820, 0x0000, 0x0000,
  0x0000, 0x0000, 0x0000, 0x0000, 0x0000, 0x0000, 0x0000, 0x0000, 0x0000, 0x0000, 0x0000, 0x0000,
  0x0000, 0x0000, 0x0000, 0x0000, 0x0841, 0x0000, 0x0000, 0x1061, 0x0841, 0x0000, 0x0000, 0x0000,
  0x0000, 0x0020, 0x0000, 0x0000, 0x0000, 0x0820, 0x0000, 0x0000, 0x1020, 0x0000, 0x0800, 0x1840,
  0x0800, 0x1020, 0x1840, 0x0800, 0x0000, 0x50E0, 0xFB20, 0x3080, 0x0000, 0x0820, 0x1840, 0x0800,
  0x1020, 0x1840, 0x0800, 0x0820, 0x0000, 0x0000, 0x0000, 0x0020, 0x0000, 0x0000, 0x0020, 0x0820,
  0x0000, 0x5940, 0x89E0, 0xA260, 0x40E0, 0x0000, 0x0820, 0x0000, 0x0000, 0x0000, 0x0000, 0x50E0,
  0x8960, 0x0000, 0x0800, 0x0000, 0x0000, 0x0000, 0x0020, 0x1061, 0x18C3, 0x0000, 0x0000, 0x0000,
  0x0000, 0x0000, 0x0000, 0x0000, 0x0000, 0x0000, 0x0000, 0x0820, 0x0000, 0x0000, 0x0000, 0x0000,
  0x0000, 0x0000, 0x0000, 0x0000, 0x0000, 0x3080, 0x0800, 0x0000, 0x0000, 0x0000, 0x0000, 0x0000,
  0x0000, 0x0000, 0x0000, 0x0000, 0x0000, 0x0000, 0x0000, 0x0020, 0x0020, 0x0000, 0x0000, 0x0000,
  0x0000, 0x1020, 0x0000, 0x0000, 0x0000, 0x0800, 0x0820, 0x0800, 0x1020, 0x1020, 0x8960, 0x40A0,
  0x0820, 0x0800, 0x2060, 0x1840, 0x0800, 0x1020, 0x0820, 0x1020, 0x1020, 0x1840, 0x1840, 0x8960,
  0x3080, 0x1840, 0x3080, 0x3080, 0x40A0, 0x1840, 0x3080, 0xA1C0, 0x50E0, 0x2060, 0x2060, 0x40E0,
  0x1840, 0x8960, 0x40A0, 0x40E0, 0x1840, 0x2060, 0x50E0, 0x8960, 0x2060, 0x0820, 0x3080, 0x3080,
  0x1840, 0x1840, 0x40E0, 0x7140, 0x8960, 0x7140, 0x40A0, 0x50E0, 0x1840, 0x1840, 0x3080, 0x40A0,
  0x7140, 0x7140, 0x6100, 0x7140, 0x0820, 0x6100, 0xA1C0, 0x50E0, 0x71C0, 0x3080, 0x40E0, 0x40A0,
  0x50E0, 0xA1C0, 0x3080, 0x40A0, 0x40E0, 0x40E0, 0xDAC0, 0x6100, 0xA1C0, 0x40A0, 0x3080, 0x3080,
  0x3080, 0x5940, 0x7140, 0xA1C0, 0xA1C0, 0xDAC0, 0xFC20, 0xDB41, 0xBA20, 0xBA20, 0x8960, 0x3080,
  0x40A0, 0x71C0, 0x40A0, 0x8960, 0xBA20, 0x2060, 0x50E0, 0x50E0, 0x2060, 0x2060, 0x50E0, 0x8960,
  0xBA20, 0x50E0, 0x3080, 0x40A0, 0x1840, 0x2060, 0x40E0, 0x8960, 0x8960, 0x3080, 0x40E0, 0x8960,
  0x8960, 0x1840, 0x1840, 0x40E0, 0x2060, 0x1840, 0x40A0, 0x7140, 0x1840, 0x1840, 0x1840, 0x40E0,
  0x1840, 0x3080, 0xA1C0, 0x50E0, 0x2060, 0x40A0, 0x7140, 0x1840, 0x6100, 0x2060, 0x3080, 0x3080,
  0x1840, 0x1020, 0x2060, 0x8960, 0x3080, 0x3080, 0x2060, 0x1840, 0x6100, 0x0820, 0x0820, 0x0820,
  0x1840, 0x0800, 0x0800, 0x0000, 0x0000, 0x0000, 0x0000, 0x0800, 0x1840, 0x1840, 0x1061, 0x1840,
  0x2060, 0x40A0, 0x89E0, 0x7140, 0x1840, 0x0841, 0x0841, 0x0820, 0x0000, 0x0000, 0x0000, 0x0000,
  0x0000, 0x0000, 0x0000, 0x0000, 0x0000, 0x0000, 0x0000, 0x0000, 0x0000, 0x0000, 0x0841, 0x0820,
  0x0841, 0x0820, 0x0820, 0x0841, 0x0841, 0x0820, 0x0000, 0x0000, 0x0000, 0x0000, 0x0000, 0x0000,
  0x0000, 0x0000, 0x0000, 0x0000, 0x0000, 0x0000, 0x0000, 0x0000, 0x0000, 0x0000, 0x0000, 0x0000,
  0x0020, 0x0820, 0x0000, 0x0000, 0x0000, 0x0000, 0x0020, 0x0000, 0x0000, 0x0020, 0x0841, 0x0841,
  0x0020, 0x0800, 0x0000, 0x0000, 0x0820, 0x0000, 0x0000, 0x1840, 0x0000, 0x0000, 0x1840, 0x0000,
  0x0000, 0x0820, 0x1840, 0x0820, 0x0000, 0x0800, 0x1840, 0x0000, 0x0800, 0x1020, 0x0000, 0x0000,
  0x0000, 0x0000, 0x0000, 0x0020, 0x0000, 0x0000, 0x0020, 0x0020, 0x0000, 0x30C0, 0x5940, 0x7140,
  0x30C0, 0x0000, 0x0820, 0x0000, 0x0000, 0x0000, 0x0000, 0x50E0, 0x8960, 0x0000, 0x0000, 0x0000,
  0x0000, 0x0000, 0x0020, 0x0841, 0x1061, 0x0000, 0x0000, 0x0000, 0x0000, 0x0000, 0x0000, 0x0000,
  0x0000, 0x0000, 0x0000, 0x0841, 0x0820, 0x0020, 0x0000, 0x0000, 0x0000, 0x0000, 0x0000, 0x0000,
  0x0820, 0x3080, 0x0000, 0x0000, 0x0000, 0x0000, 0x0000, 0x0000, 0x0000, 0x0000, 0x0000, 0x0000,
  0x0000, 0x0000, 0x0000, 0x0000, 0x0820, 0x0020, 0x0000, 0x0000, 0x0800, 0x1020, 0x0000, 0x0800,
  0x0820, 0x1020, 0x2060, 0x1020, 0x1020, 0x1840, 0x8960, 0x50E0, 0x1020, 0x1840, 0x3080, 0x2060,
  0x0820, 0x1840, 0x1020, 0x40A0, 0x1840, 0x1840, 0x2060, 0x8960, 0x50E0, 0x1840, 0x40A0, 0x40A0,
  0x6100, 0x1840, 0x6100, 0xA1C0, 0x8960, 0x3080, 0x3080, 0x5940, 0x1840, 0xA1C0, 0x6100, 0x5940,
  0x1840, 0x2060, 0x50E0, 0xA1C0, 0x40A0, 0x1840, 0x50E0, 0x50E0, 0x1840, 0x2060, 0x40E0, 0x8960,
  0x8960, 0x7140, 0x50E0, 0x7140, 0x1840, 0x2060, 0x3080, 0x6100, 0x8960, 0x8960, 0x8960, 0xA1C0,
  0x3080, 0x8960, 0xA1C0, 0x6100, 0xA260, 0x50E0, 0x6100, 0x5940, 0x7140, 0xB2C0, 0x30C0, 0x40A0,
  0x7140, 0x6100, 0xDAC0, 0x8960, 0xBA20, 0x7140, 0x1840, 0x6100, 0x50E0, 0x89E0, 0x7140, 0xA1C0,
  0xBA20, 0xF2C0, 0xFC20, 0xFB80, 0xBA20, 0xDAC0, 0xA1C0, 0x7140, 0x7140, 0xBA20, 0x6100, 0xA1C0,
  0xBA20, 0x40A0, 0x8960, 0x7140, 0x50E0, 0x40A0, 0x6100, 0x8960, 0xA1C0, 0x6100, 0x40A0, 0x7140,
  0x3080, 0x1840, 0x7140, 0x8960, 0x8960, 0x50E0, 0x7140, 0xA1C0, 0xA1C0, 0x40A0, 0x2060, 0x71C0,
  0x3080, 0x2060, 0x6100, 0x8960, 0x3080, 0x1840, 0x1020, 0x7140, 0x40A0, 0x50E0, 0x8960, 0x6100,
  0x40A0, 0x3080, 0x5940, 0x1840, 0x8960, 0x50E0, 0x3080, 0x50E0, 0x2060, 0x1020, 0x40A0, 0x8960,
  0x50E0, 0x3080, 0x3080, 0x2060, 0x7140, 0x1840, 0x0820, 0x0820, 0x3080, 0x1020, 0x1020, 0x0820,
  0x0800, 0x0800, 0x0820, 0x0800, 0x0820, 0x1061, 0x0841, 0x1840, 0x2060, 0x2060, 0x2060, 0x1840,
  0x0841, 0x0820, 0x0841, 0x0000, 0x0000, 0x0000, 0x0000, 0x0000, 0x0000, 0x0000, 0x0000, 0x0000,
  0x0000, 0x0000, 0x0000, 0x0000, 0x0000, 0x0000, 0x0841, 0x0820, 0x0820, 0x0841, 0x0820, 0x0841,
  0x0841, 0x0841, 0x0020, 0x0000, 0x0000, 0x0000, 0x0000, 0x0000, 0x0000, 0x0000, 0x0000, 0x0000,
  0x0000, 0x0000, 0x0000, 0x0000, 0x0000, 0x0000, 0x0000, 0x0000, 0x0000, 0x0820, 0x0841, 0x0841,
  0x0000, 0x0000, 0x0000, 0x0000, 0x0000, 0x0000, 0x0000, 0x0841, 0x0841, 0x0841, 0x0000, 0x0020,
  0x0820, 0x0000, 0x0000, 0x1840, 0x0820, 0x0000, 0x1020, 0x1840, 0x0000, 0x0000, 0x0800, 0x0000,
  0x0000, 0x1840, 0x0800, 0x0000, 0x0820, 0x0820, 0x0000, 0x0000, 0x0000, 0x0000, 0x0000, 0x0020,
  0x0000, 0x0000, 0x0000, 0x0020, 0x0020, 0x0000, 0x0000, 0x0000, 0x0000, 0x0000, 0x0000, 0x0000,
  0x0000, 0x0000, 0x0000, 0x40A0, 0x8960, 0x0000, 0x0000, 0x0000, 0x0000, 0x0000, 0x0000, 0x0020,
  0x0820, 0x0000, 0x0000, 0x0000, 0x0000, 0x0000, 0x0000, 0x0000, 0x0000, 0x0000, 0x18C3, 0x0841,
  0x0020, 0x0020, 0x0020, 0x0000, 0x0000, 0x0000, 0x0000, 0x0000, 0x1020, 0x40A0, 0x0000, 0x0000,
  0x0000, 0x0000, 0x0000, 0x0000, 0x0000, 0x0000, 0x0000, 0x0000, 0x0000, 0x0000, 0x0000, 0x0000,
  0x0820, 0x0820, 0x0820, 0x0020, 0x1020, 0x1020, 0x0820, 0x1840, 0x1020, 0x1020, 0x50E0, 0x2060,
  0x1840, 0x50E0, 0x8960, 0x6100, 0x1840, 0x2060, 0x50E0, 0x50E0, 0x1020, 0x1840, 0x1840, 0x6100,
  0x1020, 0x2060, 0x6100, 0xBA20, 0x8960, 0x40A0, 0x7140, 0x6100, 0x8960, 0x2060, 0x8960, 0xA1C0,
  0x8960, 0x40A0, 0x40A0, 0x71C0, 0x50E0, 0xA1C0, 0x8960, 0x8960, 0x2060, 0x2060, 0x6100, 0x8960,
  0x6100, 0x50E0, 0x8960, 0x7140, 0x40A0, 0x3080, 0x7140, 0x8960, 0x8960, 0x8960, 0x8960, 0xA1C0,
  0x40A0, 0x3080, 0x50E0, 0xA1C0, 0xA1C0, 0x8960, 0xA1C0, 0xA1C0, 0x50E0, 0x8960, 0xA1C0, 0x8960,
  0xB2C0, 0x71C0, 0x8960, 0x5940, 0xA1C0, 0xDAC0, 0x40E0, 0x6100, 0xBA20, 0xA1C0, 0xDB41, 0xBA20,
  0xD220, 0xA1C0, 0x40A0, 0x89E0, 0xA1C0, 0xD220, 0xBA20, 0xDAC0, 0xF2C0, 0xFBA0, 0xFC20, 0xFBA0,
  0xDAC0, 0xF2C0, 0xBA20, 0xBA20, 0xA1C0, 0xDAC0, 0x8960, 0xA1C0, 0xBA20, 0x7140, 0xA1C0, 0xA1C0,
  0x7140, 0x50E0, 0x8960, 0xA1C0, 0xA1C0, 0x8960, 0x6100, 0xA1C0, 0x40A0, 0x40A0, 0xBA20, 0xA1C0,
  0xA1C0, 0x6100, 0x8960, 0xA1C0, 0xA1C0, 0x50E0, 0x40A0, 0xA1C0, 0x3080, 0x3080, 0x8960, 0x8960,
  0x6100, 0x3080, 0x3080, 0xA1C0, 0x6100, 0x7140, 0x8960, 0x7140, 0x50E0, 0x3080, 0x7140, 0x6100,
  0xA1C0, 0x7140, 0x40E0, 0x8960, 0x2060, 0x1020, 0x7140, 0x8960, 0x6100, 0x40A0, 0x40A0, 0x3080,
  0x7140, 0x3080, 0x1020, 0x1840, 0x40A0, 0x1840, 0x1840, 0x1020, 0x1020, 0x1020, 0x1840, 0x1840,
  0x0800, 0x0800, 0x0841, 0x0820, 0x1840, 0x1840, 0x2060, 0x1061, 0x0820, 0x0820, 0x0820, 0x0000,
  0x0000, 0x0000, 0x0000, 0x0000, 0x0000, 0x0000, 0x0000, 0x0000, 0x0000, 0x0000, 0x0000, 0x0000,
  0x0000, 0x0820, 0x0841, 0x0841, 0x0841, 0x0841, 0x0841, 0x0841, 0x0841, 0x1061, 0x0020, 0x0000,
  0x1020, 0x0820, 0x0000, 0x0000, 0x0000, 0x0000, 0x0000, 0x0000, 0x0000, 0x0000, 0x0000, 0x0000,
  0x0000, 0x0000, 0x0000, 0x0000, 0x0000, 0x0000, 0x0000, 0x0000, 0x0000, 0x0000, 0x0000, 0x0000,
  0x0000, 0x0000, 0x0000, 0x0020, 0x0020, 0x0820, 0x0820, 0x0000, 0x0800, 0x0800, 0x0000, 0x0800,
  0x1840, 0x0000, 0x0000, 0x1840, 0x1840, 0x0800, 0x0800, 0x0820, 0x2060, 0x1840, 0x0000, 0x0000,
  0x1840, 0x0000, 0x0000, 0x0820, 0x0000, 0x0000, 0x0000, 0x0000, 0x0000, 0x0000, 0x0000, 0x0000,
  0x0000, 0x0000, 0x0000, 0x0000, 0x0000, 0x0000, 0x0000, 0x0800, 0x0000, 0x0000, 0x0000, 0x1840,
  0x8960, 0x0800, 0x0000, 0x0000, 0x0000, 0x0000, 0x0000, 0x0000, 0x0020, 0x0000, 0x0000, 0x0000,
  0x0000, 0x0000, 0x0000, 0x0000, 0x0000, 0x18C3, 0x18C3, 0x0000, 0x0000, 0x0000, 0x0020, 0x0020,
  0x0020, 0x0020, 0x0000, 0x0000, 0x1840, 0x3080, 0x0000, 0x0000, 0x0000, 0x0000, 0x0000, 0x0000,
  0x0000, 0x0000, 0x0000, 0x0000, 0x0000, 0x0000, 0x0000, 0x0000, 0x0820, 0x0841, 0x0820, 0x0820,
  0x2060, 0x0820, 0x0800, 0x40A0, 0x1020, 0x1840, 0x6100, 0x1020, 0x40A0, 0x8960, 0x8960, 0x8960,
  0x50E0, 0x40A0, 0x50E0, 0x6100, 0x1840, 0x3080, 0x50E0, 0x8960, 0x3080, 0x7140, 0x8960, 0xBA20,
  0x8960, 0x40A0, 0x7140, 0x7140, 0xA1C0, 0x6100, 0x8960, 0xBA20, 0x8960, 0x6100, 0x7140, 0xBA20,
  0x6100, 0xA1C0, 0xA1C0, 0xA1C0, 0x6100, 0x50E0, 0x7140, 0xA1C0, 0xA1C0, 0x8960, 0xA1C0, 0xA1C0,
  0x8960, 0x50E0, 0x8960, 0x8960, 0xA1C0, 0xA1C0, 0xBA20, 0xBA20, 0x7140, 0x6100, 0x8960, 0xA1C0,
  0xBA20, 0xBA20, 0xA1C0, 0xD220, 0x8960, 0xA1C0, 0xBA20, 0x8960, 0xDAC0, 0x8960, 0x6100, 0x7140,
  0xBA20, 0xF2C0, 0xA1C0, 0xA1C0, 0xDAC0, 0xBA20, 0xFB80, 0xD220, 0xDAC0, 0xBA20, 0x7140, 0xBA20,
  0xD220, 0xDAC0, 0xF2C0, 0xDB41, 0xFB80, 0xFBA0, 0xFC20, 0xFBA0, 0xFB80, 0xFB20, 0xF2C0, 0xDAC0,
  0xDAC0, 0xDAC0, 0x8960, 0xBA20, 0xDAC0, 0xBA20, 0xBA20, 0xD220, 0xA1C0, 0x8960, 0xA1C0, 0xD220,
  0xDAC0, 0xA1C0, 0x8960, 0xBA20, 0x7140, 0x7140, 0xBA20, 0xBA20, 0xBA20, 0x8960, 0xA1C0, 0xD220,
  0xBA20, 0x7140, 0xA1C0, 0xBA20, 0x6100, 0x50E0, 0xA1C0, 0xBA20, 0x7140, 0x6100, 0x6100, 0xBA20,
  0x8960, 0x7140, 0x8960, 0x7140, 0x7140, 0x40A0, 0x8960, 0x7140, 0xA1C0, 0x8960, 0x50E0, 0x8960,
  0x40A0, 0x40A0, 0x8960, 0x8960, 0x6100, 0x40E0, 0x40A0, 0x6100, 0x7140, 0x6100, 0x40E0, 0x40A0,
  0x50E0, 0x2060, 0x1840, 0x1020, 0x0820, 0x0800, 0x2060, 0x2060, 0x0820, 0x0820, 0x0841, 0x0820,
  0x0820, 0x0820, 0x0841, 0x0841, 0x0841, 0x0841, 0x0841, 0x0000, 0x0000, 0x0000, 0x0000, 0x0000,
  0x0000, 0x0000, 0x0000, 0x0000, 0x0000, 0x0000, 0x0000, 0x0000, 0x0000, 0x0841, 0x0841, 0x0841,
  0x0841, 0x0841, 0x0841, 0x0841, 0x0841, 0x0820, 0x0000, 0x1020, 0x1840, 0x0820, 0x0000, 0x0000,
  0x0000, 0x0000, 0x0000, 0x0000, 0x0000, 0x0000, 0x0000, 0x0000, 0x0000, 0x0000, 0x0000, 0x0000,
  0x0000, 0x0000, 0x0000, 0x0000, 0x0000, 0x0000, 0x0000, 0x0000, 0x0000, 0x0841, 0x0020, 0x0000,
  0x0020, 0x0000, 0x0800, 0x0000, 0x0000, 0x0820, 0x0000, 0x0000, 0x1020, 0x1840, 0x0000, 0x0000,
  0x0820, 0x1840, 0x1840, 0x1840, 0x0800, 0x0000, 0x0000, 0x1840, 0x0820, 0x0000, 0x0000, 0x0820,
  0x0000, 0x0000, 0x0000, 0x0000, 0x0000, 0x0000, 0x0000, 0x0000, 0x0000, 0x0000, 0x0000, 0x0000,
  0x0000, 0x0000, 0x0800, 0x0820, 0x0000, 0x0000, 0x0800, 0x0820, 0x8960, 0x2060, 0x0000, 0x0000,
  0x0000, 0x0000, 0x0000, 0x0020, 0x0000, 0x0000, 0x0000, 0x0000, 0x0000, 0x0000, 0x0000, 0x0000,
  0x0000, 0x0820, 0x0000, 0x0000, 0x0000, 0x0000, 0x0000, 0x0820, 0x0020, 0x0020, 0x0020, 0x0000,
  0x3080, 0x1840, 0x0000, 0x0000, 0x0000, 0x0000, 0x0000, 0x0000, 0x0000, 0x0000, 0x0800, 0x0000,
  0x0000, 0x0000, 0x0000, 0x0000, 0x0820, 0x1840, 0x0841, 0x40E0, 0x40A0, 0x3080, 0x50E0, 0x8960,
  0x7140, 0x8960, 0xA1C0, 0x7140, 0x8960, 0xA1C0, 0xBA20, 0xA1C0, 0x8960, 0x8960, 0xA1C0, 0xA1C0,
  0xA1C0, 0xA1C0, 0xD220, 0xBA20, 0xA1C0, 0xD220, 0xBA20, 0xDAC0, 0xD220, 0xA1C0, 0xBA20, 0xDAC0,
  0xBA20, 0xBA20, 0xDAC0, 0xFB20, 0xDAC0, 0xD220, 0xF2C0, 0xF2C0, 0xDAC0, 0xDAC0, 0xDAC0, 0xF2C0,
  0xF2C0, 0xDAC0, 0xDAC0, 0xFB80, 0xF2C0, 0xDAC0, 0xFB20, 0xFB20, 0xF2C0, 0xDAC0, 0xDAC0, 0xF2C0,
  0xFB80, 0xF2C0, 0xF2C0, 0xFB80, 0xDB41, 0xF2C0, 0xFB20, 0xFB80, 0xFC20, 0xFB80, 0xFB80, 0xFC20,
  0xF2C0, 0xF2C0, 0xDB41, 0xDAC0, 0xFBA0, 0xFB20, 0xF2C0, 0xFB20, 0xFC20, 0xFBA0, 0xFB20, 0xFB80,
  0xFBA0, 0xFBA0, 0xFC20, 0xFB80, 0xFBA0, 0xFBA0, 0xFBA0, 0xFBA0, 0xFBA0, 0xFC20, 0xFC20, 0xFC20,
  0xFC20, 0xFC20, 0xFC20, 0xFC20, 0xFC20, 0xFC20, 0xFC20, 0xFC20, 0xFBA0, 0xFBA0, 0xFBA0, 0xFBA0,
  0xFC20, 0xFBA0, 0xFBA0, 0xFB20, 0xFBA0, 0xFBA0, 0xFB80, 0xFB80, 0xFBA0, 0xF2C0, 0xF2C0, 0xFB20,
  0xF2C0, 0xF2C0, 0xFB80, 0xFB20, 0xFB80, 0xDAC0, 0xF2C0, 0xDB41, 0xF2C0, 0xF2C0, 0xFB20, 0xDAC0,
  0xDAC0, 0xBA20, 0xF2C0, 0xFB20, 0xDAC0, 0xD220, 0xBA20, 0xDAC0, 0xD220, 0xBA20, 0xF2C0, 0xBA20,
  0xDAC0, 0xDAC0, 0xDAC0, 0xBA20, 0xDAC0, 0xBA20, 0xBA20, 0xDAC0, 0xBA20, 0xD220, 0xDAC0, 0xDAC0,
  0xA1C0, 0xBA20, 0xBA20, 0xD220, 0xBA20, 0xA1C0, 0xA1C0, 0xA1C0, 0xA1C0, 0x8960, 0xA1C0, 0x8960,
  0x40E0, 0x6100, 0x40E0, 0x40A0, 0x1840, 0x1840, 0x1061, 0x0841, 0x0841, 0x0841, 0x0841, 0x0841,
  0x0841, 0x0000, 0x0000, 0x0000, 0x0000, 0x0000, 0x0000, 0x0000, 0x0000, 0x0000, 0x0000, 0x0000,
  0x0000, 0x0000, 0x0000, 0x0000, 0x0000, 0x0000, 0x0841, 0x0841, 0x0841, 0x0841, 0x1061, 0x0841,
  0x0820, 0x0000, 0x0000, 0x1061, 0x2060, 0x0000, 0x0000, 0x0020, 0x0000, 0x0000, 0x0000, 0x0000,
  0x0000, 0x0000, 0x0000, 0x0000, 0x0000, 0x0000, 0x0000, 0x0000, 0x0000, 0x0000, 0x0000, 0x0000,
  0x0000, 0x0000, 0x0020, 0x1061, 0x0841, 0x0841, 0x0820, 0x0000, 0x0841, 0x0000, 0x0800, 0x0000,
  0x0000, 0x0800, 0x0820, 0x0000, 0x0000, 0x1840, 0x1020, 0x0000, 0x0000, 0x0000, 0x1020, 0x0000,
  0x0000, 0x0000, 0x1840, 0x1840, 0x0000, 0x0000, 0x0820, 0x0800, 0x0000, 0x0000, 0x0000, 0x0000,
  0x0000, 0x0000, 0x0841, 0x0841, 0x0820, 0x0020, 0x0020, 0x0020, 0x0000, 0x0020, 0x0841, 0x0820,
  0x0000, 0x0000, 0x0000, 0x0000, 0x50E0, 0x50E0, 0x0000, 0x0000, 0x0000, 0x0000, 0x0000, 0x0020,
  0x0000, 0x0000, 0x0000, 0x0000, 0x0000, 0x0000, 0x0000, 0x0000, 0x0000, 0x0000, 0x0000, 0x0000,
  0x0000, 0x0000, 0x0000, 0x0841, 0x0820, 0x0020, 0x0020, 0x1020, 0x40A0, 0x0800, 0x0000, 0x0000,
  0x0000, 0x0000, 0x0000, 0x0000, 0x0000, 0x0000, 0x0000, 0x1020, 0x0800, 0x0000, 0x0000, 0x0000,
  0x1840, 0x40A0, 0x50E0, 0x71C0, 0x7140, 0x71C0, 0x89E0, 0x89E0, 0x89E0, 0x89E0, 0xA1C0, 0x89E0,
  0xA1C0, 0x89E0, 0x89E0, 0x89E0, 0x89E0, 0xA1C0, 0xB2C0, 0xB2C0, 0xBA20, 0xA260, 0xB2C0, 0xA260,
  0xA260, 0xA260, 0xA260, 0xB2C0, 0xB2C0, 0xA260, 0xB2C0, 0xB2C0, 0xB2C0, 0xA260, 0xB2C0, 0xB2C0,
  0xBA20, 0xA260, 0xB2C0, 0xB2C0, 0xB2C0, 0xA260, 0xB2C0, 0xA260, 0xB2C0, 0xA260, 0xB2C0, 0xB2C0,
  0xA260, 0xA260, 0xB2C0, 0xA260, 0xB2C0, 0xB2C0, 0xB2C0, 0xB2C0, 0xA260, 0xB2C0, 0xA260, 0xB2C0,
  0xB2C0, 0xB2C0, 0xB2C0, 0xAB21, 0xB2C0, 0xB2C0, 0xAB21, 0xB2C0, 0xA260, 0xB2C0, 0xB2C0, 0xB2C0,
  0xAB21, 0xB2C0, 0xB2C0, 0xB2C0, 0xB2C0, 0xB2C0, 0xB2C0, 0xB2C0, 0xAB21, 0xB2C0, 0xB2C0, 0xB2C0,
  0xAB21, 0xAB21, 0xAB21, 0xAB21, 0xAB21, 0xB2C0, 0xB2C0, 0xAB21, 0xDB41, 0xDB41, 0xDB41, 0xDB41,
  0xDB41, 0xDB41, 0xAB21, 0xAB21, 0xB2C0, 0xB2C0, 0xB2C0, 0xAB21, 0xB2C0, 0xB2C0, 0xB2C0, 0xB2C0,
  0xA260, 0xB2C0, 0xB2C0, 0xAB21, 0xB2C0, 0xAB21, 0xB2C0, 0xB2C0, 0xB2C0, 0xA260, 0xB2C0, 0xB2C0,
  0xB2C0, 0xB2C0, 0xB2C0, 0xB2C0, 0xB2C0, 0xB2C0, 0xB2C0, 0xAB21, 0xB2C0, 0xA260, 0xB2C0, 0xB2C0,
  0xB2C0, 0xA260, 0xB2C0, 0xA260, 0xB2C0, 0xA260, 0xB2C0, 0xB2C0, 0xB2C0, 0xB2C0, 0xB2C0, 0xA260,
  0xA260, 0xA260, 0xA260, 0xA260, 0xB2C0, 0xA260, 0xA260, 0xA260, 0xA1C0, 0xA260, 0xBA20, 0xA1C0,
  0x89E0, 0x89E0, 0xA260, 0xA260, 0x89E0, 0x89E0, 0xA1C0, 0x89E0, 0x71C0, 0x89E0, 0x8960, 0x7140,
  0x7140, 0x40E0, 0x1840, 0x1840, 0x0841, 0x0820, 0x0820, 0x0841, 0x0000, 0x0000, 0x0000, 0x0000,
  0x0000, 0x0000, 0x0000, 0x0000, 0x0000, 0x0000, 0x0000, 0x0000, 0x0000, 0x0000, 0x0000, 0x0000,
  0x0000, 0x0000, 0x0841, 0x0841, 0x0841, 0x0841, 0x0841, 0x1061, 0x0820, 0x0000, 0x0000, 0x10A2,
  0x2060, 0x0000, 0x0000, 0x0820, 0x0000, 0x0000, 0x0000, 0x0000, 0x0000, 0x0000, 0x0000, 0x0000,
  0x0000, 0x0000, 0x0000, 0x0000, 0x0000, 0x0000, 0x0000, 0x0000, 0x0000, 0x0020, 0x1061, 0x0841,
  0x0841, 0x0841, 0x0841, 0x0841, 0x0841, 0x0841, 0x0000, 0x0820, 0x0000, 0x0000, 0x1020, 0x0820,
  0x0000, 0x0000, 0x1020, 0x1840, 0x1020, 0x0820, 0x1840, 0x0800, 0x1020, 0x1840, 0x0820, 0x0000,
  0x0000, 0x0800, 0x0820, 0x0000, 0x0000, 0x0000, 0x0000, 0x0000, 0x0000, 0x0000, 0x0020, 0x0020,
  0x0020, 0x1840, 0x2060, 0x30C0, 0x40E0, 0x2060, 0x0000, 0x0000, 0x0000, 0x0000, 0x0000, 0x0000,
  0x1840, 0x7140, 0x0000, 0x0000, 0x0000, 0x0000, 0x0000, 0x0000, 0x0000, 0x0000, 0x0000, 0x0000,
  0x0000, 0x0000, 0x0000, 0x0000, 0x0000, 0x0000, 0x0000, 0x0820, 0x10A2, 0x1061, 0x0820, 0x0841,
  0x0841, 0x0841, 0x0020, 0x2060, 0x2060, 0x0000, 0x0000, 0x0000, 0x0000, 0x0000, 0x0000, 0x0000,
  0x0000, 0x0000, 0x0000, 0x0000, 0x1840, 0x1840, 0x1020, 0x1020, 0x1020, 0x1020, 0x0800, 0x0000,
  0x0000, 0x0800, 0x0000, 0x0800, 0x0000, 0x0820, 0x0800, 0x0000, 0x0000, 0x1020, 0x0820, 0x1020,
  0x1020, 0x1840, 0x1020, 0x1020, 0x0800, 0x0800, 0x0000, 0x0800, 0x0820, 0x0820, 0x1840, 0x1840,
  0x1020, 0x1840, 0x0800, 0x1020, 0x1840, 0x1840, 0x1020, 0x1020, 0x1020, 0x1020, 0x0000, 0x0800,
  0x0820, 0x1840, 0x1840, 0x0800, 0x0000, 0x0820, 0x0820, 0x1020, 0x0800, 0x0800, 0x0000, 0x0000,
  0x0000, 0x1840, 0x1840, 0x1020, 0x0820, 0x0820, 0x0820, 0x0820, 0x0820, 0x0820, 0x1020, 0x1840,
  0x1840, 0x1840, 0x1840, 0x0800, 0x0800, 0x0820, 0x3080, 0x1840, 0x1840, 0x1840, 0x1840, 0x0820,
  0x0800, 0x0800, 0x0820, 0x1020, 0x1020, 0x1840, 0x1840, 0x1840, 0x0820, 0x0820, 0x2060, 0x1840,
  0x2060, 0x1020, 0x1840, 0x1840, 0x3080, 0x50E0, 0x6100, 0x50E0, 0x3080, 0x3080, 0x1840, 0x1020,
  0x1840, 0x1840, 0x2060, 0x2060, 0x1020, 0x0800, 0x0820, 0x1020, 0x0820, 0x0800, 0x1840, 0x1020,
  0x1840, 0x1020, 0x1840, 0x0820, 0x1020, 0x0800, 0x1840, 0x0820, 0x0800, 0x1020, 0x1020, 0x0820,
  0x1020, 0x1840, 0x1020, 0x1840, 0x1020, 0x1840, 0x0800, 0x0800, 0x0800, 0x1020, 0x0800, 0x0820,
  0x0800, 0x0820, 0x0800, 0x1020, 0x0820, 0x1840, 0x0800, 0x0820, 0x0820, 0x0820, 0x0800, 0x0000,
  0x0000, 0x0820, 0x0800, 0x0800, 0x0800, 0x1020, 0x0820, 0x0820, 0x0820, 0x1840, 0x0820, 0x0000,
  0x0000, 0x0000, 0x0000, 0x0000, 0x0000, 0x0820, 0x0800, 0x0800, 0x0000, 0x0000, 0x0820, 0x0020,
  0x0820, 0x0820, 0x0820, 0x0841, 0x0000, 0x0000, 0x0000, 0x0000, 0x0000, 0x0000, 0x0000, 0x0000,
  0x0000, 0x0000, 0x0000, 0x0000, 0x0000, 0x0000, 0x0000, 0x0000, 0x0000, 0x0000, 0x0841, 0x0841,
  0x0841, 0x0820, 0x0841, 0x0841, 0x0000, 0x0000, 0x0000, 0x1061, 0x0020, 0x0000, 0x0000, 0x0000,
  0x0000, 0x0000, 0x0000, 0x0000, 0x0000, 0x0000, 0x0000, 0x0000, 0x0000, 0x0000, 0x0000, 0x0000,
  0x0000, 0x0000, 0x0000, 0x0820, 0x0841, 0x0841, 0x0841, 0x0841, 0x0841, 0x0841, 0x0841, 0x1061,
  0x0841, 0x1061, 0x0000, 0x0800, 0x0800, 0x0000, 0x0000, 0x1020, 0x0800, 0x0000, 0x0000, 0x0000,
  0x0820, 0x1840, 0x1840, 0x1020, 0x0820, 0x0000, 0x0000, 0x0000, 0x0800, 0x1020, 0x0000, 0x0000,
  0x0000, 0x0000, 0x0000, 0x0000, 0x0000, 0x0000, 0x0020, 0x0000, 0x1840, 0x8960, 0x7140, 0x71C0,
  0x5940, 0x2060, 0x0000, 0x0000, 0x0000, 0x0000, 0x0000, 0x0000, 0x0800, 0x50E0, 0x3080, 0x0000,
  0x0000, 0x0000, 0x0000, 0x0000, 0x0000, 0x0000, 0x0000, 0x0000, 0x0000, 0x0000, 0x0000, 0x0000,
  0x0000, 0x0020, 0x0020, 0x0000, 0x94B2, 0x528A, 0x0000, 0x1061, 0x0841, 0x0841, 0x0841, 0x40A0,
  0x0800, 0x0000, 0x0000, 0x0000, 0x0000, 0x0000, 0x0000, 0x0000, 0x0000, 0x0000, 0x0000, 0x0000,
  0x0000, 0x0820, 0x1020, 0x1020, 0x1020, 0x1840, 0x1020, 0x1840, 0x1840, 0x2060, 0x1840, 0x1840,
  0x1840, 0x2060, 0x1840, 0x1840, 0x1840, 0x3080, 0x2060, 0x2060, 0x2060, 0x2060, 0x1840, 0x1840,
  0x1840, 0x3080, 0x1840, 0x1840, 0x1840, 0x2060, 0x1840, 0x2060, 0x2060, 0x40A0, 0x2060, 0x1840,
  0x1840, 0x1840, 0x1840, 0x1840, 0x2060, 0x3080, 0x2060, 0x2060, 0x1840, 0x1840, 0x1840, 0x1840,
  0x1840, 0x3080, 0x1840, 0x1840, 0x1840, 0x2060, 0x2060, 0x2060, 0x1840, 0x2060, 0x2060, 0x2060,
  0x2060, 0x3080, 0x3080, 0x2060, 0x1840, 0x2060, 0x2060, 0x2060, 0x3080, 0x3080, 0x2060, 0x1840,
  0x2060, 0x3080, 0x40A0, 0x2060, 0x1840, 0x1840, 0x2060, 0x2060, 0x3080, 0x3080, 0x40A0, 0x3080,
  0x3080, 0x2060, 0x2060, 0x1840, 0x2060, 0x2060, 0x3080, 0x2060, 0x2060, 0x2060, 0x3080, 0x3080,
  0x3080, 0x3080, 0x6100, 0x40A0, 0x3080, 0x2060, 0x3080, 0x3080, 0x3080, 0x3080, 0x3080, 0x3080,
  0x2060, 0x1840, 0x1840, 0x2060, 0x2060, 0x2060, 0x40A0, 0x2060, 0x1840, 0x1840, 0x2060, 0x1840,
  0x1840, 0x3080, 0x40A0, 0x2060, 0x2060, 0x1840, 0x2060, 0x2060, 0x2060, 0x3080, 0x2060, 0x1840,
  0x2060, 0x3080, 0x2060, 0x1840, 0x1840, 0x2060, 0x2060, 0x3080, 0x3080, 0x3080, 0x2060, 0x1840,
  0x1840, 0x3080, 0x1840, 0x2060, 0x2060, 0x2060, 0x1840, 0x1840, 0x1840, 0x3080, 0x3080, 0x2060,
  0x2060, 0x2060, 0x1840, 0x1840, 0x1840, 0x3080, 0x1840, 0x1840, 0x1840, 0x2060, 0x1840, 0x1840,
  0x1840, 0x2060, 0x1840, 0x1840, 0x1840, 0x1020, 0x1020, 0x0820, 0x0820, 0x0020, 0x0820, 0x0000,
  0x0000, 0x0000, 0x0000, 0x0000, 0x0000, 0x0000, 0x0000, 0x0000, 0x0000, 0x0000, 0x0000, 0x0000,
  0x0000, 0x0000, 0x0000, 0x0000, 0x0000, 0x0000, 0x0020, 0x1061, 0x0841, 0x0841, 0x0841, 0x0841,
  0x0000, 0x0000, 0x0000, 0x0000, 0x0000, 0x0000, 0x0000, 0x0000, 0x0000, 0x0000, 0x0000, 0x0000,
  0x0000, 0x0000, 0x0000, 0x0000, 0x0000, 0x0000, 0x0000, 0x0000, 0x0000, 0x0000, 0x0000, 0x1061,
  0x1061, 0x0841, 0x0841, 0x0841, 0x0841, 0x0841, 0x0841, 0x1061, 0x1061, 0x0841, 0x1061, 0x0000,
  0x0820, 0x0000, 0x0000, 0x0000, 0x0820, 0x0820, 0x0000, 0x0000, 0x0000, 0x0000, 0x0820, 0x0000,
  0x0000, 0x0000, 0x0000, 0x0820, 0x0820, 0x0000, 0x0000, 0x0000, 0x0000, 0x0000, 0x0000, 0x0000,
  0x0000, 0x0000, 0x0020, 0x0000, 0x1840, 0x3080, 0x30C0, 0x2060, 0x2060, 0x1840, 0x0000, 0x0000,
  0x0000, 0x0000, 0x0000, 0x0000, 0x0000, 0x1840, 0x6100, 0x0800, 0x0000, 0x0000, 0x0000, 0x0000,
  0x0000, 0x0000, 0x0000, 0x0000, 0x0000, 0x0000, 0x0000, 0x0000, 0x0000, 0x0000, 0x0020, 0x0841,
  0x3185, 0x18C3, 0x1061, 0x1061, 0x1061, 0x0820, 0x2060, 0x1840, 0x0000, 0x0000, 0x0000, 0x0000,
  0x0000, 0x0000, 0x0000, 0x0000, 0x0000, 0x0000, 0x0000, 0x0000, 0x0000, 0x0000, 0x0000, 0x0000,
  0x0000, 0x1020, 0x0820, 0x0820, 0x0820, 0x3080, 0x0820, 0x0820, 0x0820, 0x1020, 0x0820, 0x0820,
  0x1840, 0x40A0, 0x0820, 0x1020, 0x1840, 0x1840, 0x0820, 0x0820, 0x0820, 0x1020, 0x1020, 0x1840,
  0x1020, 0x1840, 0x1020, 0x1020, 0x1020, 0x30C0, 0x1840, 0x1020, 0x1020, 0x1840, 0x1020, 0x1020,
  0x1020, 0x1020, 0x1840, 0x1840, 0x1020, 0x1020, 0x0820, 0x1020, 0x1020, 0x3080, 0x1020, 0x0820,
  0x0820, 0x1840, 0x1840, 0x1840, 0x1020, 0x1840, 0x0820, 0x1020, 0x1840, 0x1840, 0x1840, 0x1840,
  0x0820, 0x2060, 0x2060, 0x0820, 0x1020, 0x1020, 0x1840, 0x1840, 0x1840, 0x0820, 0x1840, 0x0000,
  0x0820, 0x1020, 0x1840, 0x1840, 0x1840, 0x1840, 0x40A0, 0x1020, 0x1840, 0x1020, 0x1840, 0x1020,
  0x1840, 0x1020, 0x1840, 0x0820, 0x0820, 0x1840, 0x1840, 0x1840, 0x1840, 0x1020, 0x40A0, 0x2060,
  0x1840, 0x1840, 0x1840, 0x1840, 0x1840, 0x1840, 0x0820, 0x0820, 0x0800, 0x1840, 0x1840, 0x1020,
  0x0820, 0x0820, 0x3080, 0x1840, 0x1840, 0x1840, 0x1840, 0x1020, 0x0820, 0x0800, 0x1020, 0x0800,
  0x1840, 0x1840, 0x1840, 0x1840, 0x0820, 0x3080, 0x1840, 0x0820, 0x1020, 0x1840, 0x1840, 0x1840,
  0x0800, 0x1020, 0x0800, 0x1020, 0x1840, 0x1840, 0x1840, 0x1840, 0x1020, 0x30C0, 0x1020, 0x0820,
  0x0820, 0x1020, 0x1020, 0x1840, 0x0820, 0x1840, 0x0800, 0x0820, 0x1020, 0x1020, 0x0800, 0x0800,
  0x1840, 0x3080, 0x0800, 0x1020, 0x1020, 0x1020, 0x0820, 0x0800, 0x0000, 0x1020, 0x0000, 0x0820,
  0x1020, 0x0800, 0x0820, 0x0000, 0x0020, 0x0000, 0x0000, 0x0000, 0x0000, 0x0000, 0x0000, 0x0000,
  0x0000, 0x0000, 0x0000, 0x0000, 0x0000, 0x0000, 0x0000, 0x0000, 0x0000, 0x0000, 0x0000, 0x0000,
  0x0000, 0x0000, 0x0000, 0x1061, 0x1061, 0x0841, 0x0820, 0x0000, 0x0000, 0x0000, 0x0000, 0x0000,
  0x0000, 0x0000, 0x0000, 0x0000, 0x0000, 0x0000, 0x0000, 0x0000, 0x0000, 0x0000, 0x0000, 0x0000,
  0x0000, 0x0000, 0x0000, 0x0000, 0x0000, 0x0000, 0x0000, 0x0841, 0x0841, 0x0841, 0x0841, 0x0841,
  0x0841, 0x0841, 0x0841, 0x0841, 0x0841, 0x0841, 0x0841, 0x0841, 0x0800, 0x1020, 0x0000, 0x0000,
  0x0000, 0x0800, 0x0820, 0x0820, 0x0800, 0x0800, 0x1020, 0x0000, 0x0800, 0x0820, 0x1020, 0x0800,
  0x0000, 0x0000, 0x0000, 0x0820, 0x0000, 0x0000, 0x0000, 0x0000, 0x0000, 0x0000, 0x0000, 0x0000,
  0x0000, 0x0000, 0x0000, 0x0000, 0x0000, 0x0000, 0x0000, 0x0000, 0x0000, 0x0000, 0x0000, 0x0800,
  0x0000, 0x0820, 0x3080, 0x40A0, 0x0000, 0x0000, 0x0000, 0x0000, 0x0000, 0x0000, 0x0000, 0x0000,
  0x0000, 0x0000, 0x0000, 0x0000, 0x0020, 0x0020, 0x0020, 0x0020, 0x0000, 0x0841, 0x1061, 0x1061,
  0x0820, 0x2060, 0x2060, 0x0000, 0x0000, 0x0000, 0x0000, 0x0000, 0x0000, 0x0000, 0x0000, 0x0000,
  0x0000, 0x0000, 0x0000, 0x0000, 0x0000, 0x0000, 0x2060, 0x0800, 0x0000, 0x0000, 0x0000, 0x0000,
  0x0000, 0x0000, 0x0000, 0x0000, 0x0000, 0x0000, 0x0000, 0x0000, 0x0000, 0x0000, 0x0000, 0x0000,
  0x0000, 0x0000, 0x0000, 0x0000, 0x1840, 0x30C0, 0x0000, 0x0000, 0x0000, 0x0000, 0x0000, 0x0000,
  0x0000, 0x0000, 0x0000, 0x0000, 0x0000, 0x0000, 0x0000, 0x0000, 0x0820, 0x30C0, 0x0000, 0x0000,
  0x0000, 0x0000, 0x0000, 0x0000, 0x0000, 0x0000, 0x0000, 0x0000, 0x0000, 0x0000, 0x0000, 0x0000,
  0x0000, 0x30C0, 0x30C0, 0x0000, 0x0000, 0x0000, 0x0000, 0x0000, 0x0000, 0x0000, 0x0000, 0x0000,
  0x0000, 0x0000, 0x0000, 0x0000, 0x0000, 0x2060, 0x1020, 0x30C0, 0x0820, 0x0000, 0x0000, 0x0000,
  0x0000, 0x0000, 0x0000, 0x0000, 0x0000, 0x0000, 0x0000, 0x0000, 0x0000, 0x1840, 0x0020, 0x1840,
  0x1840, 0x0000, 0x0000, 0x0000, 0x0800, 0x0800, 0x0820, 0x0820, 0x0820, 0x0820, 0x0800, 0x0000,
  0x0000, 0x0020, 0x2060, 0x1840, 0x30C0, 0x0000, 0x0000, 0x0000, 0x0000, 0x0000, 0x0000, 0x0000,
  0x0000, 0x0000, 0x0000, 0x0000, 0x0800, 0x30C0, 0x1840, 0x2060, 0x0000, 0x0000, 0x0000, 0x0000,
  0x0000, 0x0000, 0x0000, 0x0000, 0x0000, 0x0000, 0x0000, 0x0000, 0x30C0, 0x1020, 0x1840, 0x1020,
  0x0000, 0x0000, 0x0000, 0x0000, 0x0000, 0x0000, 0x0000, 0x0000, 0x0000, 0x0000, 0x0000, 0x0000,
  0x30C0, 0x1840, 0x3080, 0x1840, 0x0000, 0x0000, 0x0000, 0x0000, 0x0000, 0x0000, 0x0000, 0x0000,
  0x0000, 0x0000, 0x0000, 0x1020, 0x40A0, 0x1840, 0x30C0, 0x0000, 0x0000, 0x0000, 0x0841, 0x1840,
  0x1020, 0x1840, 0x1020, 0x0820, 0x0000, 0x0000, 0x0000, 0x0000, 0x0000, 0x0000, 0x0000, 0x0000,
  0x0000, 0x0000, 0x0000, 0x0000, 0x0000, 0x0000, 0x0000, 0x0000, 0x0000, 0x0000, 0x0000, 0x0020,
  0x0020, 0x0020, 0x0000, 0x0000, 0x0000, 0x0000, 0x0000, 0x0000, 0x0000, 0x0000, 0x0000, 0x0000,
  0x0000, 0x0000, 0x0000, 0x0000, 0x0000, 0x0000, 0x0000, 0x0000, 0x0000, 0x0000, 0x0000, 0x0000,
  0x0000, 0x0000, 0x0000, 0x0820, 0x0841, 0x0841, 0x1061, 0x1061, 0x0841, 0x0841, 0x0841, 0x0841,
  0x0841, 0x0841, 0x0841, 0x1061, 0x0000, 0x0000, 0x0820, 0x0000, 0x0000, 0x0000, 0x0000, 0x0000,
  0x0800, 0x0820, 0x1020, 0x0820, 0x0800, 0x0000, 0x0000, 0x0000, 0x0000, 0x0000, 0x0820, 0x0000,
  0x0000, 0x0000, 0x0000, 0x0000, 0x0000, 0x0000, 0x0000, 0x0000, 0x0000, 0x0000, 0x0000, 0x0000,
  0x0000, 0x0000, 0x0000, 0x0000, 0x0000, 0x0000, 0x0000, 0x0800, 0x0800, 0x0000, 0x0820, 0x40A0,
  0x2060, 0x0000, 0x0000, 0x0000, 0x0000, 0x0000, 0x0000, 0x0000, 0x0000, 0x0000, 0x0000, 0x0000,
  0x0020, 0x0020, 0x0820, 0x0820, 0x0841, 0x1061, 0x0841, 0x0000, 0x1840, 0x2060, 0x0000, 0x0000,
  0x0000, 0x0000, 0x0000, 0x0000, 0x0000, 0x0000, 0x0000, 0x0000, 0x0000, 0x0000, 0x0000, 0x0000,
  0x0000, 0x0000, 0x40E0, 0x1840, 0x0000, 0x0000, 0x0000, 0x0000, 0x0000, 0x0000, 0x0000, 0x0000,
  0x0000, 0x0000, 0x0000, 0x0000, 0x0000, 0x0000, 0x0000, 0x0000, 0x0000, 0x0000, 0x0000, 0x0000,
  0x1840, 0x71C0, 0x1840, 0x0000, 0x0000, 0x0000, 0x0000, 0x0000, 0x0000, 0x0000, 0x0000, 0x0000,
  0x0000, 0x0000, 0x0000, 0x0000, 0x2060, 0x71C0, 0x1840, 0x0000, 0x0000, 0x0000, 0x0000, 0x0000,
  0x0000, 0x0000, 0x0000, 0x0000, 0x0000, 0x0000, 0x0000, 0x0000, 0x0000, 0x40E0, 0x40E0, 0x0000,
  0x0000, 0x0000, 0x0000, 0x0000, 0x0000, 0x0000, 0x0000, 0x0000, 0x0000, 0x0000, 0x0000, 0x0000,
  0x0000, 0x5940, 0x5940, 0x5940, 0x30C0, 0x0000, 0x0000, 0x0000, 0x0000, 0x0000, 0x0000, 0x0000,
  0x0000, 0x0000, 0x0000, 0x0000, 0x0000, 0x30C0, 0x40E0, 0x71C0, 0x40A0, 0x0000, 0x0000, 0x0000,
  0x0800, 0x0800, 0x1020, 0x0820, 0x0800, 0x0800, 0x0000, 0x0000, 0x0000, 0x0800, 0x5940, 0x5940,
  0x89E0, 0x0800, 0x0000, 0x0000, 0x0000, 0x0000, 0x0000, 0x0000, 0x0000, 0x0000, 0x0000, 0x0000,
  0x0000, 0x5940, 0x40E0, 0x5940, 0x0000, 0x0000, 0x0000, 0x0000, 0x0000, 0x0000, 0x0000, 0x0000,
  0x0000, 0x0000, 0x0000, 0x0000, 0x40E0, 0x40E0, 0x71C0, 0x30C0, 0x0000, 0x0000, 0x0000, 0x0000,
  0x0000, 0x0000, 0x0000, 0x0000, 0x0000, 0x0000, 0x0000, 0x0000, 0x30C0, 0x5940, 0x71C0, 0x40E0,
  0x0000, 0x0000, 0x0000, 0x0000, 0x0000, 0x0000, 0x0000, 0x0000, 0x0000, 0x0000, 0x0000, 0x1020,
  0x5940, 0x59C1, 0x5940, 0x2060, 0x0000, 0x0000, 0x1840, 0x7140, 0x5940, 0x7140, 0x5940, 0x50E0,
  0x30C0, 0x0000, 0x0000, 0x0000, 0x0000, 0x0000, 0x0000, 0x0000, 0x0000, 0x0000, 0x0000, 0x0000,
  0x0000, 0x0000, 0x0000, 0x0000, 0x0000, 0x0000, 0x0000, 0x0000, 0x0000, 0x0000, 0x0000, 0x0000,
  0x0000, 0x0000, 0x0000, 0x0000, 0x0000, 0x0000, 0x0000, 0x0000, 0x0000, 0x0000, 0x0000, 0x0000,
  0x0000, 0x0000, 0x0000, 0x0000, 0x0000, 0x0000, 0x0000, 0x0000, 0x0000, 0x0000, 0x0000, 0x0841,
  0x1061, 0x1061, 0x0841, 0x0820, 0x0820, 0x0841, 0x0841, 0x0841, 0x0841, 0x0841, 0x0841, 0x0841,
  0x0000, 0x0000, 0x0000, 0x0800, 0x0800, 0x0000, 0x0000, 0x0000, 0x0000, 0x0000, 0x0800, 0x0000,
  0x0000, 0x0000, 0x0000, 0x0000, 0x0800, 0x0800, 0x0000, 0x0000, 0x0000, 0x0000, 0x0000, 0x0000,
  0x0000, 0x0000, 0x0000, 0x0000, 0x0000, 0x0000, 0x0000, 0x0000, 0x0000, 0x0000, 0x0000, 0x0000,
  0x0000, 0x0000, 0x0000, 0x0000, 0x0820, 0x0800, 0x0000, 0x1840, 0x3080, 0x1840, 0x0000, 0x0000,
  0x0000, 0x0000, 0x0000, 0x0000, 0x0020, 0x0000, 0x0000, 0x0000, 0x0000, 0x0000, 0x0020, 0x0020,
  0x0820, 0x0000, 0x0020, 0x40A0, 0x2060, 0x0000, 0x0000, 0x0000, 0x0000, 0x0000, 0x0000, 0x0000,
  0x0000, 0x0000, 0x0000, 0x0000, 0x0000, 0x0000, 0x0000, 0x0000, 0x0000, 0x0000, 0x2060, 0x1020,
  0x0000, 0x0000, 0x0000, 0x0000, 0x0000, 0x0000, 0x0000, 0x0000, 0x0000, 0x0000, 0x0000, 0x0000,
  0x0000, 0x0000, 0x0000, 0x0000, 0x0000, 0x0000, 0x0000, 0x0000, 0x1840, 0x5940, 0x1020, 0x0000,
  0x0000, 0x0000, 0x0000, 0x0000, 0x0000, 0x0000, 0x0000, 0x0000, 0x0000, 0x0000, 0x0000, 0x0000,
  0x1020, 0x5940, 0x1840, 0x0000, 0x0000, 0x0000, 0x0000, 0x0000, 0x0000, 0x0000, 0x0000, 0x0000,
  0x0000, 0x0000, 0x0000, 0x0000, 0x0000, 0x30C0, 0x0020, 0x0000, 0x0000, 0x0000, 0x0000, 0x0000,
  0x0000, 0x0000, 0x0000, 0x0000, 0x0000, 0x0000, 0x0000, 0x0000, 0x0000, 0x2060, 0x30C0, 0x40E0,
  0x1840, 0x0000, 0x0000, 0x0000, 0x0000, 0x0000, 0x0000, 0x0000, 0x0000, 0x0000, 0x0000, 0x0000,
  0x0000, 0x1840, 0x30C0, 0x40E0, 0x2060, 0x0000, 0x0000, 0x0000, 0x0000, 0x0000, 0x0800, 0x0000,
  0x0000, 0x0000, 0x0000, 0x0000, 0x0000, 0x0000, 0x30C0, 0x40E0, 0x5940, 0x0800, 0x0000, 0x0000,
  0x0000, 0x0000, 0x0000, 0x0000, 0x0000, 0x0000, 0x0000, 0x0000, 0x0820, 0x71C0, 0x0820, 0x2060,
  0x0000, 0x0000, 0x0000, 0x0000, 0x0000, 0x0000, 0x0000, 0x0000, 0x0000, 0x0000, 0x0000, 0x0820,
  0x5940, 0x30C0, 0x40E0, 0x2060, 0x0000, 0x0000, 0x0000, 0x0000, 0x0000, 0x0000, 0x0000, 0x0000,
  0x0000, 0x0000, 0x0000, 0x0000, 0x40E0, 0x40A0, 0x5940, 0x30C0, 0x0000, 0x0000, 0x0000, 0x0000,
  0x0000, 0x0000, 0x0000, 0x0000, 0x0000, 0x0000, 0x0000, 0x1840, 0x5940, 0x30C0, 0x5940, 0x1020,
  0x0000, 0x0000, 0x0820, 0x30C0, 0x40E0, 0x30C0, 0x1840, 0x40E0, 0x2060, 0x0000, 0x0000, 0x0000,
  0x0000, 0x0000, 0x0000, 0x0000, 0x0000, 0x0000, 0x0000, 0x0000, 0x0000, 0x0000, 0x0000, 0x0000,
  0x0000, 0x0000, 0x0000, 0x0000, 0x0000, 0x0000, 0x0000, 0x0000, 0x0000, 0x0000, 0x0000, 0x0000,
  0x0000, 0x0000, 0x0000, 0x0000, 0x0000, 0x0000, 0x0000, 0x0000, 0x0000, 0x0000, 0x0000, 0x0000,
  0x0000, 0x0000, 0x0000, 0x0000, 0x0000, 0x0000, 0x0000, 0x0820, 0x0020, 0x0020, 0x0000, 0x0000,
  0x0000, 0x0000, 0x1061, 0x0841, 0x0841, 0x0841, 0x1061, 0x0000, 0x0000, 0x0000, 0x0000, 0x0000,
  0x0000, 0x0800, 0x0800, 0x0800, 0x0000, 0x0000, 0x0800, 0x0000, 0x0000, 0x0800, 0x0800, 0x0820,
  0x0000, 0x0000, 0x0000, 0x0000, 0x0000, 0x0000, 0x0000, 0x0000, 0x0000, 0x0000, 0x0020, 0x0841,
  0x0820, 0x0841, 0x0820, 0x0820, 0x0820, 0x0841, 0x0841, 0x0000, 0x0000, 0x0000, 0x0000, 0x0000,
  0x0800, 0x0820, 0x0000, 0x0000, 0x1840, 0x2060, 0x1840, 0x0000, 0x0000, 0x0000, 0x0000, 0x0000,
  0x0000, 0x0000, 0x0000, 0x0000, 0x0000, 0x0000, 0x0000, 0x0000, 0x0000, 0x1840, 0x40E0, 0x2060,
  0x0000, 0x0000, 0x0000, 0x0000, 0x0000, 0x0000, 0x0000, 0x0000, 0x0000, 0x0000, 0x0000, 0x0000,
  0x0000, 0x0000, 0x0000, 0x0000, 0x0000, 0x0000, 0x0000, 0x0000, 0x0000, 0x0000, 0x0000, 0x0000,
  0x0000, 0x0000, 0x0000, 0x0000, 0x0000, 0x0000, 0x0000, 0x0000, 0x0000, 0x0000, 0x0000, 0x0000,
  0x0000, 0x0000, 0x0000, 0x0000, 0x0000, 0x0000, 0x0000, 0x0000, 0x0000, 0x0000, 0x0000, 0x0000,
  0x0000, 0x0000, 0x0000, 0x0000, 0x0000, 0x0000, 0x0000, 0x0000, 0x0000, 0x0800, 0x0000, 0x0000,
  0x0000, 0x0000, 0x0000, 0x0000, 0x0000, 0x0000, 0x0000, 0x0000, 0x0000, 0x0000, 0x0000, 0x0000,
  0x0000, 0x0000, 0x0000, 0x0000, 0x0000, 0x0000, 0x0000, 0x0000, 0x0000, 0x0000, 0x0000, 0x0000,
  0x0000, 0x0000, 0x0000, 0x0000, 0x0000, 0x0000, 0x0000, 0x0020, 0x0000, 0x0000, 0x0000, 0x0000,
  0x0000, 0x0000, 0x0000, 0x0000, 0x0000, 0x0000, 0x0000, 0x0000, 0x0000, 0x0000, 0x0000, 0x0000,
  0x0800, 0x0820, 0x0820, 0x0820, 0x0820, 0x0820, 0x0820, 0x0820, 0x0820, 0x0820, 0x0800, 0x0800,
  0x0800, 0x0820, 0x0000, 0x0000, 0x0800, 0x0000, 0x0800, 0x0000, 0x0000, 0x0000, 0x0000, 0x0000,
  0x0000, 0x0000, 0x0000, 0x0800, 0x0800, 0x0820, 0x0800, 0x0000, 0x0000, 0x0000, 0x0000, 0x0000,
  0x0000, 0x0000, 0x0000, 0x0000, 0x0000, 0x0000, 0x0000, 0x0000, 0x0020, 0x0000, 0x0000, 0x0000,
  0x0000, 0x0000, 0x0000, 0x0000, 0x0000, 0x0000, 0x0000, 0x0000, 0x0000, 0x0000, 0x0000, 0x0000,
  0x0800, 0x0000, 0x0000, 0x0000, 0x0000, 0x0000, 0x0000, 0x0000, 0x0000, 0x0000, 0x0000, 0x0000,
  0x0000, 0x0000, 0x0000, 0x0000, 0x0000, 0x0000, 0x0000, 0x0000, 0x0000, 0x0000, 0x0020, 0x0000,
  0x0000, 0x0000, 0x0000, 0x0000, 0x0000, 0x0000, 0x0000, 0x0000, 0x0000, 0x0000, 0x0000, 0x0000,
  0x0000, 0x0000, 0x0000, 0x0000, 0x0000, 0x0000, 0x0000, 0x0000, 0x0000, 0x0000, 0x0000, 0x0000,
  0x0000, 0x0000, 0x0000, 0x0000, 0x0000, 0x0000, 0x0000, 0x0000, 0x0000, 0x0000, 0x0000, 0x0000,
  0x0000, 0x0000, 0x0000, 0x0000, 0x0000, 0x0000, 0x0000, 0x0000, 0x0000, 0x0000, 0x0000, 0x0000,
  0x0000, 0x0000, 0x0000, 0x0000, 0x0000, 0x0000, 0x0000, 0x0000, 0x0000, 0x0000, 0x0000, 0x1061,
  0x1061, 0x1061, 0x0020, 0x0000, 0x0000, 0x0000, 0x0000, 0x0000, 0x0000, 0x0020, 0x0000, 0x0000,
  0x0800, 0x0800, 0x0820, 0x0800, 0x0800, 0x0000, 0x0000, 0x0000, 0x0000, 0x0000, 0x0000, 0x0000,
  0x0000, 0x0000, 0x0000, 0x0000, 0x0000, 0x0000, 0x0820, 0x0841, 0x0000, 0x0020, 0x0841, 0x0841,
  0x0820, 0x0000, 0x0000, 0x0000, 0x0000, 0x0000, 0x0000, 0x0000, 0x0000, 0x0000, 0x1840, 0x0800,
  0x0000, 0x1840, 0x1840, 0x1840, 0x0820, 0x0000, 0x0000, 0x0000, 0x0000, 0x0000, 0x0000, 0x0000,
  0x0000, 0x0000, 0x0000, 0x1020, 0x3080, 0x40A0, 0x1020, 0x0000, 0x0020, 0x0020, 0x0000, 0x0000,
  0x0000, 0x0000, 0x0000, 0x0000, 0x0000, 0x0000, 0x0000, 0x0000, 0x0000, 0x0000, 0x0000, 0x0000,
  0x0000, 0x0000, 0x0000, 0x0000, 0x0000, 0x0800, 0x0800, 0x0800, 0x0000, 0x0000, 0x0000, 0x0000,
  0x0000, 0x0000, 0x0000, 0x0000, 0x0000, 0x0000, 0x0000, 0x0000, 0x0020, 0x0020, 0x0020, 0x0020,
  0x0020, 0x0800, 0x0020, 0x0000, 0x0020, 0x0020, 0x0020, 0x0020, 0x0020, 0x0020, 0x0020, 0x0020,
  0x0020, 0x0020, 0x0020, 0x0020, 0x0020, 0x0020, 0x0020, 0x0020, 0x0020, 0x0020, 0x0020, 0x0020,
  0x0020, 0x0020, 0x0020, 0x0020, 0x0020, 0x0020, 0x0820, 0x0020, 0x0020, 0x0020, 0x0020, 0x0020,
  0x0020, 0x0020, 0x0020, 0x0020, 0x0020, 0x0020, 0x0020, 0x0020, 0x0020, 0x0020, 0x0020, 0x0020,
  0x0020, 0x0020, 0x0020, 0x0020, 0x0820, 0x0020, 0x0020, 0x0020, 0x0020, 0x0020, 0x0020, 0x0020,
  0x0020, 0x0020, 0x0020, 0x0820, 0x0020, 0x0820, 0x0820, 0x1020, 0x1020, 0x1020, 0x1840, 0x1840,
  0x1840, 0x1840, 0x1840, 0x1840, 0x1840, 0x1020, 0x1020, 0x1020, 0x1020, 0x1020, 0x0820, 0x0820,
  0x0820, 0x0820, 0x0820, 0x0820, 0x0020, 0x0020, 0x0020, 0x0020, 0x0820, 0x0820, 0x0820, 0x0820,
  0x0820, 0x0820, 0x0000, 0x0020, 0x0020, 0x0020, 0x0020, 0x0020, 0x0020, 0x0020, 0x0020, 0x0020,
  0x0020, 0x0020, 0x0020, 0x0020, 0x0020, 0x0020, 0x0820, 0x0820, 0x0020, 0x0020, 0x0820, 0x0020,
  0x0020, 0x0820, 0x0020, 0x0020, 0x0020, 0x0020, 0x0020, 0x0020, 0x0800, 0x0800, 0x0020, 0x0020,
  0x0820, 0x0820, 0x0800, 0x0800, 0x0800, 0x0800, 0x0020, 0x0800, 0x0800, 0x0800, 0x0000, 0x0800,
  0x0000, 0x0800, 0x0000, 0x0000, 0x0800, 0x0000, 0x0000, 0x0020, 0x0000, 0x0000, 0x0000, 0x0000,
  0x0000, 0x0000, 0x0000, 0x0000, 0x0000, 0x0000, 0x0000, 0x0000, 0x0000, 0x0000, 0x0000, 0x0000,
  0x0000, 0x0000, 0x0000, 0x0000, 0x0800, 0x0000, 0x0000, 0x0000, 0x0000, 0x0000, 0x0000, 0x0000,
  0x0000, 0x0000, 0x0000, 0x0000, 0x0000, 0x0000, 0x0000, 0x0000, 0x0000, 0x0000, 0x0000, 0x0000,
  0x0000, 0x0000, 0x0000, 0x0000, 0x0000, 0x0000, 0x0000, 0x0000, 0x0000, 0x0000, 0x0000, 0x0000,
  0x0000, 0x0000, 0x0000, 0x0000, 0x0000, 0x0000, 0x0000, 0x0020, 0x0020, 0x0020, 0x0000, 0x0000,
  0x0000, 0x0000, 0x0000, 0x0000, 0x0000, 0x0841, 0x1061, 0x0000, 0x0000, 0x0000, 0x0000, 0x0000,
  0x0000, 0x0000, 0x0000, 0x0000, 0x0000, 0x0000, 0x0000, 0x0000, 0x0000, 0x0000, 0x0000, 0x0000,
  0x0000, 0x0000, 0x0000, 0x0000, 0x0000, 0x10A2, 0x1061, 0x0841, 0x1061, 0x0000, 0x0000, 0x0000,
  0x0000, 0x0000, 0x0020, 0x0020, 0x0020, 0x0000, 0x0800, 0x2060, 0x0800, 0x0000, 0x0820, 0x1840,
  0x1840, 0x1020, 0x0800, 0x0000, 0x0000, 0x0000, 0x0000, 0x0000, 0x0000, 0x0800, 0x1840, 0x1840,
  0x1840, 0x0000, 0x0000, 0x0020, 0x0020, 0x1061, 0x0020, 0x0000, 0x0000, 0x0000, 0x0000, 0x0000,
  0x0000, 0x0000, 0x0000, 0x0000, 0x0000, 0x0000, 0x0000, 0x0000, 0x0000, 0x0000, 0x0000, 0x0000,
  0x0000, 0x0000, 0x0000, 0x0000, 0x0000, 0x0000, 0x0000, 0x0000, 0x0000, 0x0000, 0x0000, 0x0000,
  0x0000, 0x0000, 0x0000, 0x0000, 0x0000, 0x0000, 0x0000, 0x0000, 0x0000, 0x0000, 0x0000, 0x0000,
  0x0000, 0x0000, 0x0000, 0x0000, 0x0000, 0x0000, 0x0000, 0x0000, 0x0000, 0x0000, 0x0000, 0x0000,
  0x0000, 0x0000, 0x0000, 0x0000, 0x0000, 0x0000, 0x0000, 0x0000, 0x0000, 0x0000, 0x0000, 0x0000,
  0x0000, 0x0000, 0x0000, 0x0000, 0x0000, 0x0000, 0x0000, 0x0000, 0x0000, 0x0000, 0x0000, 0x0000,
  0x0000, 0x0000, 0x0000, 0x0000, 0x0000, 0x0000, 0x0000, 0x0000, 0x0000, 0x0000, 0x0000, 0x0000,
  0x0000, 0x0000, 0x0000, 0x0000, 0x0000, 0x0000, 0x0000, 0x0000, 0x0000, 0x0000, 0x0000, 0x0000,
  0x0000, 0x0000, 0x0000, 0x0000, 0x0000, 0x0000, 0x0000, 0x0000, 0x0000, 0x0000, 0x0000, 0x0000,
  0x0000, 0x0000, 0x0000, 0x0000, 0x0000, 0x0000, 0x0000, 0x0000, 0x0000, 0x0000, 0x0000, 0x0000,
  0x0000, 0x0000, 0x0000, 0x0000, 0x0000, 0x0000, 0x0000, 0x0000, 0x0000, 0x0000, 0x0000, 0x0000,
  0x0000, 0x0000, 0x0000, 0x0000, 0x0000, 0x0000, 0x0000, 0x0000, 0x0000, 0x0000, 0x0000, 0x0000,
  0x0000, 0x0000, 0x0000, 0x0000, 0x0000, 0x0000, 0x0000, 0x0000, 0x0000, 0x0000, 0x0000, 0x0000,
  0x0000, 0x0000, 0x0000, 0x0000, 0x0000, 0x0000, 0x0000, 0x0000, 0x0000, 0x0000, 0x0000, 0x0000,
  0x0000, 0x0000, 0x0000, 0x0000, 0x0000, 0x0000, 0x0000, 0x0000, 0x0000, 0x0000, 0x0000, 0x0000,
  0x0000, 0x0000, 0x0000, 0x0000, 0x0000, 0x0000, 0x0000, 0x0000, 0x0000, 0x0000, 0x0000, 0x0000,
  0x0000, 0x0000, 0x0000, 0x0000, 0x0000, 0x0000, 0x0000, 0x0000, 0x0000, 0x0000, 0x0000, 0x0000,
  0x0000, 0x0000, 0x0000, 0x0000, 0x0000, 0x0000, 0x0000, 0x0000, 0x0000, 0x0000, 0x0000, 0x0000,
  0x0000, 0x0000, 0x0000, 0x0000, 0x0000, 0x0000, 0x0000, 0x0000, 0x0000, 0x0000, 0x0000, 0x0000,
  0x0000, 0x0000, 0x0000, 0x0000, 0x0000, 0x0000, 0x0000, 0x0000, 0x0000, 0x0000, 0x0000, 0x0000,
  0x0000, 0x0000, 0x0000, 0x0000, 0x1061, 0x0820, 0x0000, 0x0000, 0x0000, 0x0000, 0x0000, 0x0000,
  0x0020, 0x1061, 0x0820, 0x0000, 0x0000, 0x0000, 0x0000, 0x0000, 0x0000, 0x0000, 0x0000, 0x0000,
  0x0000, 0x0000, 0x0000, 0x0000, 0x0000, 0x0000, 0x0000, 0x0000, 0x0000, 0x0000, 0x0000, 0x0000,
  0x0000, 0x1061, 0x0000, 0x0000, 0x0020, 0x0020, 0x0000, 0x0000, 0x0000, 0x0000, 0x0020, 0x0020,
  0x0020, 0x0841, 0x0820, 0x0000, 0x1840, 0x1020, 0x0000, 0x0000, 0x0800, 0x0820, 0x0820, 0x0800,
  0x0800, 0x0000, 0x0000, 0x0000, 0x0800, 0x0800, 0x0820, 0x0000, 0x0000, 0x0000, 0x0000, 0x0000,
  0x0000, 0x0000, 0x0000, 0x0000, 0x0000, 0x0000, 0x0000, 0x0000, 0x0000, 0x0000, 0x0000, 0x0000,
  0x0000, 0x0000, 0x0000, 0x0000, 0x0000, 0x0000, 0x0000, 0x0000, 0x0000, 0x0000, 0x0000, 0x0000,
  0x0000, 0x0000, 0x0000, 0x0000, 0x0000, 0x0000, 0x0000, 0x0000, 0x0000, 0x0000, 0x0000, 0x0000,
  0x0000, 0x0000, 0x0000, 0x0000, 0x0000, 0x0000, 0x0000, 0x0000, 0x0000, 0x0000, 0x0000, 0x0000,
  0x0000, 0x0000, 0x0000, 0x0000, 0x0000, 0x0000, 0x0000, 0x0000, 0x0000, 0x0000, 0x0000, 0x0000,
  0x0000, 0x0000, 0x0000, 0x0000, 0x0000, 0x0000, 0x0000, 0x0000, 0x0000, 0x0000, 0x0000, 0x0000,
  0x0000, 0x0000, 0x0000, 0x0000, 0x0000, 0x0000, 0x0000, 0x0000, 0x0000, 0x0000, 0x0000, 0x0000,
  0x0000, 0x0000, 0x0000, 0x0000, 0x0000, 0x0000, 0x0000, 0x0000, 0x0000, 0x0000, 0x0000, 0x0000,
  0x0000, 0x0000, 0x0000, 0x0000, 0x0000, 0x0000, 0x0000, 0x0000, 0x0000, 0x0000, 0x0000, 0x0000,
  0x0000, 0x0000, 0x0000, 0x0000, 0x0000, 0x0000, 0x0000, 0x0000, 0x0000, 0x0000, 0x0000, 0x0000,
  0x0000, 0x0000, 0x0000, 0x0000, 0x0000, 0x0000, 0x0000, 0x0000, 0x0000, 0x0000, 0x0000, 0x0000,
  0x0000, 0x0000, 0x0000, 0x0000, 0x0000, 0x0000, 0x0000, 0x0000, 0x0000, 0x0000, 0x0000, 0x0000,
  0x0000, 0x0000, 0x0000, 0x0000, 0x0000, 0x0000, 0x0000, 0x0000, 0x0000, 0x0000, 0x0000, 0x0000,
  0x0000, 0x0000, 0x0000, 0x0000, 0x0000, 0x0000, 0x0000, 0x0000, 0x0000, 0x0000, 0x0000, 0x0000,
  0x0000, 0x0000, 0x0000, 0x0000, 0x0000, 0x0000, 0x0000, 0x0000, 0x0000, 0x0000, 0x0000, 0x0000,
  0x0000, 0x0000, 0x0000, 0x0000, 0x0000, 0x0000, 0x0000, 0x0000, 0x0000, 0x0000, 0x0000, 0x0000,
  0x0000, 0x0000, 0x0000, 0x0000, 0x0000, 0x0000, 0x0000, 0x0000, 0x0000, 0x0000, 0x0000, 0x0000,
  0x0000, 0x0000, 0x0000, 0x0000, 0x0000, 0x0000, 0x0000, 0x0000, 0x0000, 0x0000, 0x0000, 0x0000,
  0x0000, 0x0000, 0x0000, 0x0000, 0x0000, 0x0000, 0x0000, 0x0000, 0x0000, 0x0000, 0x0000, 0x0000,
  0x0000, 0x0000, 0x0000, 0x0000, 0x0000, 0x0000, 0x0000, 0x0000, 0x0000, 0x0000, 0x0000, 0x0000,
  0x0000, 0x0000, 0x0000, 0x0000, 0x0000, 0x0000, 0x0000, 0x0000, 0x0000, 0x0000, 0x0000, 0x0000,
  0x0020, 0x0000, 0x0000, 0x0000, 0x0000, 0x0000, 0x0000, 0x0841, 0x1061, 0x0020, 0x0000, 0x0000,
  0x0000, 0x0000, 0x0000, 0x0000, 0x0000, 0x0000, 0x0000, 0x0000, 0x0000, 0x0000, 0x0000, 0x0000,
  0x0000, 0x0000, 0x0000, 0x0000, 0x0000, 0x0000, 0x0000, 0x0000, 0x0000, 0x0820, 0x0020, 0x0020,
  0x0841, 0x0000, 0x0000, 0x0000, 0x0000, 0x0000, 0x0000, 0x0020, 0x0820, 0x1061, 0x0820, 0x0000,
  0x0000, 0x0820, 0x0820, 0x0800, 0x0000, 0x0000, 0x0000, 0x0000, 0x0000, 0x0000, 0x0000, 0x0000,
  0x0000, 0x0000, 0x0000, 0x0000, 0x0000, 0x0000, 0x0000, 0x0000, 0x0000, 0x0000, 0x0000, 0x0000,
  0x0000, 0x0000, 0x0000, 0x0000, 0x0000, 0x0000, 0x0000, 0x0000, 0x0000, 0x0000, 0x0000, 0x0000,
  0x0000, 0x0000, 0x0000, 0x0000, 0x0000, 0x0000, 0x0000, 0x0000, 0x0000, 0x0000, 0x0000, 0x0000,
  0x0000, 0x0000, 0x0000, 0x0000, 0x0000, 0x0000, 0x0000, 0x0000, 0x0000, 0x0000, 0x0000, 0x0000,
  0x0000, 0x0000, 0x0000, 0x0000, 0x0000, 0x0000, 0x0000, 0x0000, 0x0000, 0x0000, 0x0000, 0x0000,
  0x0000, 0x0000, 0x0000, 0x0000, 0x0000, 0x0000, 0x0000, 0x0000, 0x0000, 0x0000, 0x0000, 0x0000,
  0x0000, 0x0000, 0x0000, 0x0000, 0x0000, 0x0000, 0x0000, 0x0000, 0x0000, 0x0000, 0x0000, 0x0000,
  0x0000, 0x0000, 0x0000, 0x0000, 0x0000, 0x0000, 0x0000, 0x0000, 0x0000, 0x0000, 0x0000, 0x0000,
  0x0000, 0x0000, 0x0000, 0x0000, 0x0000, 0x0000, 0x0000, 0x0000, 0x0000, 0x0000, 0x0000, 0x0000,
  0x0000, 0x0000, 0x0000, 0x0000, 0x0000, 0x0000, 0x0000, 0x0000, 0x0000, 0x0000, 0x0000, 0x0000,
  0x0000, 0x0000, 0x0000, 0x0000, 0x0000, 0x0000, 0x0000, 0x0000, 0x0000, 0x0000, 0x0000, 0x0000,
  0x0000, 0x0000, 0x0000, 0x0000, 0x0000, 0x0000, 0x0000, 0x0000, 0x0000, 0x0000, 0x0000, 0x0000,
  0x0000, 0x0000, 0x0000, 0x0000, 0x0000, 0x0000, 0x0000, 0x0000, 0x0000, 0x0000, 0x0000, 0x0000,
  0x0000, 0x0000, 0x0000, 0x0000, 0x0000, 0x0000, 0x0000, 0x0000, 0x0000, 0x0000, 0x0000, 0x0000,
  0x0000, 0x0000, 0x0000, 0x0000, 0x0000, 0x0000, 0x0000, 0x0000, 0x0000, 0x0000, 0x0000, 0x0000,
  0x0000, 0x0000, 0x0000, 0x0000, 0x0000, 0x0000, 0x0000, 0x0000, 0x0000, 0x0000, 0x0000, 0x0000,
  0x0000, 0x0000, 0x0000, 0x0000, 0x0000, 0x0000, 0x0000, 0x0000, 0x0000, 0x0000, 0x0000, 0x0000,
  0x0000, 0x0000, 0x0000, 0x0000, 0x0000, 0x0000, 0x0000, 0x0000, 0x0000, 0x0000, 0x0000, 0x0000,
  0x0000, 0x0000, 0x0000, 0x0000, 0x0000, 0x0000, 0x0000, 0x0000, 0x0000, 0x0000, 0x0000, 0x0000,
  0x0000, 0x0000, 0x0000, 0x0000, 0x0000, 0x0000, 0x0000, 0x0000, 0x0000, 0x0000, 0x0000, 0x0000,
  0x0000, 0x0000, 0x0000, 0x0000, 0x0000, 0x0000, 0x0000, 0x0000, 0x0000, 0x0000, 0x0000, 0x0000,
  0x0000, 0x0000, 0x0000, 0x0000, 0x0000, 0x0000, 0x0000, 0x0000, 0x0000, 0x0000, 0x0000, 0x0000,
  0x0000, 0x0000, 0x1061, 0x0841, 0x0000, 0x0000, 0x0000, 0x0000, 0x0000, 0x0000, 0x0000, 0x0000,
  0x0000, 0x0000, 0x0000, 0x0000, 0x0000, 0x0000, 0x0000, 0x0000, 0x0000, 0x0000, 0x0000, 0x0000,
  0x0000, 0x0000, 0x0000, 0x0000, 0x0000, 0x0020, 0x0841, 0x0820, 0x0020, 0x0000, 0x0000, 0x0000,
  0x0000, 0x0000, 0x0000, 0x0000, 0x0000, 0x0000, 0x0000, 0x0000, 0x0000, 0x0000, 0x0000, 0x0000,
  0x0800, 0x0800, 0x0000, 0x0000, 0x0000, 0x0000, 0x0000, 0x0000, 0x0000, 0x0000, 0x0000, 0x0000,
  0x0000, 0x0000, 0x0000, 0x0000, 0x0000, 0x0000, 0x0000, 0x0000, 0x0000, 0x0000, 0x0000, 0x0000,
  0x0000, 0x0000, 0x0000, 0x0000, 0x0000, 0x0000, 0x0000, 0x0000, 0x0000, 0x0000, 0x0000, 0x0000,
  0x0000, 0x0000, 0x0000, 0x0000, 0x0000, 0x0000, 0x0000, 0x0000, 0x0000, 0x0000, 0x0000, 0x0000,
  0x0000, 0x0000, 0x0000, 0x0000, 0x0000, 0x0000, 0x0000, 0x0000, 0x0000, 0x0000, 0x0000, 0x0000,
  0x0000, 0x0000, 0x0000, 0x0000, 0x0000, 0x0000, 0x0000, 0x0000, 0x0000, 0x0000, 0x0000, 0x0000,
  0x0000, 0x0000, 0x0000, 0x0000, 0x0000, 0x0000, 0x0000, 0x0000, 0x0000, 0x0000, 0x0000, 0x0000,
  0x0000, 0x0000, 0x0000, 0x0000, 0x0000, 0x0000, 0x0000, 0x0000, 0x0000, 0x0000, 0x0000, 0x0000,
  0x0000, 0x0000, 0x0000, 0x0000, 0x0000, 0x0000, 0x0000, 0x0000, 0x0000, 0x0000, 0x0000, 0x0000,
  0x0000, 0x0000, 0x0000, 0x0000, 0x0000, 0x0000, 0x0000, 0x0000, 0x0000, 0x0000, 0x0000, 0x0000,
  0x0000, 0x0000, 0x0000, 0x0000, 0x0000, 0x0000, 0x0000, 0x0000, 0x0000, 0x0000, 0x0000, 0x0000,
  0x0000, 0x0000, 0x0000, 0x0000, 0x0000, 0x0000, 0x0000, 0x0000, 0x0000, 0x0000, 0x0000, 0x0000,
  0x0000, 0x0000, 0x0000, 0x0000, 0x0000, 0x0000, 0x0000, 0x0000, 0x0000, 0x0000, 0x0000, 0x0000,
  0x0000, 0x0000, 0x0000, 0x0000, 0x0000, 0x0000, 0x0000, 0x0000, 0x0000, 0x0000, 0x0000, 0x0000,
  0x0000, 0x0000, 0x0000, 0x0000, 0x0000, 0x0000, 0x0000, 0x0000, 0x0000, 0x0000, 0x0000, 0x0000,
  0x0000, 0x0000, 0x0000, 0x0000, 0x0000, 0x0000, 0x0000, 0x0000, 0x0000, 0x0000, 0x0000, 0x0000,
  0x0000, 0x0000, 0x0000, 0x0000, 0x0000, 0x0000, 0x0000, 0x0000, 0x0000, 0x0000, 0x0000, 0x0000,
  0x0000, 0x0000, 0x0000, 0x0000, 0x0000, 0x0000, 0x0000, 0x0000, 0x0000, 0x0000, 0x0000, 0x0000,
  0x0000, 0x0000, 0x0000, 0x0000, 0x0000, 0x0000, 0x0000, 0x0000, 0x0000, 0x0000, 0x0000, 0x0000,
  0x0000, 0x0000, 0x0000, 0x0000, 0x0000, 0x0000, 0x0000, 0x0000, 0x0000, 0x0000, 0x0000, 0x0000,
  0x0000, 0x0000, 0x0000, 0x0000, 0x0000, 0x0000, 0x0000, 0x0000, 0x0000, 0x0000, 0x0000, 0x0000,
  0x0000, 0x0000, 0x0000, 0x0000, 0x0000, 0x0000, 0x0000, 0x0000, 0x0000, 0x0000, 0x0000, 0x0000,
  0x0000, 0x0000, 0x0000, 0x0000, 0x0000, 0x0000, 0x0000, 0x0000, 0x0000, 0x0000, 0x0000, 0x0000,
  0x0000, 0x0000, 0x0000, 0x0000, 0x0000, 0x0000, 0x0000, 0x0000, 0x0000, 0x0000, 0x0000, 0x0000,
  0x0000, 0x0000, 0x0000, 0x0000, 0x0000, 0x0000, 0x0000, 0x0000, 0x0000, 0x0000, 0x0000, 0x0000,
  0x0000, 0x0000, 0x0000, 0x0000, 0x0000, 0x0000, 0x0000, 0x0020, 0x0000, 0x0000, 0x0000, 0x0000,
  0x0000, 0x0000, 0x0000, 0x0000, 0x0000, 0x0000, 0x0000, 0x0000, 0x0000, 0x0000, 0x0000, 0x0000,
  0x0000, 0x0000, 0x0000, 0x0000, 0x0000, 0x0000, 0x0000, 0x0000, 0x0000, 0x0000, 0x0000, 0x0000,
  0x0000, 0x0000, 0x0000, 0x0000, 0x0000, 0x0000, 0x0000, 0x0000, 0x0000, 0x0000, 0x0000, 0x0000,
  0x0000, 0x0000, 0x0000, 0x0000, 0x0000, 0x0000, 0x0000, 0x0000, 0x0000, 0x0000, 0x0000, 0x0000,
  0x0000, 0x0000, 0x0000, 0x0000, 0x0000, 0x0000, 0x0000, 0x0000, 0x0000, 0x0000, 0x0000, 0x0000,
  0x0000, 0x0000, 0x0000, 0x0000, 0x0000, 0x0000, 0x0000, 0x0000, 0x0000, 0x0000, 0x0000, 0x0000,
  0x0000, 0x0000, 0x0000, 0x0000, 0x0000, 0x0000, 0x0000, 0x0000, 0x0000, 0x0000, 0x0000, 0x0000,
  0x0000, 0x0000, 0x0000, 0x0000, 0x0000, 0x0000, 0x0000, 0x0000, 0x0000, 0x0000, 0x0000, 0x0000,
  0x0000, 0x0000, 0x0000, 0x0000, 0x0000, 0x0000, 0x0000, 0x0000, 0x0000, 0x0000, 0x0000, 0x0000,
  0x0000, 0x0000, 0x0000, 0x0000, 0x0000, 0x0000, 0x0000, 0x0000, 0x0000, 0x0000, 0x0000, 0x0000,
  0x0000, 0x0000, 0x0000, 0x0000, 0x0000, 0x0000, 0x0000, 0x0000, 0x0000, 0x0000, 0x0000, 0x0000,
  0x0000, 0x0000, 0x0000, 0x0000, 0x0000, 0x0000, 0x0000, 0x0000, 0x0000, 0x0000, 0x0000, 0x0000,
  0x0000, 0x0000, 0x0000, 0x0000, 0x0000, 0x0000, 0x0000, 0x0000, 0x0000, 0x0000, 0x0000, 0x0000,
  0x0000, 0x0000, 0x0000, 0x0000, 0x0000, 0x0000, 0x0000, 0x0000, 0x0000, 0x0000, 0x0000, 0x0000,
  0x0000, 0x0000, 0x0000, 0x0000, 0x0000, 0x0000, 0x0000, 0x0000, 0x0000, 0x0000, 0x0000, 0x0000,
  0x0000, 0x0000, 0x0000, 0x0000, 0x0000, 0x0000, 0x0000, 0x0000, 0x0000, 0x0000, 0x0000, 0x0000,
  0x0000, 0x0000, 0x0000, 0x0000, 0x0000, 0x0000, 0x0000, 0x0000, 0x0000, 0x0000, 0x0000, 0x0000,
  0x0000, 0x0000, 0x0000, 0x0000, 0x0000, 0x0000, 0x0000, 0x0000, 0x0000, 0x0000, 0x0000, 0x0000,
  0x0000, 0x0000, 0x0000, 0x0000, 0x0000, 0x0000, 0x0000, 0x0000, 0x0000, 0x0000, 0x0000, 0x0000,
  0x0000, 0x0000, 0x0000, 0x0000, 0x0000, 0x0000, 0x0000, 0x0000, 0x0000, 0x0000, 0x0000, 0x0000,
  0x0000, 0x0000, 0x0000, 0x0000, 0x0000, 0x0000, 0x0000, 0x0000, 0x0000, 0x0000, 0x0000, 0x0000,
  0x0000, 0x0000, 0x0000, 0x0000, 0x0000, 0x0000, 0x0000, 0x0000, 0x0000, 0x0000, 0x0000, 0x0000,
  0x0000, 0x0000, 0x0000, 0x0000, 0x0000, 0x0000, 0x0000, 0x0000, 0x0000, 0x0000, 0x0000, 0x0000,
  0x0000, 0x0000, 0x0000, 0x0000, 0x0000, 0x0000, 0x0000, 0x0000, 0x0000, 0x0000, 0x0000, 0x0000,
  0x0000, 0x0000, 0x0000, 0x0000, 0x0000, 0x0000, 0x0000, 0x0000, 0x0000, 0x0000, 0x0000, 0x0000,
  0x0000, 0x0000, 0x0000, 0x0000, 0x0000, 0x0000, 0x0000, 0x0000, 0x0000, 0x0000, 0x0000, 0x0000,
  0x0000, 0x0000, 0x0000, 0x0000, 0x0000, 0x0000, 0x0000, 0x0000, 0x0000, 0x0000, 0x0000, 0x0000,
  0x0000, 0x0000, 0x0000, 0x0000, 0x0000, 0x0000, 0x0000, 0x0000, 0x0000, 0x0000, 0x0000, 0x0000,
  0x0000, 0x0000, 0x0000, 0x0000, 0x0000, 0x0000, 0x0000, 0x0000, 0x0000, 0x0000, 0x0000, 0x0000,
  0x0000, 0x0000, 0x0000, 0x0000, 0x0000, 0x0000, 0x0000, 0x0000, 0x0000, 0x0000, 0x0000, 0x0000,
  0x0000, 0x0000, 0x0000, 0x0000, 0x0000, 0x0000, 0x0000, 0x0000, 0x0000, 0x0000, 0x0000, 0x0000,
  0x0000, 0x0000, 0x0000, 0x0000, 0x0000, 0x0000, 0x0000, 0x0000, 0x0000, 0x0000, 0x0000, 0x0000,
  0x0000, 0x0000, 0x0000, 0x0000, 0x0000, 0x0000, 0x0000, 0x0000, 0x0000, 0x0000, 0x0000, 0x0000,
  0x0000, 0x0000, 0x0000, 0x0000, 0x0000, 0x0000, 0x0000, 0x0000, 0x0000, 0x0000, 0x0000, 0x0000,
  0x0000, 0x0000, 0x0000, 0x0000, 0x0000, 0x0000, 0x0000, 0x0000, 0x0000, 0x0000, 0x0000, 0x0000,
  0x0000, 0x0000, 0x0000, 0x0000, 0x0000, 0x0000, 0x0000, 0x0000, 0x0000, 0x0000, 0x0000, 0x0000,
  0x0000, 0x0000, 0x0000, 0x0000, 0x0000, 0x0000, 0x0000, 0x0000, 0x0000, 0x0000, 0x0000, 0x0000,
  0x0000, 0x0000, 0x0000, 0x0000, 0x0000, 0x0000, 0x0000, 0x0000, 0x0000, 0x0000, 0x0000, 0x0000,
  0x0000, 0x0000, 0x0000, 0x0000, 0x0000, 0x0000, 0x0000, 0x0000, 0x0000, 0x0000, 0x0000, 0x0000,
  0x0000, 0x0000, 0x0000, 0x0000, 0x0000, 0x0000, 0x0000, 0x0000, 0x0000, 0x0000, 0x0000, 0x0000,
  0x0000, 0x0000, 0x0000, 0x0000, 0x0000, 0x0000, 0x0000, 0x0000, 0x0000, 0x0000, 0x0000, 0x0000,
  0x0000, 0x0000, 0x0000, 0x0000, 0x0000, 0x0000, 0x0000, 0x0000, 0x0000, 0x0000, 0x0000, 0x0000,
  0x0000, 0x0000, 0x0000, 0x0000, 0x0000, 0x0000, 0x0000, 0x0000, 0x0000, 0x0000, 0x0000, 0x0000,
  0x0000, 0x0000, 0x0000, 0x0000, 0x0000, 0x0000, 0x0000, 0x0000, 0x0000, 0x0000, 0x0000, 0x0000,
  0x0000, 0x0000, 0x0000, 0x0000, 0x0000, 0x0000, 0x0000, 0x0000, 0x0000, 0x0000, 0x0000, 0x0000,
  0x0000, 0x0000, 0x0000, 0x0000, 0x0000, 0x0000, 0x0000, 0x0000, 0x0000, 0x0000, 0x0000, 0x0000,
  0x0000, 0x0000, 0x0000, 0x0000, 0x0000, 0x0000, 0x0000, 0x0000, 0x0000, 0x0000, 0x0000, 0x0000,
  0x0000, 0x0000, 0x0000, 0x0000, 0x0000, 0x0000, 0x0000, 0x0000, 0x0000, 0x0000, 0x0000, 0x0000,
  0x0000, 0x0000, 0x0000, 0x0000, 0x0000, 0x0000, 0x0000, 0x0000, 0x0000, 0x0000, 0x0000, 0x0000,
  0x0000, 0x0000, 0x0000, 0x0000, 0x0000, 0x0000, 0x0000, 0x0000, 0x0000, 0x0000, 0x0000, 0x0000,
  0x0000, 0x0000, 0x0000, 0x0000, 0x0000, 0x0000, 0x0000, 0x0000, 0x0000, 0x0000, 0x0000, 0x0000,
  0x0000, 0x0000, 0x0000, 0x0000, 0x0000, 0x0000, 0x0000, 0x0000, 0x0000, 0x0000, 0x0000, 0x0000,
  0x0000, 0x0000, 0x0000, 0x0000, 0x0000, 0x0000, 0x0000, 0x0000, 0x0000, 0x0000, 0x0000, 0x0000,
  0x0000, 0x0000, 0x0000, 0x0000, 0x0000, 0x0000, 0x0000, 0x0000, 0x0000, 0x0000, 0x0000, 0x0000,
  0x0000, 0x0000, 0x0000, 0x0000, 0x0000, 0x0000, 0x0000, 0x0000, 0x0000, 0x0000, 0x0000, 0x0000,
  0x0000, 0x0000, 0x0000, 0x0000, 0x0000, 0x0000, 0x0000, 0x0000, 0x0000, 0x0000, 0x0000, 0x0000,
  0x0000, 0x0000, 0x0000, 0x0000, 0x0000, 0x0000, 0x0000, 0x0000, 0x0000, 0x0000, 0x0000, 0x0000,
  0x0000, 0x0000, 0x0000, 0x0000, 0x0000, 0x0000, 0x0000, 0x0000, 0x0000, 0x0000, 0x0000, 0x0000,
  0x0000, 0x0000, 0x0000, 0x0000, 0x0000, 0x0000, 0x0000, 0x0000, 0x0000, 0x0000, 0x0000, 0x0000,
  0x0000, 0x0000, 0x0000, 0x0000, 0x0000, 0x0000, 0x0000, 0x0000, 0x0000, 0x0000, 0x0000, 0x0000,
  0x0000, 0x0000, 0x0000, 0x0000, 0x0000, 0x0000, 0x0000, 0x0000, 0x0000, 0x0000, 0x0000, 0x0000,
  0x0000, 0x0000, 0x0000, 0x0000, 0x0000, 0x0000, 0x0000, 0x0000, 0x0000, 0x0000, 0x0000, 0x0000,
  0x0000, 0x0000, 0x0000, 0x0000, 0x0000, 0x0000, 0x0000, 0x0000, 0x0000, 0x0000, 0x0000, 0x0000,
  0x0000, 0x0000, 0x0000, 0x0000, 0x0000, 0x0000, 0x0000, 0x0000, 0x0000, 0x0000, 0x0000, 0x0000,
  0x0000, 0x0000, 0x0000, 0x0000, 0x0000, 0x0000, 0x0000, 0x0000, 0x0000, 0x0000, 0x0000, 0x0000,
  0x0000, 0x0000, 0x0000, 0x0000, 0x0000, 0x0000, 0x0000, 0x0000, 0x0000, 0x0000, 0x0000, 0x0000,
  0x0000, 0x0000, 0x0000, 0x0000, 0x0000, 0x0000, 0x0000, 0x0000, 0x0000, 0x0000, 0x0000, 0x0000,
  0x0000, 0x0000, 0x0000, 0x0000, 0x0000, 0x0000, 0x0000, 0x0000, 0x0000, 0x0000, 0x0000, 0x0000,
  0x0000, 0x0000, 0x0000, 0x0000, 0x0000, 0x0000, 0x0000, 0x0000, 0x0000, 0x0000, 0x0000, 0x0000,
  0x0000, 0x0000, 0x0000, 0x0000, 0x0000, 0x0000, 0x0000, 0x0000, 0x0000, 0x0000, 0x0000, 0x0000,
  0x0000, 0x0000, 0x0000, 0x0000, 0x0000, 0x0000, 0x0000, 0x0000, 0x0000, 0x0000, 0x0000, 0x0000,
  0x0000, 0x0000, 0x0000, 0x0000, 0x0000, 0x0000, 0x0000, 0x0000, 0x0000, 0x0000, 0x0000, 0x0000,
  0x0000, 0x0000, 0x0000, 0x0000, 0x0000, 0x0000, 0x0000, 0x0000, 0x0000, 0x0000, 0x0000, 0x0000,
  0x0000, 0x0000, 0x0000, 0x0000, 0x0000, 0x0000, 0x0000, 0x0000, 0x0000, 0x0000, 0x0000, 0x0000,
  0x0000, 0x0000, 0x0000, 0x0000, 0x0000, 0x0000, 0x0000, 0x0000, 0x0000, 0x0000, 0x0000, 0x0000,
  0x0000, 0x0000, 0x0000, 0x0000, 0x0000, 0x0000, 0x0000, 0x0000, 0x0000, 0x0000, 0x0000, 0x0000,
  0x0000, 0x0000, 0x0000, 0x0800, 0x0000, 0x0000, 0x0000, 0x0000, 0x0000, 0x0000, 0x0000, 0x0000,
  0x0000, 0x0000, 0x0000, 0x0000, 0x0000, 0x0000, 0x0000, 0x0000, 0x0000, 0x0000, 0x0000, 0x0000,
  0x0000, 0x0000, 0x0000, 0x0000, 0x0000, 0x0000, 0x0000, 0x0000, 0x0000, 0x0000, 0x0000, 0x0000,
  0x0000, 0x0000, 0x0000, 0x0000, 0x0000, 0x0000, 0x0000, 0x0000, 0x0000, 0x0000, 0x0000, 0x0000,
  0x0000, 0x0000, 0x0000, 0x0000, 0x0000, 0x0000, 0x0000, 0x0000, 0x0000, 0x0000, 0x0000, 0x0000,
  0x0000, 0x0000, 0x0000, 0x0000, 0x0000, 0x0000, 0x0000, 0x0000, 0x0000, 0x0000, 0x0000, 0x0000,
  0x0000, 0x0000, 0x0000, 0x0000, 0x0000, 0x0000, 0x0000, 0x0000, 0x0000, 0x0000, 0x0000, 0x0000,
  0x0000, 0x0000, 0x0000, 0x0000, 0x0000, 0x0000, 0x0000, 0x0000, 0x0000, 0x0000, 0x0000, 0x0000,
  0x0000, 0x0000, 0x0000, 0x0000, 0x0000, 0x0000, 0x0000, 0x0000, 0x0000, 0x0000, 0x0000, 0x0000,
  0x0000, 0x0000, 0x0000, 0x0000, 0x0000, 0x0000, 0x0000, 0x0000, 0x0000, 0x0000, 0x0000, 0x0000,
  0x0000, 0x0000, 0x0000, 0x0000, 0x0000, 0x0000, 0x0000, 0x0000, 0x0000, 0x0000, 0x0000, 0x0000,
  0x0000, 0x0000, 0x0000, 0x0000, 0x0000, 0x0000, 0x0000, 0x0000, 0x0000, 0x0000, 0x0000, 0x0000,
  0x0000, 0x0000, 0x0000, 0x0000, 0x0000, 0x0000, 0x0000, 0x0000, 0x0000, 0x0000, 0x0000, 0x0000,
  0x0000, 0x0000, 0x0000, 0x0000, 0x0000, 0x0000, 0x0000, 0x0000, 0x0000, 0x0000, 0x0000, 0x0000,
  0x0000, 0x0000, 0x0000, 0x0000, 0x0000, 0x0000, 0x0000, 0x0000, 0x0000, 0x0000, 0x0000, 0x0000,
  0x0000, 0x0000, 0x0000, 0x0000, 0x0000, 0x0000, 0x0000, 0x0000, 0x0000, 0x0000, 0x0000, 0x0000,
  0x0000, 0x0000, 0x0000, 0x0000, 0x0000, 0x0000, 0x0000, 0x0000, 0x0000, 0x0000, 0x0000, 0x0000,
  0x0000, 0x0000, 0x0000, 0x0000, 0x0000, 0x0000, 0x0000, 0x0000, 0x0000, 0x0000, 0x0000, 0x0000,
  0x0000, 0x0000, 0x0000, 0x0000, 0x0000, 0x0000, 0x0000, 0x0000, 0x0000, 0x0000, 0x0000, 0x0000,
  0x0000, 0x0000, 0x0000, 0x0000, 0x0000, 0x0000, 0x0000, 0x0000, 0x0000, 0x0000, 0x0000, 0x0000,
  0x0000, 0x0000, 0x0000, 0x0000, 0x0000, 0x0000, 0x0000, 0x0000, 0x0000, 0x0000, 0x0000, 0x0000,
  0x0000, 0x0000, 0x0000, 0x0000, 0x0000, 0x0000, 0x0000, 0x0000, 0x0000, 0x0000, 0x0000, 0x0000,
  0x0000, 0x0000, 0x0000, 0x0000, 0x0000, 0x0000, 0x0000, 0x0000, 0x0000, 0x0000, 0x0000, 0x0000,
  0x0000, 0x0000, 0x0000, 0x0000, 0x0000, 0x0000, 0x0000, 0x0000, 0x0000, 0x0000, 0x0000, 0x0000,
  0x0000, 0x0000, 0x0000, 0x0000, 0x0000, 0x0000, 0x0000, 0x0000, 0x0000, 0x0000, 0x0000, 0x0000,
  0x0000, 0x0000, 0x0000, 0x0000, 0x0000, 0x0000, 0x0000, 0x0000, 0x0000, 0x0000, 0x0000, 0x0000,
  0x0000, 0x0000, 0x0000, 0x0000, 0x0000, 0x0000, 0x0000, 0x0000, 0x0000, 0x0000, 0x0000, 0x0000,
  0x0000, 0x0000, 0x0000, 0x0000, 0x0000, 0x0000, 0x0000, 0x0000, 0x0000, 0x0000, 0x0000, 0x0000,
  0x0000, 0x0000, 0x0000, 0x0000, 0x0000, 0x0000, 0x0000, 0x0000, 0x0000, 0x0000, 0x0000, 0x0000,
  0x0000, 0x0000, 0x0000, 0x0000, 0x0000, 0x0000, 0x0000, 0x0000, 0x0000, 0x0000, 0x0000, 0x0000,
  0x0000, 0x0000, 0x0000, 0x0000, 0x0000, 0x0000, 0x0000, 0x0000, 0x0000, 0x0000, 0x0000, 0x0000,
  0x0000, 0x0000, 0x0000, 0x0000, 0x0000, 0x0000, 0x0000, 0x0000, 0x0000, 0x0000, 0x0000, 0x0000,
  0x0000, 0x0000, 0x0000, 0x0000, 0x0000, 0x0000, 0x0000, 0x0000, 0x0000, 0x0000, 0x0000, 0x0000,
  0x0000, 0x0000, 0x0000, 0x0000, 0x0000, 0x0000, 0x0000, 0x0000, 0x0000, 0x0000, 0x0000, 0x0000,
  0x0000, 0x0000, 0x0000, 0x0000, 0x0000, 0x0000, 0x0000, 0x0000, 0x0000, 0x0000, 0x0000, 0x0000,
  0x0000, 0x0000, 0x0000, 0x0000, 0x0000, 0x0000, 0x0000, 0x0000, 0x0000, 0x0000, 0x0000, 0x0000,
  0x0000, 0x0000, 0x0000, 0x0000, 0x0000, 0x0000, 0x0000, 0x0000, 0x0000, 0x0000, 0x0000, 0x0000,
  0x0000, 0x0000, 0x0000, 0x0000, 0x0000, 0x0000, 0x0000, 0x0000, 0x0000, 0x0000, 0x0000, 0x0000,
  0x0000, 0x0000, 0x0000, 0x0000, 0x0000, 0x0000, 0x0000, 0x0000, 0x0000, 0x0000, 0x0000, 0x0000,
  0x0000, 0x0000, 0x0000, 0x0000, 0x0000, 0x0000, 0x0000, 0x0000, 0x0000, 0x0000, 0x0000, 0x0000,
  0x0000, 0x0000, 0x0000, 0x0000, 0x0000, 0x0000, 0x0000, 0x0000, 0x0000, 0x0000, 0x0000, 0x0000,
  0x0000, 0x0000, 0x0000, 0x0000, 0x0000, 0x0000, 0x0000, 0x0000, 0x0000, 0x0000, 0x0000, 0x0000,
  0x0000, 0x0000, 0x0000, 0x0000, 0x0000, 0x0000, 0x0000, 0x0000, 0x0000, 0x0000, 0x0000, 0x0000,
  0x0000, 0x0000, 0x0000, 0x0000, 0x0000, 0x0000, 0x0000, 0x0000, 0x0000, 0x0000, 0x0000, 0x0000,
  0x0000, 0x0000, 0x0000, 0x0000, 0x0000, 0x0000, 0x0000, 0x0000, 0x0000, 0x0000, 0x0000, 0x0000,
  0x0000, 0x0000, 0x0000, 0x0000, 0x0000, 0x0000, 0x0000, 0x0000, 0x0000, 0x0000, 0x0000, 0x0000,
  0x0000, 0x0000, 0x0000, 0x0000, 0x0000, 0x0000, 0x0000, 0x0000, 0x0000, 0x0000, 0x0000, 0x0000,
  0x0000, 0x0000, 0x0000, 0x0000, 0x0000, 0x0000, 0x0000, 0x0000, 0x0000, 0x0000, 0x0000, 0x0000,
  0x0000, 0x0000, 0x0000, 0x0000, 0x0000, 0x0000, 0x0000, 0x0000, 0x0000, 0x0000, 0x0000, 0x0000,
  0x0000, 0x0000, 0x0000, 0x0000, 0x0000, 0x0000, 0x0000, 0x0000, 0x0000, 0x0000, 0x0000, 0x0000,
  0x0000, 0x0000, 0x0000, 0x0000, 0x0000, 0x0000, 0x0000, 0x0000, 0x0000, 0x0000, 0x0000, 0x0000,
  0x0000, 0x0000, 0x0000, 0x0000, 0x0000, 0x0000, 0x0000, 0x0000, 0x0000, 0x0000, 0x0000, 0x0000,
  0x0000, 0x0000, 0x0000, 0x0000, 0x0000, 0x0000, 0x0000, 0x0000, 0x0000, 0x0000, 0x0000, 0x0000,
  0x0000, 0x0000, 0x0000, 0x0000, 0x0000, 0x0000, 0x0000, 0x0000, 0x0000, 0x0000, 0x0000, 0x0000,
  0x0000, 0x0000, 0x0000, 0x0000, 0x0000, 0x0000, 0x0000, 0x0000, 0x0000, 0x0000, 0x0000, 0x0000,
  0x0000, 0x0000, 0x0000, 0x0000, 0x0000, 0x0000, 0x0000, 0x0000, 0x0000, 0x0000, 0x0000, 0x0000,
  0x0000, 0x0000, 0x0000, 0x0000, 0x0000, 0x0000, 0x0000, 0x0000, 0x0000, 0x0000, 0x0000, 0x0000,
  0x0000, 0x0000, 0x0000, 0x0000, 0x0000, 0x0000, 0x0000, 0x0000, 0x0000, 0x0000, 0x0000, 0x0000,
  0x0000, 0x0000, 0x0000, 0x0000, 0x0000, 0x0000, 0x0000, 0x0000, 0x0000, 0x0000, 0x0000, 0x0000,
  0x0000, 0x0000, 0x0000, 0x0000, 0x0000, 0x0000, 0x0000, 0x0000, 0x0000, 0x0000, 0x0000, 0x0000,
  0x0000, 0x0000, 0x0000, 0x0000, 0x0000, 0x0000, 0x0000, 0x0000, 0x0000, 0x0000, 0x0000, 0x0000,
  0x0000, 0x0000, 0x0000, 0x0000, 0x0000, 0x0000, 0x0000, 0x0000, 0x0000, 0x0000, 0x0000, 0x0000,
  0x0000, 0x0000, 0x0000, 0x0000, 0x0000, 0x0000, 0x0000, 0x0000, 0x0000, 0x0000, 0x0000, 0x0000,
  0x0000, 0x0000, 0x0000, 0x0000, 0x0000, 0x0000, 0x0000, 0x0000, 0x0000, 0x0000, 0x0000, 0x0000,
  0x0000, 0x0000, 0x0000, 0x0000, 0x0000, 0x0000, 0x0000, 0x0000, 0x0000, 0x0000, 0x0000, 0x0000,
  0x0000, 0x0000, 0x0000, 0x0000, 0x0000, 0x0000, 0x0000, 0x0000, 0x0000, 0x0000, 0x0000, 0x0000,
  0x0000, 0x0000, 0x0000, 0x0000, 0x0000, 0x0000, 0x0000, 0x0000, 0x0000, 0x0000, 0x0000, 0x0000,
  0x0000, 0x0000, 0x0000, 0x0000, 0x0000, 0x0000, 0x0000, 0x0000, 0x0000, 0x0000, 0x0000, 0x0000,
  0x0000, 0x0000, 0x0000, 0x0000, 0x0000, 0x0000, 0x0000, 0x0000, 0x0000, 0x0000, 0x0000, 0x0000,
  0x0000, 0x0000, 0x0000, 0x0000, 0x0000, 0x0000, 0x0000, 0x0000, 0x0000, 0x0000, 0x0000, 0x0000,
  0x0000, 0x0000, 0x0000, 0x0000, 0x0000, 0x0000, 0x0000, 0x0000, 0x0000, 0x0000, 0x0000, 0x0000,
  0x0000, 0x0000, 0x0000, 0x0000, 0x0000, 0x0000, 0x0000, 0x0000, 0x0000, 0x0000, 0x0000, 0x0000,
  0x0000, 0x0000, 0x0000, 0x0000, 0x0000, 0x0000, 0x0000, 0x0000, 0x0000, 0x0000, 0x0000, 0x0000,
  0x0000, 0x0000, 0x0000, 0x0000, 0x0000, 0x0000, 0x0000, 0x0000, 0x0000, 0x0000, 0x0000, 0x0000,
  0x0000, 0x0000, 0x0000, 0x0000, 0x0000, 0x0000, 0x0000, 0x0000, 0x0000, 0x0000, 0x0000, 0x0000,
  0x0000, 0x0000, 0x0000, 0x0000, 0x0000, 0x0000, 0x0000, 0x0000, 0x0000, 0x0000, 0x0000, 0x0000,
  0x0000, 0x0000, 0x0000, 0x0000, 0x0000, 0x0000, 0x0000, 0x0000, 0x0000, 0x0000, 0x0000, 0x0000,
  0x0000, 0x0000, 0x0000, 0x0000, 0x0000, 0x0000, 0x0000, 0x0000, 0x0000, 0x0000, 0x0000, 0x0000,
  0x0000, 0x0000, 0x0000, 0x0000, 0x0000, 0x0000, 0x0000, 0x0000, 0x0000, 0x0000, 0x0000, 0x0000,
  0x0000, 0x0000, 0x0000, 0x0000, 0x0000, 0x0000, 0x0000, 0x0000, 0x0000, 0x0000, 0x0000, 0x0000,
  0x0000, 0x0000, 0x0000, 0x0000, 0x0000, 0x0000, 0x0000, 0x0000, 0x0000, 0x0000, 0x0000, 0x0000,
  0x0000, 0x0000, 0x0000, 0x0000, 0x0000, 0x0000, 0x0000, 0x0000, 0x0000, 0x0000, 0x0000, 0x0000,
  0x0000, 0x0000, 0x0000, 0x0000, 0x0000, 0x0000, 0x0000, 0x0000, 0x0000, 0x0000, 0x0000, 0x0000,
  0x0000, 0x0000, 0x0000, 0x0000, 0x0000, 0x0000, 0x0000, 0x0000, 0x0000, 0x0000, 0x0000, 0x0000,
  0x0000, 0x0000, 0x0000, 0x0000, 0x0000, 0x0000, 0x0000, 0x0000, 0x0000, 0x0000, 0x0000, 0x0000,
  0x0000, 0x0000, 0x0000, 0x0000, 0x0000, 0x0000, 0x0000, 0x0000, 0x0000, 0x0000, 0x0000, 0x0000,
  0x0000, 0x0000, 0x0000, 0x0000, 0x0000, 0x0000, 0x0000, 0x0000, 0x0000, 0x0000, 0x0000, 0x0000,
  0x0000, 0x0000, 0x0000, 0x0000, 0x0000, 0x0000, 0x0000, 0x0000, 0x0000, 0x0000, 0x0000, 0x0000,
  0x0000, 0x0000, 0x0000, 0x0000, 0x0000, 0x0000, 0x0000, 0x0000, 0x0000, 0x0000, 0x0000, 0x0000,
  0x0000, 0x0000, 0x0000, 0x0000, 0x0000, 0x0000, 0x0000, 0x0000, 0x0000, 0x0000, 0x0000, 0x0000,
  0x0000, 0x0000, 0x0000, 0x0000, 0x0000, 0x0000, 0x0000, 0x0000, 0x0000, 0x0000, 0x0000, 0x0000,
  0x0000, 0x0000, 0x0000, 0x0000, 0x0000, 0x0000, 0x0000, 0x0000, 0x0000, 0x0000, 0x0000, 0x0000,
  0x0000, 0x0000, 0x0000, 0x0000, 0x0000, 0x0000, 0x0000, 0x0000, 0x0000, 0x0000, 0x0000, 0x0000,
  0x0000, 0x0000, 0x0000, 0x0000, 0x0000, 0x0000, 0x0000, 0x0000, 0x0000, 0x0000, 0x0000, 0x0000,
  0x0000, 0x0000, 0x0000, 0x0000, 0x0000, 0x0000, 0x0000, 0x0000, 0x0000, 0x0000, 0x0000, 0x0000,
  0x0000, 0x0000, 0x0000, 0x0000, 0x0000, 0x0000, 0x0000, 0x0000, 0x0000, 0x0000, 0x0000, 0x0000,
  0x0000, 0x0000, 0x0000, 0x0000, 0x0000, 0x0000, 0x0000, 0x0000, 0x0000, 0x0000, 0x0000, 0x0000,
  0x0000, 0x0000, 0x0000, 0x0000, 0x0000, 0x0000, 0x0000, 0x0000, 0x0000, 0x0000, 0x0000, 0x0000,
  0x0000, 0x0000, 0x0000, 0x0000, 0x0000, 0x0000, 0x0000, 0x0000, 0x0000, 0x0000, 0x0000, 0x0000,
  0x0000, 0x0000, 0x0000, 0x0000, 0x0000, 0x0000, 0x0000, 0x0000, 0x0000, 0x0000, 0x0000, 0x0000,
  0x0000, 0x0000, 0x0000, 0x0000, 0x0000, 0x0000, 0x0000, 0x0000, 0x0000, 0x0000, 0x0000, 0x0000,
  0x0000, 0x0000, 0x0000, 0x0000, 0x0000, 0x0000, 0x0000, 0x0000, 0x0000, 0x0000, 0x0000, 0x0000,
  0x0000, 0x0000, 0x0000, 0x0000, 0x0000, 0x0000, 0x0000, 0x0000, 0x0000, 0x0000, 0x0000, 0x0000,
  0x0000, 0x0000, 0x0000, 0x0000, 0x0000, 0x0000, 0x0000, 0x0000, 0x0800, 0x0000, 0x0000, 0x0000,
  0x0000, 0x0000, 0x0000, 0x0000, 0x0000, 0x0000, 0x0000, 0x0000, 0x0000, 0x0000, 0x0000, 0x0000,
  0x0000, 0x0000, 0x0000, 0x0000, 0x0000, 0x0800, 0x0800, 0x0000, 0x0000, 0x0000, 0x0000, 0x0000,
  0x0000, 0x0000, 0x0000, 0x0000, 0x0000, 0x0000, 0x0000, 0x0000, 0x0000, 0x0000, 0x0000, 0x0000,
  0x0000, 0x0000, 0x0000, 0x0000, 0x0000, 0x0000, 0x0000, 0x0000, 0x0000, 0x0000, 0x0000, 0x0000,
  0x0000, 0x0000, 0x0000, 0x0000, 0x0000, 0x0000, 0x0000, 0x0000, 0x0000, 0x0000, 0x0000, 0x0000,
  0x0000, 0x0000, 0x0000, 0x0000, 0x0000, 0x0000, 0x0000, 0x0000, 0x0000, 0x0000, 0x0000, 0x0000,
  0x0000, 0x0000, 0x0000, 0x0000, 0x0000, 0x0000, 0x0000, 0x0000, 0x0000, 0x0000, 0x0000, 0x0000,
  0x0000, 0x0000, 0x0000, 0x0000, 0x0000, 0x0000, 0x0000, 0x0000, 0x0000, 0x0000, 0x0000, 0x0000,
  0x0000, 0x0000, 0x0000, 0x0000, 0x0000, 0x0000, 0x0000, 0x0000, 0x0000, 0x0000, 0x0000, 0x0000,
  0x0000, 0x0000, 0x0000, 0x0000, 0x0000, 0x0000, 0x0000, 0x0000, 0x0000, 0x0000, 0x0000, 0x0000,
  0x0000, 0x0000, 0x0000, 0x0000, 0x0000, 0x0000, 0x0000, 0x0000, 0x0000, 0x0000, 0x0000, 0x0000,
  0x0000, 0x0000, 0x0000, 0x0000, 0x0000, 0x0000, 0x0000, 0x0000, 0x0000, 0x0000, 0x0000, 0x0000,
  0x0000, 0x0000, 0x0000, 0x0000, 0x0000, 0x0000, 0x0000, 0x0000, 0x0000, 0x0000, 0x0000, 0x0000,
  0x0000, 0x0000, 0x0000, 0x0000, 0x0000, 0x0000, 0x0000, 0x0000, 0x0000, 0x0000, 0x0000, 0x0000,
  0x0000, 0x0000, 0x0000, 0x0000, 0x0000, 0x0000, 0x0000, 0x0000, 0x0000, 0x0000, 0x0000, 0x0000,
  0x0000, 0x0000, 0x0000, 0x0000, 0x0000, 0x0000, 0x0000, 0x0000, 0x0000, 0x0000, 0x0000, 0x0000,
  0x0000, 0x0000, 0x0000, 0x0000, 0x0000, 0x0000, 0x0000, 0x0000, 0x0000, 0x0000, 0x0000, 0x0000,
  0x0000, 0x0000, 0x0000, 0x0000, 0x0000, 0x0000, 0x0000, 0x0000, 0x0000, 0x0000, 0x0000, 0x0000,
  0x0000, 0x0000, 0x0000, 0x0000, 0x0000, 0x0000, 0x0000, 0x0000, 0x0000, 0x0000, 0x0000, 0x0000,
  0x0000, 0x0000, 0x0000, 0x0000, 0x0000, 0x0000, 0x0000, 0x0000, 0x0000, 0x0000, 0x0000, 0x0000,
  0x0000, 0x0000, 0x0000, 0x0000, 0x0000, 0x0000, 0x0000, 0x0000, 0x0000, 0x0000, 0x0000, 0x0000,
  0x0000, 0x0000, 0x0000, 0x0000, 0x0000, 0x0000, 0x0000, 0x0000, 0x0000, 0x0000, 0x0000, 0x0000,
  0x0000, 0x0000, 0x0000, 0x0000, 0x0000, 0x0000, 0x0000, 0x0000, 0x0000, 0x0000, 0x0000, 0x0000,
  0x0000, 0x0000, 0x0000, 0x0000, 0x0000, 0x0000, 0x0000, 0x0000, 0x0000, 0x0000, 0x0000, 0x0000,
  0x0000, 0x0000, 0x0000, 0x0000, 0x0000, 0x0000, 0x0000, 0x0000, 0x0000, 0x0000, 0x0000, 0x0000,
  0x0000, 0x0000, 0x0000, 0x0000, 0x0000, 0x0000, 0x0000, 0x0000, 0x0000, 0x0000, 0x0000, 0x0000,
  0x0000, 0x0000, 0x0000, 0x0000, 0x0000, 0x0000, 0x0000, 0x0000, 0x0000, 0x0000, 0x0000, 0x0000,
  0x0000, 0x0000, 0x0000, 0x0000, 0x0000, 0x0000, 0x0000, 0x0000, 0x0000, 0x0000, 0x0000, 0x0000,
  0x0000, 0x0000, 0x0800, 0x0000, 0x0000, 0x0000, 0x0000, 0x0800, 0x0000, 0x0000, 0x0000, 0x0000,
  0x0000, 0x0000, 0x0000, 0x0000, 0x0000, 0x0000, 0x0000, 0x0000, 0x0000, 0x0000, 0x0000, 0x0000,
  0x0000, 0x0000, 0x0000, 0x0000, 0x0000, 0x0000, 0x0000, 0x0000, 0x0000, 0x0000, 0x0000, 0x0000,
  0x0000, 0x0000, 0x0000, 0x0000, 0x0800, 0x0000, 0x0000, 0x0000, 0x0000, 0x0000, 0x0000, 0x0000,
  0x0000, 0x0000, 0x0000, 0x0000, 0x0000, 0x0000, 0x0000, 0x0000, 0x0000, 0x0000, 0x0000, 0x0000,
  0x0000, 0x0000, 0x0000, 0x0000, 0x0000, 0x0000, 0x0000, 0x0000, 0x0000, 0x0000, 0x0000, 0x0000,
  0x0000, 0x0000, 0x0000, 0x0000, 0x0000, 0x0000, 0x0000, 0x0000, 0x0000, 0x0000, 0x0000, 0x0000,
  0x0000, 0x0000, 0x0000, 0x0000, 0x0000, 0x0000, 0x0000, 0x0000, 0x0000, 0x0000, 0x0000, 0x0000,
  0x0000, 0x0000, 0x0000, 0x0000, 0x0000, 0x0000, 0x0000, 0x0000, 0x0000, 0x0000, 0x0000, 0x0000,
  0x0000, 0x0000, 0x0000, 0x0000, 0x0000, 0x0000, 0x0000, 0x0000, 0x0000, 0x0000, 0x0000, 0x0000,
  0x0000, 0x0000, 0x0000, 0x0000, 0x0000, 0x0000, 0x0000, 0x0000, 0x0000, 0x0000, 0x0000, 0x0000,
  0x0000, 0x0000, 0x0000, 0x0000, 0x0000, 0x0000, 0x0000, 0x0000, 0x0000, 0x0000, 0x0000, 0x0000,
  0x0000, 0x0000, 0x0000, 0x0000, 0x0000, 0x0000, 0x0000, 0x0000, 0x0000, 0x0000, 0x0000, 0x0000,
  0x0000, 0x0000, 0x0000, 0x0000, 0x0000, 0x0000, 0x0000, 0x0000, 0x0000, 0x0000, 0x0000, 0x0000,
  0x0000, 0x0000, 0x0000, 0x0000, 0x0000, 0x0000, 0x0000, 0x0000, 0x0000, 0x0000, 0x0000, 0x0000,
  0x0000, 0x0000, 0x0000, 0x0000, 0x0000, 0x0000, 0x0000, 0x0000, 0x0000, 0x0000, 0x0000, 0x0000,
  0x0000, 0x0000, 0x0000, 0x0000, 0x0000, 0x0000, 0x0000, 0x0000, 0x0000, 0x0000, 0x0000, 0x0000,
  0x0000, 0x0000, 0x0000, 0x0000, 0x0000, 0x0000, 0x0000, 0x0000, 0x0000, 0x0000, 0x0000, 0x0000,
  0x0000, 0x0000, 0x0000, 0x0000, 0x0000, 0x0000, 0x0000, 0x0000, 0x0000, 0x0000, 0x0000, 0x0000,
  0x0000, 0x0000, 0x0000, 0x0000, 0x0000, 0x0000, 0x0000, 0x0000, 0x0000, 0x0000, 0x0000, 0x0000,
  0x0000, 0x0000, 0x0000, 0x0000, 0x0000, 0x0000, 0x0000, 0x0000, 0x0000, 0x0000, 0x0000, 0x0000,
  0x0000, 0x0000, 0x0000, 0x0000, 0x0000, 0x0000, 0x0000, 0x0000, 0x0000, 0x0000, 0x0000, 0x0000,
  0x0000, 0x0000, 0x0000, 0x0000, 0x0000, 0x0000, 0x0000, 0x0000, 0x0000, 0x0000, 0x0000, 0x0000,
  0x0000, 0x0000, 0x0000, 0x0000, 0x0000, 0x0000, 0x0000, 0x0000, 0x0000, 0x0000, 0x0000, 0x0000,
  0x0000, 0x0000, 0x0000, 0x0000, 0x0000, 0x0000, 0x0000, 0x0000, 0x0000, 0x0000, 0x0000, 0x0000,
  0x0000, 0x0000, 0x0000, 0x0000, 0x0000, 0x0000, 0x0000, 0x0000, 0x0000, 0x0000, 0x0000, 0x0000,
  0x0000, 0x0000, 0x0000, 0x0000, 0x0000, 0x0000, 0x0000, 0x0000, 0x0000, 0x0000, 0x0000, 0x0000,
  0x0000, 0x0000, 0x0000, 0x0000, 0x0000, 0x0000, 0x0000, 0x0000, 0x0000, 0x0000, 0x0000, 0x0000,
  0x0000, 0x0000, 0x0000, 0x0000, 0x0000, 0x0000, 0x0000, 0x0000, 0x0000, 0x0000, 0x0000, 0x0000,
  0x0000, 0x0000, 0x0000, 0x0000, 0x0000, 0x0000, 0x0000, 0x0000, 0x0000, 0x0000, 0x0000, 0x0000,
  0x0000, 0x0000, 0x0000, 0x0000, 0x0000, 0x0000, 0x0000, 0x0000, 0x0000, 0x0000, 0x0000, 0x0000,
  0x0000, 0x0000, 0x0000, 0x0000, 0x0000, 0x0000, 0x0000, 0x0000, 0x0000, 0x0000, 0x0000, 0x0000,
  0x0000, 0x0000, 0x0000, 0x0000, 0x0000, 0x0000, 0x0000, 0x0000, 0x0000, 0x0000, 0x0000, 0x0000,
  0x0000, 0x0000, 0x0000, 0x0000, 0x0000, 0x0000, 0x0000, 0x0000, 0x0000, 0x0000, 0x0000, 0x0000,
  0x0000, 0x0000, 0x0000, 0x0000, 0x0000, 0x0000, 0x0000, 0x0000, 0x0000, 0x0000, 0x0000, 0x0000,
  0x0000, 0x0000, 0x0000, 0x0000, 0x0000, 0x0000, 0x0000, 0x0000, 0x0000, 0x0000, 0x0000, 0x0000,
  0x0000, 0x0000, 0x0000, 0x0000, 0x0000, 0x0000, 0x0000, 0x0000, 0x0000, 0x0000, 0x0000, 0x0000,
  0x0000, 0x0000, 0x0000, 0x0000, 0x0000, 0x0000, 0x0000, 0x0000, 0x0000, 0x0000, 0x0000, 0x0000,
  0x0000, 0x0000, 0x0000, 0x0000, 0x0000, 0x0000, 0x0000, 0x0000, 0x0000, 0x0000, 0x0000, 0x0000,
  0x0000, 0x0000, 0x0000, 0x0000, 0x0000, 0x0000, 0x0000, 0x0000, 0x0000, 0x0000, 0x0000, 0x0000,
  0x0000, 0x0000, 0x0000, 0x0000, 0x0000, 0x0000, 0x0000, 0x0000, 0x0000, 0x0000, 0x0000, 0x0000,
  0x0000, 0x0000, 0x0000, 0x0000, 0x0000, 0x0000, 0x0000, 0x0000, 0x0000, 0x0000, 0x0000, 0x0000,
  0x0000, 0x0000, 0x0000, 0x0000, 0x0000, 0x0000, 0x0000, 0x0000, 0x0000, 0x0000, 0x0000, 0x0000,
  0x0000, 0x0000, 0x0000, 0x0000, 0x0000, 0x0000, 0x0000, 0x0000, 0x0000, 0x0000, 0x0000, 0x0000,
  0x0000, 0x0000, 0x0000, 0x0000, 0x0000, 0x0000, 0x0000, 0x0000, 0x0000, 0x0000, 0x0000, 0x0000,
  0x0000, 0x0000, 0x0000, 0x0000, 0x0000, 0x0000, 0x0000, 0x0000, 0x0000, 0x0000, 0x0000, 0x0000,
  0x0000, 0x0000, 0x0000, 0x0000, 0x0000, 0x0000, 0x0000, 0x0000, 0x0000, 0x0000, 0x0000, 0x0000,
  0x0000, 0x0000, 0x0000, 0x0000, 0x0000, 0x0000, 0x0000, 0x0000, 0x0000, 0x0000, 0x0000, 0x0000,
  0x0000, 0x0000, 0x0000, 0x0000, 0x0000, 0x0000, 0x0000, 0x0000, 0x0000, 0x0000, 0x0000, 0x0000,
  0x0000, 0x0000, 0x0000, 0x0000, 0x0000, 0x0000, 0x0000, 0x0000, 0x0000, 0x0000, 0x0000, 0x0000,
  0x0000, 0x0000, 0x0000, 0x0000, 0x0000, 0x0000, 0x0000, 0x0000, 0x0000, 0x0000, 0x0000, 0x0000,
  0x0000, 0x0000, 0x0000, 0x0000, 0x0000, 0x0000, 0x0000, 0x0000, 0x0000, 0x0000, 0x0000, 0x0000,
  0x0000, 0x0000, 0x0000, 0x0000, 0x0000, 0x0000, 0x0000, 0x0000, 0x0000, 0x0000, 0x0000, 0x0000,
  0x0000, 0x0000, 0x0000, 0x0000, 0x0000, 0x0000, 0x0000, 0x0000, 0x0000, 0x0000, 0x0000, 0x0000,
  0x0000, 0x0000, 0x0000, 0x0000, 0x0000, 0x0000, 0x0000, 0x0000, 0x0000, 0x0000, 0x0000, 0x0000,
  0x0000, 0x0000, 0x0000, 0x0000, 0x0000, 0x0000, 0x0000, 0x0000, 0x0000, 0x0000, 0x0000, 0x0000,
  0x0000, 0x0000, 0x0000, 0x0000, 0x0000, 0x0000, 0x0000, 0x0000, 0x0000, 0x0000, 0x0000, 0x0000,
  0x0000, 0x0000, 0x0000, 0x0000, 0x0000, 0x0000, 0x0000, 0x0000, 0x0000, 0x0000, 0x0000, 0x0000,
  0x0000, 0x0000, 0x0000, 0x0000, 0x0000, 0x0000, 0x0000, 0x0000, 0x0000, 0x0000, 0x0000, 0x0000,
  0x0000, 0x0000, 0x0000, 0x0000, 0x0000, 0x0000, 0x0000, 0x0000, 0x0000, 0x0000, 0x0000, 0x0000,
  0x0000, 0x0000, 0x0000, 0x0000, 0x0000, 0x0000, 0x0000, 0x0000, 0x0000, 0x0000, 0x0000, 0x0000,
  0x0000, 0x0000, 0x0000, 0x0000, 0x0000, 0x0000, 0x0000, 0x0000, 0x0000, 0x0000, 0x0000, 0x0000,
  0x0000, 0x0000, 0x0000, 0x0000, 0x0000, 0x0000, 0x0000, 0x0000, 0x0000, 0x0000, 0x0000, 0x0000,
  0x0000, 0x0000, 0x0000, 0x0000, 0x0000, 0x0000, 0x0000, 0x0000, 0x0000, 0x0000, 0x0000, 0x0000,
  0x0000, 0x0000, 0x0000, 0x0000, 0x0000, 0x0000, 0x0000, 0x0000, 0x0000, 0x0000, 0x0000, 0x0000,
  0x0000, 0x0000, 0x0000, 0x0000, 0x0000, 0x0000, 0x0000, 0x0000, 0x0000, 0x0000, 0x0000, 0x0000,
  0x0000, 0x0000, 0x0000, 0x0000, 0x0000, 0x0000, 0x0000, 0x0000, 0x0000, 0x0000, 0x0000, 0x0000,
  0x0000, 0x0000, 0x0000, 0x0000, 0x0000, 0x0000, 0x0000, 0x0000, 0x0000, 0x0000, 0x0000, 0x0000,
  0x0000, 0x0000, 0x0000, 0x0000, 0x0000, 0x0000, 0x0000, 0x0000, 0x0000, 0x0000, 0x0000, 0x0000,
  0x0000, 0x0000, 0x0000, 0x0000, 0x0000, 0x0000, 0x0000, 0x0000, 0x0000, 0x0000, 0x0000, 0x0000,
  0x0000, 0x0000, 0x0000, 0x0000, 0x0000, 0x0000, 0x0000, 0x0000, 0x0000, 0x0000, 0x0000, 0x0000,
  0x0000, 0x0000, 0x0000, 0x0000, 0x0000, 0x0000, 0x0000, 0x0000, 0x0000, 0x0000, 0x0000, 0x0000,
  0x0000, 0x0000, 0x0000, 0x0000, 0x0000, 0x0000, 0x0000, 0x0000, 0x0000, 0x0000, 0x0000, 0x0000,
  0x0000, 0x0000, 0x0000, 0x0000, 0x0000, 0x0000, 0x0000, 0x0000, 0x0000, 0x0000, 0x0000, 0x0000,
  0x0000, 0x0000, 0x0000, 0x0000, 0x0000, 0x0000, 0x0000, 0x0000, 0x0000, 0x0000, 0x0000, 0x0000,
  0x0000, 0x0000, 0x0000, 0x0000, 0x0000, 0x0000, 0x0000, 0x0000, 0x0000, 0x0000, 0x0000, 0x0000,
  0x0000, 0x0000, 0x0000, 0x0000, 0x0000, 0x0000, 0x0000, 0x0000, 0x0000, 0x0000, 0x0000, 0x0000,
  0x0000, 0x0000, 0x0000, 0x0000, 0x0000, 0x0000, 0x0000, 0x0000, 0x0000, 0x0000, 0x0000, 0x0000,
  0x0000, 0x0000, 0x0000, 0x0000, 0x0000, 0x0000, 0x0000, 0x0000, 0x0000, 0x0000, 0x0000, 0x0000,
  0x0000, 0x0000, 0x0000, 0x0000, 0x0000, 0x0000, 0x0000, 0x0000, 0x0000, 0x0000, 0x0000, 0x0000,
  0x0000, 0x0000, 0x0000, 0x0000, 0x0000, 0x0000, 0x0000, 0x0000, 0x0000, 0x0000, 0x0000, 0x0000,
  0x0000, 0x0000, 0x0000, 0x0000, 0x0000, 0x0000, 0x0000, 0x0000, 0x0000, 0x0000, 0x0000, 0x0000,
  0x0000, 0x0000, 0x0000, 0x0000, 0x0000, 0x0000, 0x0000, 0x0000, 0x0000, 0x0000, 0x0000, 0x0000,
  0x0000, 0x0000, 0x0000, 0x0000, 0x0000, 0x0000, 0x0000, 0x0000, 0x0000, 0x0000, 0x0000, 0x0000,
  0x0000, 0x0000, 0x0000, 0x0000, 0x0000, 0x0000, 0x0000, 0x0000, 0x0000, 0x0000, 0x0000, 0x0000,
  0x0000, 0x0000, 0x0000, 0x0000, 0x0000, 0x0000, 0x0000, 0x0000, 0x0000, 0x0000, 0x0000, 0x0000,
  0x0000, 0x0000, 0x0000, 0x0000, 0x0000, 0x0000, 0x0000, 0x0000, 0x0000, 0x0000, 0x0000, 0x0000,
  0x0000, 0x0000, 0x0000, 0x0000, 0x0000, 0x0000, 0x0000, 0x0000, 0x0000, 0x0000, 0x0000, 0x0000,
  0x0000, 0x0000, 0x0000, 0x0000, 0x0000, 0x0000, 0x0000, 0x0000, 0x0000, 0x0000, 0x0000, 0x0000,
  0x0000, 0x0000, 0x0000, 0x0000, 0x0000, 0x0000, 0x0000, 0x0000, 0x0000, 0x0000, 0x0000, 0x0000,
  0x0000, 0x0000, 0x0000, 0x0000, 0x0000, 0x0000, 0x0000, 0x0000, 0x0000, 0x0000, 0x0000, 0x0000,
  0x0000, 0x0000, 0x0000, 0x0000, 0x0000, 0x0000, 0x0000, 0x0000, 0x0000, 0x0000, 0x0000, 0x0000,
  0x0000, 0x0000, 0x0000, 0x0000, 0x0000, 0x0000, 0x0000, 0x0000, 0x0000, 0x0000, 0x0000, 0x0000,
  0x0000, 0x0000, 0x0000, 0x0000, 0x0000, 0x0000, 0x0000, 0x0000, 0x0000, 0x0000, 0x0000, 0x0000,
  0x0000, 0x0000, 0x0000, 0x0000, 0x0000, 0x0000, 0x0000, 0x0000, 0x0000, 0x0000, 0x0000, 0x0000,
  0x0000, 0x0000, 0x0000, 0x0000, 0x0000, 0x0000, 0x0000, 0x0000, 0x0000, 0x0000, 0x0000, 0x0000,
  0x0000, 0x0000, 0x0000, 0x0000, 0x0000, 0x0000, 0x0000, 0x0000, 0x0000, 0x0000, 0x0000, 0x0000,
  0x0000, 0x0000, 0x0000, 0x0000, 0x0000, 0x0000, 0x0000, 0x0000, 0x0000, 0x0000, 0x0000, 0x0000,
  0x0000, 0x0000, 0x0000, 0x0000, 0x0000, 0x0000, 0x0000, 0x0000, 0x0000, 0x0000, 0x0000, 0x0000,
  0x0000, 0x0000, 0x0000, 0x0000, 0x0000, 0x0000, 0x0000, 0x0000, 0x0000, 0x0000, 0x0000, 0x0000,
  0x0000, 0x0000, 0x0000, 0x0000, 0x0000, 0x0000, 0x0000, 0x0000, 0x0000, 0x0000, 0x0000, 0x0000,
  0x0000, 0x0000, 0x0000, 0x0000, 0x0000, 0x0000, 0x0000, 0x0000, 0x0000, 0x0000, 0x0000, 0x0000,
  0x0000, 0x0000, 0x0000, 0x0000, 0x0000, 0x0000, 0x0000, 0x0000, 0x0000, 0x0000, 0x0000, 0x0000,
  0x0000, 0x0000, 0x0000, 0x0000, 0x0000, 0x0000, 0x0000, 0x0000, 0x0000, 0x0000, 0x0000, 0x0000,
  0x0000, 0x0000, 0x0000, 0x0000, 0x0000, 0x0000, 0x0000, 0x0000, 0x0000, 0x0000, 0x0000, 0x0000,
  0x0000, 0x0000, 0x0000, 0x0000, 0x0000, 0x0000, 0x0000, 0x0000, 0x0000, 0x0000, 0x0000, 0x0000,
  0x0000, 0x0000, 0x0000, 0x0000, 0x0000, 0x0000, 0x0000, 0x0000, 0x0000, 0x0000, 0x0000, 0x0000,
  0x0000, 0x0000, 0x0000, 0x0000, 0x0000, 0x0000, 0x0000, 0x0000, 0x0000, 0x0000, 0x0000, 0x0000,
  0x0000, 0x0000, 0x0000, 0x0000, 0x0000, 0x0000, 0x0000, 0x0000, 0x0000, 0x0000, 0x0000, 0x0000,
  0x0000, 0x0000, 0x0000, 0x0000, 0x0000, 0x0000, 0x0000, 0x0000, 0x0000, 0x0000, 0x0000, 0x0000,
  0x0000, 0x0000, 0x0000, 0x0000, 0x0000, 0x0000, 0x0000, 0x0000, 0x0000, 0x0000, 0x0000, 0x0000,
  0x0000, 0x0000, 0x0000, 0x0000, 0x0000, 0x0000, 0x0000, 0x0000, 0x0000, 0x0000, 0x0000, 0x0000,
  0x0000, 0x0000, 0x0000, 0x0000, 0x0000, 0x0000, 0x0000, 0x0000, 0x0000, 0x0000, 0x0000, 0x0000,
  0x0000, 0x0000, 0x0000, 0x0000, 0x0000, 0x0000, 0x0000, 0x0000, 0x0000, 0x0000, 0x0000, 0x0000,
  0x0000, 0x0000, 0x0000, 0x0000, 0x0000, 0x0000, 0x0000, 0x0000, 0x0000, 0x0000, 0x0000, 0x0000,
  0x0000, 0x0000, 0x0000, 0x0000, 0x0000, 0x0000, 0x0000, 0x0000, 0x0000, 0x0000, 0x0000, 0x0000,
  0x0000, 0x0000, 0x0000, 0x0000, 0x0000, 0x0000, 0x0000, 0x0000, 0x0000, 0x0000, 0x0000, 0x0000,
  0x0000, 0x0000, 0x0000, 0x0000, 0x0000, 0x0000, 0x0000, 0x0000, 0x0000, 0x0000, 0x0000, 0x0000,
  0x0000, 0x0000, 0x0000, 0x0000, 0x0000, 0x0000, 0x0000, 0x0000, 0x0000, 0x0000, 0x0000, 0x0000,
  0x0000, 0x0000, 0x0000, 0x0000, 0x0000, 0x0000, 0x0000, 0x0000, 0x0000, 0x0000, 0x0000, 0x0000,
  0x0000, 0x0000, 0x0000, 0x0000, 0x0000, 0x0000, 0x0000, 0x0000, 0x0000, 0x0000, 0x0000, 0x0000,
  0x0000, 0x0000, 0x0000, 0x0000, 0x0000, 0x0000, 0x0000, 0x0000, 0x0000, 0x0000, 0x0000, 0x0000,
  0x0000, 0x0000, 0x0000, 0x0000, 0x0000, 0x0000, 0x0000, 0x0000, 0x0000, 0x0000, 0x0000, 0x0000,
  0x0000, 0x0000, 0x0000, 0x0000, 0x0000, 0x0000, 0x0000, 0x0000, 0x0000, 0x0000, 0x0000, 0x0000,
  0x0000, 0x0000, 0x0000, 0x0000, 0x0000, 0x0000, 0x0000, 0x0000, 0x0000, 0x0000, 0x0000, 0x0000,
  0x0000, 0x0000, 0x0000, 0x0000, 0x0000, 0x0000, 0x0000, 0x0000, 0x0000, 0x0000, 0x0000, 0x0000,
  0x0000, 0x0000, 0x0000, 0x0000, 0x0000, 0x0000, 0x0000, 0x0000, 0x0000, 0x0000, 0x0000, 0x0000,
  0x0000, 0x0000, 0x0000, 0x0000, 0x0000, 0x0000, 0x0000, 0x0000, 0x0000, 0x0000, 0x0000, 0x0000,
  0x0000, 0x0000, 0x0000, 0x0000, 0x0000, 0x0000, 0x0000, 0x0000, 0x0000, 0x0000, 0x0000, 0x0000,
  0x0000, 0x0000, 0x0000, 0x0000, 0x0000, 0x0000, 0x0000, 0x0000, 0x0000, 0x0000, 0x0000, 0x0000,
  0x0000, 0x0000, 0x0000, 0x0000, 0x0000, 0x0000, 0x0000, 0x0000, 0x0000, 0x0000, 0x0000, 0x0000,
  0x0000, 0x0000, 0x0000, 0x0000, 0x0000, 0x0000, 0x0000, 0x0000, 0x0000, 0x0000, 0x0000, 0x0000,
  0x0000, 0x0000, 0x0000, 0x0000, 0x0000, 0x0000, 0x0000, 0x0000, 0x0000, 0x0000, 0x0000, 0x0000,
  0x0000, 0x0000, 0x0000, 0x0000, 0x0000, 0x0000, 0x0000, 0x0000, 0x0000, 0x0000, 0x0000, 0x0000,
  0x0000, 0x0000, 0x0000, 0x0000, 0x0000, 0x0000, 0x0000, 0x0000, 0x0000, 0x0000, 0x0000, 0x0000,
  0x0000, 0x0000, 0x0000, 0x0000, 0x0000, 0x0000, 0x0000, 0x0000, 0x0000, 0x0000, 0x0000, 0x0000,
  0x0000, 0x0000, 0x0000, 0x0000, 0x0000, 0x0000, 0x0000, 0x0000, 0x0000, 0x0000, 0x0000, 0x0000,
  0x0000, 0x0000, 0x0000, 0x0000, 0x0000, 0x0000, 0x0000, 0x0000, 0x0000, 0x0000, 0x0000, 0x0000,
  0x0000, 0x0000, 0x0000, 0x0000, 0x0000, 0x0000, 0x0000, 0x0000, 0x0000, 0x0000, 0x0000, 0x0000,
  0x0000, 0x0000, 0x0000, 0x0000, 0x0000, 0x0000, 0x0000, 0x0000, 0x0000, 0x0000, 0x0000, 0x0000,
  0x0000, 0x0000, 0x0000, 0x0000, 0x0000, 0x0000, 0x0000, 0x0000, 0x0000, 0x0000, 0x0000, 0x0000,
  0x0000, 0x0000, 0x0000, 0x0000, 0x0000, 0x0000, 0x0000, 0x0000, 0x0000, 0x0000, 0x0000, 0x0000,
  0x0000, 0x0000, 0x0000, 0x0000, 0x0000, 0x0000, 0x0000, 0x0000, 0x0000, 0x0000, 0x0000, 0x0000,
  0x0000, 0x0000, 0x0000, 0x0000, 0x0000, 0x0000, 0x0000, 0x0000, 0x0000, 0x0000, 0x0000, 0x0000,
  0x0000, 0x0000, 0x0000, 0x0000, 0x0000, 0x0000, 0x0000, 0x0000, 0x0000, 0x0000, 0x0000, 0x0000,
  0x0000, 0x0000, 0x0000, 0x0000, 0x0000, 0x0000, 0x0000, 0x0000, 0x0000, 0x0000, 0x0000, 0x0000,
  0x0000, 0x0000, 0x0000, 0x0000, 0x0000, 0x0000, 0x0000, 0x0000, 0x0000, 0x0000, 0x0000, 0x0000,
  0x0000, 0x0000, 0x0000, 0x0000, 0x0000, 0x0000, 0x0000, 0x0000, 0x0000, 0x0000, 0x0000, 0x0000,
  0x0000, 0x0000, 0x0000, 0x0000, 0x0000, 0x0000, 0x0000, 0x0000, 0x0000, 0x0000, 0x0000, 0x0000,
  0x0000, 0x0000, 0x0000, 0x0000, 0x0000, 0x0000, 0x0000, 0x0000, 0x0000, 0x0000, 0x0000, 0x0000,
  0x0000, 0x0000, 0x0000, 0x0000, 0x0000, 0x0000, 0x0000, 0x0000, 0x0000, 0x0000, 0x0000, 0x0000,
  0x0000, 0x0000, 0x0000, 0x0000, 0x0000, 0x0000, 0x0000, 0x0000, 0x0000, 0x0000, 0x0000, 0x0000,
  0x0000, 0x0000, 0x0000, 0x0000, 0x0000, 0x0000, 0x0000, 0x0000, 0x0000, 0x0000, 0x0000, 0x0000,
  0x0000, 0x0000, 0x0000, 0x0000, 0x0000, 0x0000, 0x0000, 0x0000, 0x0000, 0x0000, 0x0000, 0x0000,
  0x0000, 0x0000, 0x0000, 0x0000, 0x0000, 0x0000, 0x0000, 0x0000, 0x0000, 0x0000, 0x0000, 0x0000,
  0x0000, 0x0000, 0x0000, 0x0000, 0x0000, 0x0000, 0x0000, 0x0000, 0x0000, 0x0000, 0x0000, 0x0000,
  0x0000, 0x0000, 0x0000, 0x0000, 0x0000, 0x0000, 0x0000, 0x0000, 0x0000, 0x0000, 0x0000, 0x0000,
  0x0000, 0x0000, 0x0000, 0x0000, 0x0000, 0x0000, 0x0000, 0x0000, 0x0000, 0x0000, 0x0000, 0x0000,
  0x0000, 0x0000, 0x0000, 0x0000, 0x0000, 0x0000, 0x0000, 0x0000, 0x0000, 0x0000, 0x0000, 0x0000,
  0x0000, 0x0000, 0x0000, 0x0000, 0x0000, 0x0000, 0x0000, 0x0000, 0x0000, 0x0000, 0x0000, 0x0000,
  0x0000, 0x0000, 0x0000, 0x0000, 0x0000, 0x0000, 0x0000, 0x0000, 0x0000, 0x0000, 0x0000, 0x0000,
  0x0000, 0x0000, 0x0000, 0x0000, 0x0000, 0x0000, 0x0000, 0x0000, 0x0000, 0x0000, 0x0000, 0x0000,
  0x0000, 0x0000, 0x0000, 0x0000, 0x0000, 0x0000, 0x0000, 0x0000, 0x0000, 0x0000, 0x0000, 0x0000,
  0x0000, 0x0000, 0x0000, 0x0000, 0x0000, 0x0000, 0x0000, 0x0000, 0x0000, 0x0000, 0x0000, 0x0000,
  0x0000, 0x0000, 0x0000, 0x0000, 0x0000, 0x0000, 0x0000, 0x0000, 0x0000, 0x0000, 0x0000, 0x0000,
  0x0000, 0x0000, 0x0000, 0x0000, 0x0000, 0x0000, 0x0000, 0x0000, 0x0000, 0x0000, 0x0000, 0x0000,
  0x0000, 0x0000, 0x0000, 0x0000, 0x0000, 0x0000, 0x0000, 0x0000, 0x0000, 0x0000, 0x0000, 0x0000,
  0x0000, 0x0000, 0x0000, 0x0000, 0x0000, 0x0000, 0x0000, 0x0000, 0x0000, 0x0000, 0x0000, 0x0000,
  0x0000, 0x0000, 0x0000, 0x0000, 0x0000, 0x0000, 0x0000, 0x0000, 0x0000, 0x0000, 0x0000, 0x0000,
  0x0000, 0x0000, 0x0000, 0x0000, 0x0000, 0x0000, 0x0000, 0x0000, 0x0000, 0x0000, 0x0000, 0x0000,
  0x0000, 0x0000, 0x0000, 0x0000, 0x0000, 0x0000, 0x0000, 0x0000, 0x0000, 0x0000, 0x0000, 0x0000,
  0x0000, 0x0000, 0x0000, 0x0000, 0x0000, 0x0000, 0x0000, 0x0000, 0x0000, 0x0000, 0x0000, 0x0000,
  0x0000, 0x0000, 0x0000, 0x0000, 0x0000, 0x0000, 0x0000, 0x0000, 0x0000, 0x0000, 0x0000, 0x0000,
  0x0000, 0x0000, 0x0000, 0x0000, 0x0000, 0x0000, 0x0000, 0x0000, 0x0000, 0x0000, 0x0000, 0x0000,
  0x0000, 0x0000, 0x0000, 0x0000, 0x0000, 0x0000, 0x0000, 0x0000, 0x0000, 0x0000, 0x0000, 0x0000,
  0x0000, 0x0000, 0x0000, 0x0000, 0x0000, 0x0000, 0x0000, 0x0000, 0x0000, 0x0000, 0x0000, 0x0000,
  0x0000, 0x0000, 0x0000, 0x0000, 0x0000, 0x0000, 0x0000, 0x0000, 0x0000, 0x0000, 0x0000, 0x0000,
  0x0000, 0x0000, 0x0000, 0x0000, 0x0000, 0x0000, 0x0000, 0x0000, 0x0000, 0x0000, 0x0000, 0x0000,
  0x0000, 0x0000, 0x0000, 0x0000, 0x0000, 0x0000, 0x0000, 0x0000, 0x0000, 0x0000, 0x0000, 0x0000,
  0x0000, 0x0000, 0x0000, 0x0000, 0x0000, 0x0000, 0x0000, 0x0000, 0x0000, 0x0000, 0x0000, 0x0000,
  0x0000, 0x0000, 0x0000, 0x0000, 0x0000, 0x0000, 0x0000, 0x0000, 0x0000, 0x0000, 0x0000, 0x0000,
  0x0000, 0x0000, 0x0000, 0x0000, 0x0000, 0x0000, 0x0000, 0x0000, 0x0000, 0x0000, 0x0000, 0x0000,
  0x0000, 0x0000, 0x0000, 0x0000, 0x0000, 0x0000, 0x0000, 0x0000, 0x0000, 0x0000, 0x0000, 0x0000,
  0x0000, 0x0000, 0x0000, 0x0000, 0x0000, 0x0000, 0x0000, 0x0000, 0x0000, 0x0000, 0x0000, 0x0000,
  0x0000, 0x0000, 0x0000, 0x0000, 0x0000, 0x0000, 0x0000, 0x0000, 0x0000, 0x0000, 0x0000, 0x0000,
  0x0000, 0x0000, 0x0000, 0x0000, 0x0000, 0x0000, 0x0000, 0x0000, 0x0000, 0x0000, 0x0000, 0x0000,
  0x0000, 0x0000, 0x0000, 0x0000, 0x0000, 0x0000, 0x0000, 0x0000, 0x0000, 0x0000, 0x0000, 0x0000,
  0x0000, 0x0000, 0x0000, 0x0000, 0x0000, 0x0000, 0x0000, 0x0000, 0x0000, 0x0000, 0x0000, 0x0000,
  0x0000, 0x0000, 0x0000, 0x0000, 0x0000, 0x0000, 0x0000, 0x0000, 0x0000, 0x0000, 0x0000, 0x0000,
  0x0000, 0x0000, 0x0000, 0x0000, 0x0000, 0x0000, 0x0000, 0x0000, 0x0000, 0x0000, 0x0000, 0x0000,
  0x0000, 0x0000, 0x0000, 0x0000, 0x0000, 0x0000, 0x0000, 0x0000, 0x0000, 0x0000, 0x0000, 0x0000,
  0x0000, 0x0000, 0x0000, 0x0000, 0x0000, 0x0000, 0x0000, 0x0000, 0x0000, 0x0000, 0x0000, 0x0000,
  0x0000, 0x0000, 0x0000, 0x0000, 0x0000, 0x0000, 0x0000, 0x0000, 0x0000, 0x0000, 0x0000, 0x0000,
  0x0000, 0x0000, 0x0000, 0x0000, 0x0000, 0x0000, 0x0000, 0x0000, 0x0000, 0x0000, 0x0000, 0x0000,
  0x0000, 0x0000, 0x0000, 0x0000, 0x0000, 0x0000, 0x0000, 0x0000, 0x0000, 0x0000, 0x0000, 0x0000,
  0x0000, 0x0000, 0x0000, 0x0000, 0x0000, 0x0000, 0x0000, 0x0000, 0x0000, 0x0000, 0x0000, 0x0000,
  0x0000, 0x0000, 0x0000, 0x0000, 0x0000, 0x0000, 0x0000, 0x0000, 0x0000, 0x0000, 0x0000, 0x0000,
  0x0000, 0x0000, 0x0000, 0x0000, 0x0000, 0x0000, 0x0000, 0x0000, 0x0000, 0x0000, 0x0000, 0x0000,
  0x0000, 0x0000, 0x0000, 0x0000, 0x0000, 0x0000, 0x0000, 0x0000, 0x0000, 0x0000, 0x0000, 0x0000,
  0x0000, 0x0000, 0x0000, 0x0000, 0x0000, 0x0000, 0x0000, 0x0000, 0x0000, 0x0000, 0x0000, 0x0000,
  0x0000, 0x0000, 0x0000, 0x0000, 0x0000, 0x0000, 0x0000, 0x0000, 0x0000, 0x0000, 0x0000, 0x0000,
  0x0000, 0x0000, 0x0000, 0x0000, 0x0000, 0x0000, 0x0000, 0x0000, 0x0000, 0x0000, 0x0000, 0x0000,
  0x0000, 0x0000, 0x0000, 0x0000, 0x0000, 0x0000, 0x0000, 0x0000, 0x0000, 0x0000, 0x0000, 0x0000,
  0x0000, 0x0000, 0x0000, 0x0000, 0x0000, 0x0000, 0x0000, 0x0000, 0x0000, 0x0000, 0x0000, 0x0000,
  0x0000, 0x0000, 0x0000, 0x0000, 0x0000, 0x0000, 0x0000, 0x0000, 0x0000, 0x0000, 0x0000, 0x0000,
  0x0000, 0x0000, 0x0000, 0x0000, 0x0000, 0x0000, 0x0000, 0x0000, 0x0000, 0x0000, 0x0000, 0x0000,
  0x0000, 0x0000, 0x0000, 0x0000, 0x0000, 0x0000, 0x0000, 0x0000, 0x0000, 0x0000, 0x0000, 0x0000,
  0x0000, 0x0000, 0x0000, 0x0000, 0x0000, 0x0000, 0x0000, 0x0000, 0x0000, 0x0000, 0x0000, 0x0000,
  0x0000, 0x0000, 0x0000, 0x0000, 0x0000, 0x0000, 0x0000, 0x0000, 0x0000, 0x0000, 0x0000, 0x0000,
  0x0000, 0x0000, 0x0000, 0x0000, 0x0000, 0x0000, 0x0000, 0x0000, 0x0000, 0x0000, 0x0000, 0x0000,
  0x0000, 0x0000, 0x0000, 0x0000, 0x0000, 0x0000, 0x0000, 0x0000, 0x0000, 0x0000, 0x0000, 0x0000,
  0x0000, 0x0000, 0x0000, 0x0000, 0x0000, 0x0000, 0x0000, 0x0000, 0x0000, 0x0000, 0x0000, 0x0000,
  0x0000, 0x0000, 0x0000, 0x0000, 0x0000, 0x0000, 0x0000, 0x0000, 0x0000, 0x0000, 0x0000, 0x0000,
  0x0000, 0x0000, 0x0000, 0x0000, 0x0000, 0x0000, 0x0000, 0x0000, 0x0000, 0x0000, 0x0000, 0x0000,
  0x0000, 0x0000, 0x0000, 0x0000, 0x0000, 0x0000, 0x0000, 0x0000, 0x0000, 0x0000, 0x0000, 0x0000,
  0x0000, 0x0000, 0x0000, 0x0000, 0x0000, 0x0000, 0x0000, 0x0000, 0x0000, 0x0000, 0x0000, 0x0000,
  0x0000, 0x0000, 0x0000, 0x0000, 0x0000, 0x0000, 0x0000, 0x0000, 0x0000, 0x0000, 0x0000, 0x0000,
  0x0000, 0x0000, 0x0000, 0x0000, 0x0000, 0x0000, 0x0000, 0x0000, 0x0000, 0x0000, 0x0000, 0x0000,
  0x0000, 0x0000, 0x0000, 0x0000, 0x0000, 0x0000, 0x0000, 0x0000, 0x0000, 0x0000, 0x0000, 0x0000,
  0x0000, 0x0000, 0x0000, 0x0000, 0x0000, 0x0000, 0x0000, 0x0000, 0x0000, 0x0000, 0x0000, 0x0000,
  0x0000, 0x0000, 0x0000, 0x0000, 0x0000, 0x0000, 0x0000, 0x0000, 0x0000, 0x0000, 0x0000, 0x0000,
  0x0000, 0x0000, 0x0000, 0x0000, 0x0000, 0x0000, 0x0000, 0x0000, 0x0000, 0x0000, 0x0000, 0x0000,
  0x0000, 0x0000, 0x0000, 0x0000, 0x0000, 0x0000, 0x0000, 0x0000, 0x0000, 0x0000, 0x0000, 0x0000,
  0x0000, 0x0000, 0x0000, 0x0000, 0x0000, 0x0000, 0x0000, 0x0000, 0x0000, 0x0000, 0x0000, 0x0000,
  0x0000, 0x0000, 0x0000, 0x0000, 0x0000, 0x0000, 0x0000, 0x0000, 0x0000, 0x0000, 0x0000, 0x0000,
  0x0000, 0x0000, 0x0000, 0x0000, 0x0000, 0x0000, 0x0000, 0x0000, 0x0000, 0x0000, 0x0000, 0x0000,
  0x0000, 0x0000, 0x0000, 0x0000, 0x0000, 0x0000, 0x0000, 0x0000, 0x0000, 0x0000, 0x0000, 0x0000,
  0x0000, 0x0000, 0x0000, 0x0000, 0x0000, 0x0000, 0x0000, 0x0000, 0x0000, 0x0000, 0x0000, 0x0000,
  0x0000, 0x0000, 0x0000, 0x0000, 0x0000, 0x0000, 0x0000, 0x0000, 0x0000, 0x0000, 0x0000, 0x0000,
  0x0000, 0x0000, 0x0000, 0x0000, 0x0000, 0x0000, 0x0000, 0x0000, 0x0000, 0x0000, 0x0000, 0x0000,
  0x0000, 0x0000, 0x0000, 0x0000, 0x0000, 0x0000, 0x0000, 0x0000, 0x0000, 0x0000, 0x0000, 0x0000,
  0x0000, 0x0000, 0x0000, 0x0000, 0x0000, 0x0000, 0x0000, 0x0000, 0x0000, 0x0000, 0x0000, 0x0000,
  0x0000, 0x0000, 0x0000, 0x0000, 0x0000, 0x0000, 0x0000, 0x0000, 0x0000, 0x0000, 0x0000, 0x0000,
  0x0000, 0x0000, 0x0000, 0x0000, 0x0000, 0x0000, 0x0000, 0x0000, 0x0000, 0x0000, 0x0000, 0x0000,
  0x0000, 0x0000, 0x0000, 0x0000, 0x0000, 0x0000, 0x0000, 0x0000, 0x0000, 0x0000, 0x0000, 0x0000,
  0x0000, 0x0000, 0x0000, 0x0000, 0x0000, 0x0000, 0x0000, 0x0000, 0x0000, 0x0000, 0x0000, 0x0000,
  0x0000, 0x0000, 0x0000, 0x0000, 0x0000, 0x0000, 0x0000, 0x0000, 0x0000, 0x0000, 0x0000, 0x0000,
  0x0000, 0x0000, 0x0000, 0x0000, 0x0000, 0x0000, 0x0000, 0x0000, 0x0000, 0x0000, 0x0000, 0x0000,
  0x0000, 0x0000, 0x0000, 0x0000, 0x0000, 0x0000, 0x0000, 0x0000, 0x0000, 0x0000, 0x0000, 0x0000,
  0x0000, 0x0000, 0x0000, 0x0000, 0x0000, 0x0000, 0x0000, 0x0000, 0x0000, 0x0000, 0x0000, 0x0000,
  0x0000, 0x0000, 0x0000, 0x0000, 0x0000, 0x0000, 0x0000, 0x0000, 0x0000, 0x0000, 0x0000, 0x0000,
  0x0000, 0x0000, 0x0000, 0x0000, 0x0000, 0x0000, 0x0000, 0x0000, 0x0000, 0x0000, 0x0000, 0x0000,
  0x0000, 0x0000, 0x0000, 0x0000, 0x0000, 0x0000, 0x0000, 0x0000, 0x0000, 0x0000, 0x0000, 0x0000,
  0x0000, 0x0000, 0x0000, 0x0000, 0x0000, 0x0000, 0x0000, 0x0000, 0x0000, 0x0000, 0x0000, 0x0000,
  0x0000, 0x0000, 0x0000, 0x0000, 0x0000, 0x0000, 0x0000, 0x0000, 0x0000, 0x0000, 0x0000, 0x0000,
  0x0000, 0x0000, 0x0000, 0x0000, 0x0000, 0x0000, 0x0000, 0x0000, 0x0000, 0x0000, 0x0000, 0x0000,
  0x0000, 0x0000, 0x0000, 0x0000, 0x0000, 0x0000, 0x0000, 0x0000, 0x0000, 0x0000, 0x0000, 0x0000,
  0x0000, 0x0000, 0x0000, 0x0000, 0x0000, 0x0000, 0x0000, 0x0000, 0x0000, 0x0000, 0x0000, 0x0000,
  0x0000, 0x0000, 0x0000, 0x0000, 0x0000, 0x0000, 0x0000, 0x0000, 0x0000, 0x0000, 0x0000, 0x0000,
  0x0000, 0x0000, 0x0000, 0x0000, 0x0000, 0x0000, 0x0000, 0x0000, 0x0000, 0x0000, 0x0000, 0x0000,
  0x0000, 0x0000, 0x0000, 0x0000, 0x0000, 0x0000, 0x0000, 0x0000, 0x0000, 0x0000, 0x0000, 0x0000,
  0x0000, 0x0000, 0x0000, 0x0000, 0x0000, 0x0000, 0x0000, 0x0000, 0x0000, 0x0000, 0x0000, 0x0000,
  0x0000, 0x0000, 0x0000, 0x0000, 0x0000, 0x0000, 0x0000, 0x0000, 0x0000, 0x0000, 0x0000, 0x0000,
  0x0000, 0x0000, 0x0000, 0x0000, 0x0000, 0x0000, 0x0000, 0x0000, 0x0000, 0x0000, 0x0000, 0x0000,
  0x0000, 0x0000, 0x0000, 0x0000, 0x0000, 0x0000, 0x0000, 0x0000, 0x0000, 0x0000, 0x0000, 0x0000,
  0x0000, 0x0000, 0x0000, 0x0000, 0x0000, 0x0000, 0x0000, 0x0000, 0x0000, 0x0000, 0x0000, 0x0000,
  0x0000, 0x0000, 0x0000, 0x0000, 0x0000, 0x0000, 0x0000, 0x0000, 0x0000, 0x0000, 0x0000, 0x0000,
  0x0000, 0x0000, 0x0000, 0x0000, 0x0000, 0x0000, 0x0000, 0x0000, 0x0000, 0x0000, 0x0000, 0x0000,
  0x0000, 0x0000, 0x0000, 0x0000, 0x0000, 0x0000, 0x0000, 0x0000, 0x0000, 0x0000, 0x0000, 0x0000,
  0x0000, 0x0000, 0x0000, 0x0000, 0x0000, 0x0000, 0x0000, 0x0000, 0x0000, 0x0000, 0x0000, 0x0000,
  0x0000, 0x0000, 0x0000, 0x0000, 0x0000, 0x0000, 0x0000, 0x0000, 0x0000, 0x0000, 0x0000, 0x0000,
  0x0000, 0x0000, 0x0000, 0x0000, 0x0000, 0x0000, 0x0000, 0x0000, 0x0000, 0x0000, 0x0000, 0x0000,
  0x0000, 0x0000, 0x0000, 0x0000, 0x0000, 0x0000, 0x0000, 0x0000, 0x0000, 0x0000, 0x0000, 0x0000,
  0x0000, 0x0000, 0x0000, 0x0000, 0x0000, 0x0000, 0x0000, 0x0000, 0x0000, 0x0000, 0x0000, 0x0000,
  0x0000, 0x0000, 0x0000, 0x0000, 0x0000, 0x0000, 0x0000, 0x0000, 0x0000, 0x0000, 0x0000, 0x0000,
  0x0000, 0x0000, 0x0000, 0x0000, 0x0000, 0x0000, 0x0000, 0x0000, 0x0000, 0x0000, 0x0000, 0x0000,
  0x0000, 0x0000, 0x0000, 0x0000, 0x0000, 0x0000, 0x0000, 0x0000, 0x0000, 0x0000, 0x0000, 0x0000,
  0x0000, 0x0000, 0x0000, 0x0000, 0x0000, 0x0000, 0x0000, 0x0000, 0x0000, 0x0000, 0x0000, 0x0000,
  0x0000, 0x0000, 0x0000, 0x0000, 0x0000, 0x0000, 0x0000, 0x0000, 0x0000, 0x0000, 0x0000, 0x0000,
  0x0000, 0x0000, 0x0000, 0x0000, 0x0000, 0x0000, 0x0000, 0x0000, 0x0000, 0x0000, 0x0000, 0x0000,
  0x0000, 0x0000, 0x0000, 0x0000
};

#endif